KokSam, 1: 1;1 1;saudhe tuṅge saha dayitayā ko .pi saṃkrīḍamānaḥ prāpa svāpaṃ paramapuruṣaḥ śeṣabhoge śriyeva |;
KokSam, 1: 1;1 2;citrā daivī gatiriyamasau śailajāmaṇḍitāyāṃ kāñcyāṃ kampātaṭabhuvi tayānanvito budhyate sma ||;
KokSam, 1: 1;2 1;tvāmāninyuḥ subhaga śayitaṃ līlayā nīlakeśyo draṣṭuṃ devaṃ varuṇapurataḥ saṃpatantyo vimānaiḥ |;
KokSam, 1: 1;2 2;atrāmuñcannapi bhagavatīkiṅkaroktyā saśaṅkāḥ śuśrāvetthaṃ sa punaravapuḥsaṅgrahāṃ vyomni vāṇīm ||;
KokSam, 1: 1;3 1;kṣetre cāsmin sakalavipadāṃ bhañjane pañca māsān āsīthāścet priyajanaviyogārtirūrdhvaṃ na te syāt |;
KokSam, 1: 1;3 2;ākarṇyemāṃ punariti tathā saiṣa cakre nivāsaṃ kleśo bhūyānapi bahumataḥ ślāghyate cedudarkaḥ ||;
KokSam, 1: 1;4 1;tatra dvitrān priyasahacarīviprayogātidīrghān kāmārto .yaṃ śivaśiva samullaṅghya māsān kathañcit |;
KokSam, 1: 1;4 2;caitrārambhe samuditamadhuśrīkaṭākṣābhirāmaṃ cūtāṅkūrāsvadanarasikaṃ kokilaṃ saṃdadarśa ||;
KokSam, 1: 1;5 1;taṃ kūjantaṃ kalamadhurayā pañcamasvānabhaṅgyā kāntālāpasmaraṇavivaśaḥ kiṃcidārādupetya |;
KokSam, 1: 1;5 2;dattvā netrāñjalipuṭabhṛtairarghyamaśrupravāhair jātāśvāsaḥ sphuṭamiti girā śrāvyayā saṃdideśa ||;
KokSam, 1: 1;6 1;atrāyāhi priyasakha nanu svāgataṃ paśya pārśve pratyagrodyanmadhurasakaṇasvedinīṃ cūtavallīm |;
KokSam, 1: 1;6 2;tvatsamparkaṃ subhaga niyataṃ kāṅkṣate .sau vilolā lolambākṣī calakisalayairāhvayantī sarāgā ||;
KokSam, 1: 1;7 1;antastoṣaṃ mama vitanuṣe hanta jāne bhavantaṃ skandhāvāraprathamasubhaṭaṃ pañcabāṇasya rājñaḥ |;
KokSam, 1: 1;7 2;kūjāvyājāddhitamupadiśan kokilāvyājabandho kāntaiḥ sākaṃ nanu ghaṭayase kāminīrmānabhājaḥ ||;
KokSam, 1: 1;8 1;vācālaṃ mā parabhṛta kṛthā māṃ priyāviprayuktaṃ prāyaḥ prāptaṃ praṇayavacanaṃ tvādṛśe mādṛśānām |;
KokSam, 1: 1;8 2;kiṃcillīnāṃ kisalayapuṭe kokilāmākulātmā tvaṃ cāpaśyan bata virahiṇāṃ yena jānāsi tāpam ||;
KokSam, 1: 1;9 1;yāvatkālaṃ mahitapatagādhīśa kārye niyoktuṃ saṅkocaṃ me vrajati rasanā saṃdidikṣormṛgākṣyāḥ |;
KokSam, 1: 1;9 2;tāvatkālaṃ tava ca hṛdayaṃ tāntimetīti śaṅke dīnāpannapraṇayaghaṭane dīrghasūtretarasya ||;
KokSam, 1: 1;10 1;sandeśaṃ me naya khagapate sādhaya bhrātṛkṛtyaṃ santāpārtāṃ suvacana samāśvāsaya preyasīṃ me |;
KokSam, 1: 1;10 2;kāntodantaḥ suhṛdupanato viprayogārditānāṃ prāyaḥ strīṇāṃ bhavati kimapi prāṇasandhāraṇāya ||;
KokSam, 1: 1;11 1;gantavyaste tridivavijayī maṅgalāgreṇa deśaḥ prāptaḥ khyātiṃ vihitatapasaḥ prāgjayantasya nāmnā |;
KokSam, 1: 1;11 2;pāre cūrṇyāḥ parisarasamāsīnagovindavakṣolakṣmīvīkṣāvivalanasudhāśītalaḥ keraleṣu ||;
KokSam, 1: 1;12 1;tatra drakṣyasyakhilamahilāmaulimālāyamānāṃ bālāmenāṃ niyatamadhunā madviyogena dīnām |;
KokSam, 1: 1;12 2;kalyāṇī sā kanakakadalīkandalīkomalāṅgī kandarpāgniṃ kathamiva kukūlāgnikalpaṃ saheta ||;
KokSam, 1: 1;13 1;adhvānaṃ te hitamupadiśāmyaśrameṇaiva gantuṃ snigdhacchāyaistarubhirabhitaḥ śāntagharmapracāram |;
KokSam, 1: 1;13 2;saṃskartāsi dhruvamupagato yatra patrīndra teṣām uddāmānāmapi navanavodyānalīlāyitānām ||;
KokSam, 1: 1;14 1;śrīkāmākṣyā vinatamamarairutsavaṃ phālgunākhyaṃ dṛṣṭvā yāntyaḥ svabhavanamupārūḍhanānāvimānāḥ |;
KokSam, 1: 1;14 2;tvatsaṃlāpaśravaṇataralāḥ paścimāmbhodhivelāparyantaṃ te varuṇanagarīmañjuvācaḥ sahāyāḥ ||;
KokSam, 1: 1;15 1;ākarṣantaḥ pratinavalatāpuṣpagandhopahārān āsiñcantaḥ saraṇimabhitaḥ śītalaiḥ śīthuleśaiḥ |;
KokSam, 1: 1;15 2;bhṛṅgīnādairmadhuramadhuraṃ vyāharanto valante kampākūlopavanapavanā bandhavaste .nukūlāḥ ||;
KokSam, 1: 1;16 1;vandasvārāt priyasakha punardarśanāyātra śaureḥ kāñcībhartuḥ karigiritaṭe puṇyamenaṃ vimānam |;
KokSam, 1: 1;16 2;ādhatte yat kanakavalabhīnīḍalīnaiḥ kapotair adyāpyambhoruhabhavamakhālagnadhūmābhiśaṅkām ||;
KokSam, 1: 1;17 1;pīṭheṣvaṣṭādaśasu mahitaṃ kāmapīṭhaṃ bhajethāḥ pārekampaṃ svayamiha parā devatā saṃnidhatte |;
KokSam, 1: 1;17 2;sabhrūcāpaṃ nayanajaladaṃ prāpya yasyāḥ kṛpāpaṃ tuṇḍīrakṣmā sulabhakavitāsasyavṛddhiḥ samindhe ||;
KokSam, 1: 1;18 1;uḍḍīyāsmād bakulasarasāt sa tvamudyānadeśāt prādakṣiṇyād vraja parisare puṇyamekāmravṛkṣam |;
KokSam, 1: 1;18 2;mūle yasya prakṛtisubhage muktakailāsalobho devaḥ sākṣādvasati valayāṅkāhvayaścandracūḍaḥ ||;
KokSam, 1: 1;19 1;dṛṣṭvā śambhuṃ gaganasaraṇāvujjihāne tvayi drāk pakṣadvandvavyajanapavanoccālitābhyo latābhyaḥ |;
KokSam, 1: 1;19 2;utthāsyanti bhramarataruṇāḥ siktadehā marandair udyānaśrīprahitasajalāpāṅgabhaṅgānukārāḥ ||;
KokSam, 1: 1;20 1;spaṣṭālakṣyastvayi pika samālambamāne .mbarāntaṃ kāñcīdeśaḥ kimapi vasudhāṃ bhūṣayan gauraveṇa |;
KokSam, 1: 1;20 2;tatsaundaryāpahṛtahṛdayo mā vilambasva gantuṃ bandhutrāṇād bahumatipadaṃ nāparaṃ tvadvidhānām ||;
KokSam, 1: 1;21 1;āśāṃ pāśāyudhatilakitāmāśrayannāttavegaḥ kūlonmīlatkramukakuhalīcāmarāndolitormim |;
KokSam, 1: 1;21 2;drakṣyasyagre vikacakamalodgandhimādhvīkapānāt kṣībakṣībabhramarataruṇīsevitāṃ kṣīrasindhum ||;
KokSam, 1: 1;22 1;pakṣodyautaiḥ pataga purajitkandharākāṇḍanīlair vyāptābhogā visṛmaratarairvyoma sīmantayantī |;
KokSam, 1: 1;22 2;suvyaktaṃ te gamanasaraṇiḥ sūtrayedūrdhvamasyāḥ sindhusnehopagatayamunāveṇivīthīvilāsam ||;
KokSam, 1: 1;23 1;cūte cūte kusumakalikāṃ tvāṃ ca dṛṣṭvā sametaṃ bālāśokāhananamaruṇairaṅghribhistanvatīnām |;
KokSam, 1: 1;23 2;tanvaṅgīnāṃ śravaṇasubhagairnūpurāṇāṃ virāvair vācālāḥ syurniyatamabhitaḥ kūlamārāmasīmāḥ ||;
KokSam, 1: 1;24 1;snātottīrṇāḥ sajalakaṇikāsundarorojakumbhāḥ śyāmāpaṅkaiḥ śubhaparimalaiḥ spṛṣṭamāṅgalyabhūṣāḥ |;
KokSam, 1: 1;24 2;tīre tasyā dramiḍasudṛśo darśanīyā vilokya prāyo bhāvī kṣaṇamiva sakhe gacchataste vilambaḥ ||;
KokSam, 1: 1;25 1;dhūmastomaiḥ savanajanitairdhūsaropāntavṛkṣāḥ prauḍhaślāghyairmukharitamaṭhāḥ pāvanairbrahmaghoṣaiḥ |;
KokSam, 1: 1;25 2;ruddhābhogā dvijavaravidhisnānapūtaistaṭākair draṣṭavyāste tadanu saritaṃ dakṣiṇenāgrahārāḥ ||;
KokSam, 1: 1;26 1;sā vaidagdhī śrutiṣu sa punaḥ sarvaśāstrāvagāhas taccāmlānaprasarasarasaṃ niṣkalaṅkaṃ kavitvam |;
KokSam, 1: 1;26 2;tatratyānāṃ kimiha bahunā sarvametat paṭhantaḥ śṛṅge śṛṅge gṛhaviṭapināṃ spaṣṭayiṣyanti kīrāḥ ||;
KokSam, 1: 1;27 1;tānullaṅghya smitakuvalayasnigdhamutkandharāṇāṃ colastrīṇāmayi saphalayan netramutpakṣmamālam |;
KokSam, 1: 1;27 2;bilvakṣetraṃ viśa paśupaterveśma nīvāsamīrair dhūtālindadhvajapaṭaśikhair nūnam āhūyamānaḥ ||;
KokSam, 1: 1;28 1;kāmaḥ svāmī kila śalabhatāmāpa netrasphuliṅge mā mā bhaiṣīriti bhavabhido darśanāccandramauleḥ |;
KokSam, 1: 1;28 2;śyāmā varṇe vacasi madhurā cañcalā dṛgvilāse vāmotsaṅge lasati karuṇā kāpi kāmaṃ duhānā ||;
KokSam, 1: 1;29 1;pakṣisvānaiḥ paṭumadakalaiḥ svāgatāni bruvāṇā vyākīrṇārghyāḥ kusumamadhubhirvījayantaḥ pravālaiḥ |;
KokSam, 1: 1;29 2;tatrārāmāḥ surabhisacivaṃ tvāṃ sakhe mānayeyus tulyaprītirbhavati hi jano rājavad rājamitre ||;
KokSam, 1: 1;30 1;kāle tasmin karadhṛtagalannīvayo vārakāntāḥ sambhogānte nibiḍalatikāmandirebhyaścalantyaḥ |;
KokSam, 1: 1;30 2;vītasvedāstava viharataḥ pakṣapālīsamīrair ākhinnabhrūvalanam alasairarcayiṣyantyapāṅgaiḥ ||;
KokSam, 1: 1;31 1;bhūyo gacchan janapadamimaṃ sa tvamullaṅghya colān ālokethās taralahariṇīnetratāpiñchitāni |;
KokSam, 1: 1;31 2;kāntārāṇi prasavaśayanaiśchinnaguñjākalāpaiḥ kuñje kuñje kathitaśabaradvandvalīlāyitāni ||;
KokSam, 1: 1;32 1;tatratyāstvāṃ kusumakalikāśīthudhārāṃ vamanto nīrandhreṣu skhalitagatayo nirjharīśīkareṣu |;
KokSam, 1: 1;32 2;vallīḍolāviharadaṭavīdevatālālanīyāḥ seviṣyante capalacamarībālabhārāḥ samīrāḥ ||;
KokSam, 1: 1;33 1;cumban bimbādharamiva navaṃ pallavaṃ śīthugarbhaṃ prāptāśleṣaḥ stana iva nave korake kāmacārī |;
KokSam, 1: 1;33 2;bhoktāsi tvaṃ kamapi samayaṃ tatra mākandavallīḥ kāntārāge sati vikasite kaḥ pumāṃstyaktumīṣṭe ||;
KokSam, 1: 1;34 1;daṣṭvā cañcvā kanakakapiśā mañjarīścūtaṣaṇḍāt pakṣacchāyāśabalitanabhobhāgamudgatvaraṃ tvām |;
KokSam, 1: 1;34 2;vidyutvantaṃ navajaladharaṃ manyamānāḥ salīlaṃ nartiṣyanti priyasakha calatpiñchabhārā mayūrāḥ ||;
KokSam, 1: 1;35 1;dṛśyā dūre tadanu laharīsaṃpatadrājahaṃsā sā kāverī madajalajharī sahyadantāvalasya |;
KokSam, 1: 1;35 2;meghaśyāmo bhujagaśayano medinīhārayaṣṭer madhye yasyā marataka iva prekṣyate raṅganāthaḥ ||;
KokSam, 1: 1;36 1;puṇyānasyāstaṭabhuvi purīkharvaṭagrāmaruddhān udyānadruprasavasurabhīn hosalān gāhamānaḥ |;
KokSam, 1: 1;36 2;lakṣmīnārāyaṇapuramiti khyātamantarmurāreḥ prāpyāvāsaṃ bhava pikapate pāvanānāṃ purogaḥ ||;
KokSam, 1: 1;37 1;tatratyānāṃ ruciracikuranyastasaugandhikānāṃ tāruṇyoṣmāñcitakucataṭīvitruṭatkañcukānām |;
KokSam, 1: 1;37 2;nāsāmuktābharaṇakiraṇonmiśramandasmitānāṃ veśastrīṇāṃ bhavati vivaśo vibhramairdarpako .pi ||;
KokSam, 1: 1;38 1;tāścenmānagrathitahṛdayāḥ saṃnatān nādriyeran kāntāḥ kāntān parabhṛta kuhūkāramekaṃ vimuñca |;
KokSam, 1: 1;38 2;santu trasyannijanijavadhūdorlatāliṅgitānāṃ yūnām ārdrasmitasahacarās tvayyapāṅgānuṣaṅgāḥ ||;
KokSam, 1: 1;39 1;krīḍantīnāṃ mukharitalatāmandiraṃ khecarīṇāṃ bhūṣānādairbhuvanaviditaṃ sahyaśailaṃ śrayethāḥ |;
KokSam, 1: 1;39 2;kṣatradhvaṃsāt svayamuparato viprasātkṛtya kṛtsnaṃ pṛthvīcakraṃ bhṛgukulapatiryattaṭe saṃnidhatte ||;
KokSam, 1: 1;40 1;tvañcaddhūmān davahutabhujo jvālamālājaṭālān valgadbhṛṅgān vanaviṭapino bhāsurān pallavaughaiḥ |;
KokSam, 1: 1;40 2;dṛṣṭvā dūrād anuminutamām uṣṇaśītaiḥ samīraiḥ saṃdigdhāyāṃ vipadi sahasāvṛttirārtiṃ hi sūte ||;
KokSam, 1: 1;41 1;dṛṣṭvā tatrāmalakadharaṇīmandiraṃ śārṅgapāṇiṃ tasmācchailāttaṭamavataran kiṃcidākuñcya pakṣau |;
KokSam, 1: 1;41 2;kūle .mbhodheḥ kramukakalilāṃ keralakṣoṇimagre paśya sphītāṃ bhṛgusutabhujāvikramopakramaṃ yā ||;
KokSam, 1: 1;42 1;prāptavyaste yadi kṛtamaho vāṅmayītīravāsī devo dakṣādhvaravimathanoḍḍāmaraś candracūḍaḥ |;
KokSam, 1: 1;42 2;āste śātatriśikhaśikhayā dārukaṃ jaghnuṣī sā yasyādūre mṛgapatiśirastasthuṣī bhadrakālī ||;
KokSam, 1: 1;43 1;siktaḥ svacchair jharajalakaṇaistaṃ bhaja vyomni tiṣṭhan muktāchannāsitanavapaṭīkāyamānāyamānaḥ |;
KokSam, 1: 1;43 2;dhvāṅkṣabhrāntyā yadi parijanāstvāṃ samutsārayeran kūjāṃ kiṃcit kuru nanu girā vyajyate sannasaṃśca ||;
KokSam, 1: 1;44 1;itthaṃ bhaktyā puramathanamārādhya labdhaprasādaḥ kṛṣṭaḥ kṛṣṭaḥ pathi pathi sakhe keralīnāṃ kaṭākṣaiḥ |;
KokSam, 1: 1;44 2;uccaiḥ saudhairuḍugaṇagatīrūrdhvamutsārayantīṃ phullārāmāṃ praviśa puralīkṣmābhṛtāṃ rājadhānīm ||;
KokSam, 1: 1;45 1;yeṣāṃ vaṃśe samajani hariścandranāmā narendraḥ pratyāpattiḥ pataga yadupajñaṃ ca kaumārilānām |;
KokSam, 1: 1;45 2;yuddhe yeṣāmahitahataye caṇḍikā saṃnidhatte teṣāmeṣāṃ stutiṣu na bhavet kasya vaktraṃ pavitram ||;
KokSam, 1: 1;46 1;putrasyāsau priyasakha iti prītigarbhaiḥ kaṭākṣair dṛṣṭastasyāṃ puri viharatā rukmiṇīvallabhena |;
KokSam, 1: 1;46 2;tasyaivāgre sadayamabalālūnasūnapravāle bālodyāne kvacana viharan mārgakhedaṃ vijahyāḥ ||;
KokSam, 1: 1;47 1;kelīyānakvaṇitaraśanā komalābhyāṃ padābhyām ālīhastārpitakaratalā tatra cedāgatā syāt |;
KokSam, 1: 1;47 2;svātī nāma kṣitipatisutā sevituṃ devamasyāḥ svairālāpaistava pika girāṃ kāpi śikṣā bhavitrī ||;
KokSam, 1: 1;48 1;tāmāyāntīṃ stanabharaparitrastabhugnāvalagnāṃ svedacchedacchuritavadanāṃ śroṇibhāreṇa khinnām |;
KokSam, 1: 1;48 2;kiṃciccañcūkalitakalikāśīthubhāreṇa siñceś cañcaccillīcalanasubhagān lapsyase .syāḥ kaṭākṣān ||;
KokSam, 1: 1;49 1;kaṃcitkālaṃ dhutakisalayācchādanaṃ saprakampaṃ pratyākhyātabhramarataruṇā mañjarī bhujyamānā |;
KokSam, 1: 1;49 2;yātrodyukte subhaga bhavati vyañjayedātmasādaṃ muktāścyotanmadhurasamiṣān muñcatī bāṣpaleśam ||;
KokSam, 1: 1;50 1;digyātavyā yadapi bhavato dakṣiṇā rakṣaṇārthaṃ matprāṇānāṃ punarapi sakhe paścimāmeva yāyāḥ |;
KokSam, 1: 1;50 2;dhūtārāmaṃ mukuṭataṭinīmārutaistatra śambhoḥ sampadgrāmaṃ yadi na bhajase janmanā kiṃ bhṛtena ||;
KokSam, 1: 1;51 1;saudhaistuṅgairhasadiva sudhākṣālitai rājatādriṃ tejorāśeḥ praviśa bhavanaṃ dhūrjaṭerūrjitaṃ tat |;
KokSam, 1: 1;51 2;pārśve pārśve paricitanamaskārajātaśramāṇāṃ kṣmādevānāṃ kṣaṇamanubhavaṃstālavṛntasya līlām ||;
KokSam, 1: 1;52 1;utkīrṇānāṃ kanakavalabhīṣūdgato viṣkirāṇāṃ tyaktāśaṅkaṃ praṇama giriśaṃ dhyānaniṣkampagātraḥ |;
KokSam, 1: 1;52 2;kaṇṭhacchāyā pratiphalati kiṃ bharturityadriputryā nidhyātaḥ san kutukanibhṛtairnetrapātaiḥ pavitraiḥ ||;
KokSam, 1: 1;53 1;śrīnandibhrūniyamitamithorodhamābaddhasevān brahmendrādyān kvacana vibudhān sādaraṃ vīkṣamāṇaḥ |;
KokSam, 1: 1;53 2;gāyantīnāṃ kvacidapi sakhe komalān kinnarīṇāṃ vīṇārāvānupaśṛṇu bhavatkūjitenāviśiṣṭān ||;
KokSam, 1: 1;54 1;divyaiśvaryaṃ diśasi bhajatāṃ vartase bhikṣamāṇo gaurīmaṅke vahasi bhasitaṃ pañcabāṇaṃ cakartha |;
KokSam, 1: 1;54 2;kṛtsnaṃ vyāpya sphurasi bhuvanaṃ mṛgyase cāgamāntaiḥ kaste tattvaṃ prabhavati paricchettumāścaryasindho ||;
KokSam, 1: 1;55 1;itthaṃ stutvā bahirupavanopāntamākandaśṛṅge yāvadbhānurvrajati caramaṃ bhūdharaṃ tāvadāssva |;
KokSam, 1: 1;55 2;drakṣyasy anvaksaphalanayanaṃ tāṇḍavānīndumauler lāsyakrīḍālalitagirijāpāṅgasaṃbhāvitāni ||;
KokSam, 1: 1;56 1;tasmin kāle balimahajuṣāṃ vāravāmālakānāṃ sthālīcakre stanataṭadhṛte sānurāge hṛdīva |;
KokSam, 1: 1;56 2;bimbavyājādviśati bhavati syādamuṣyeti śaṅke spaṣṭāṅkasya kṣaṇamudayagasyendubimbasya lakṣmīḥ ||;
KokSam, 1: 1;57 1;viṣvakkīrṇairiva paśupateḥ kandharākāntipuñjair vītāloke jagati timirairvyomanīlābjabhṛṅgaiḥ |;
KokSam, 1: 1;57 2;viśrāntaḥ san kvacana vipule vṛkṣaśākhākuṭumbe tāṃ tatraiva kṣapaya rajanīṃ śrāntavisrastapakṣaḥ ||;
KokSam, 1: 1;58 1;velāvātāścaramajaladher vīcim āndolayantaḥ stokonnidraiḥ kumudamukulaiḥ pītamuktāḥ sarassu |;
KokSam, 1: 1;58 2;svedāṅkūrān suratajanitān subhruvāṃ corayantaḥ seviṣyante niśi parabhṛta tvāṃ sukhena prasuptam ||;
KokSam, 1: 1;59 1;prāptonmeṣe prathamaśikhariprasthadāvāgnikalpe bālāśokastabakarucire bhānavīye mayūkhe |;
KokSam, 1: 1;59 2;prasthātuṃ tvaṃ punarapi sakhe prakramethāḥ prabhāte svātmakleśaḥ suhṛdupakṛtau tvādṛśānāṃ sukhāya ||;
KokSam, 1: 1;60 1;padmopāntāduṣasi ramaṇe prāpnuvatyeva pārśvaṃ madhye mārajvaraparavaśāṃ vīkṣamāṇo rathāṅgīm |;
KokSam, 1: 1;60 2;dūraṃ prāpte mayi vidhivaśāddūyamānāṃ sakhīṃ te smāraṃ smāraṃ dviguṇagamanotsāha eva dhruvaṃ syāḥ ||;
KokSam, 1: 1;61 1;dṛṣṭvā devaṃ parisarajuṣaṃ śambare bālakṛṣṇaṃ lopāmudrāsakhatilakitaṃ diṅmukhaṃ bhūṣayiṣyan |;
KokSam, 1: 1;61 2;kolānelāvanasurabhilān yāhi yatra prathante velātītaprathitavacasaḥ śaṅkarādyāḥ kavīndrāḥ ||;
KokSam, 1: 1;62 1;unmajjadbhiḥ punariva javāt pakṣavadbhirgirīndrair vṛndairnāvāṃ bhujapaṭalikoḍḍāmarair gāhyamānam |;
KokSam, 1: 1;62 2;lakṣmījāneḥ śayanasadanaṃ puṣpavāṭaṃ purāreḥ pākasthānaṃ nikhilamarutāṃ paśya vārānnidhānam ||;
KokSam, 1: 1;63 1;muktājālairdhavalapulinaṃ vīcimālāvikīrṇaiḥ kūlādhvānaṃ kusumitatarusnigdhamālambamānaḥ |;
KokSam, 1: 1;63 2;deśāddeśaṃ vrajasi kutukottānamugdhānanānāṃ vāmākṣīṇāṃ nayanaculakaiḥ sādaraṃ pīyamānaḥ ||;
KokSam, 1: 1;64 1;kuryāt prītiṃ tava nayanayoḥ kukkuṭakroḍanāma prāsādāgrollikhitagaganaṃ pattanaṃ tat pratītam |;
KokSam, 1: 1;64 2;yad dorvīryadraḍhimakaradībhūtarājanyavīrāḥ śūrāgraṇyaḥ śikharijaladhisvāminaḥ pālayanti ||;
KokSam, 1: 1;65 1;gehe gehe navanavasudhākṣālitaṃ yatra saudhaṃ saudhe saudhe surabhikusumaiḥ kalpitaṃ kelitalpam |;
KokSam, 1: 1;65 2;talpe talpe rasaparavaśaṃ kāminīkāntayugmaṃ yugme yugme sa khalu viharan viśvavīro manobhūḥ ||;
KokSam, 1: 1;66 1;vyarthaṃ karṇe navakuvalayaṃ vidyamāne kaṭākṣe bhāro hāraḥ stanakalaśayorbhāsure mandahāse |;
KokSam, 1: 1;66 2;yatra snigdheṣvapi kacabhareṣveṇaśābekṣaṇānāṃ mādyadbhṛṅge sati parimale maṅgalāya prasūnam ||;
KokSam, 1: 1;67 1;yatra jñātvā kṛtanilayanāmindirāmātmakanyāṃ manye snehākulitahṛdayo vāhinīnāṃ vivoḍhā |;
KokSam, 1: 1;67 2;tat tad dvīpāntaraśatasamānītaratnaughapūrṇaṃ naukājālaṃ muhurupaharan vīcibhiḥ śliṣyatīva ||;
KokSam, 1: 1;68 1;tatsaudhāgreṣvaruṇadṛṣadāṃ sāndrasindūrakalpaṃ tejaḥpuñjaṃ kisalayadhiyā carvituṃ mārabhethāḥ |;
KokSam, 1: 1;68 2;dṛṣṭvā vātāyanavinihitairlocanābjaistaruṇyo valgadvakṣoruham upacitair hastatālair haseyuḥ ||;
KokSam, 1: 1;69 1;kṛṣṭvā dṛṣṭiṃ kathamapi tataḥ kautukānāṃ nidānād uḍḍīyethāḥ pathi viṭapināṃ puṣpamādhvīṃ lihānaḥ |;
KokSam, 1: 1;69 2;hāraṃ hāraṃ madanapṛtanākāhalaiḥ kaṇṭhanādair utkaṇṭhānāṃ janapadamṛgīlocanānāṃ manāṃsi ||;
KokSam, 1: 1;70 1;brahmābhyāsapraśamitakalīn prāpya dīprān prakāśān śvetāraṇyaṃ vraja bahumataṃ dhāma mṛtyuñjayasya |;
KokSam, 1: 1;70 2;dṛṣṭvā dūre sakṛdapi janā yanna paśyantyavaśyaṃ mṛtyorvaktraṃ niṭilaghaṭitabhrūkuṭīkaṃ kadācit ||;
KokSam, 1: 1;71 1;sevyaṃ śambhor aruṇam urasastāḍanād daṇḍapāṇeḥ pādāmbhojaṃ śikharitanayāpāṇisaṃvāhayogyam |;
KokSam, 1: 1;71 2;yenākrānte sati giripatau loṣṭamānāsyacakraś cakrandādhaḥkṛtabhujavano rakṣasāṃ cakravartī ||;
KokSam, 1: 1;72 1;pārśve yasya pravahati nilā nāma kallolinī sā sandhyānṛttabhramiṣu patitā mastakājjāhnavīva |;
KokSam, 1: 1;72 2;nāvākṣetrapraṇayi ramayākrāntadormadhyamāste kūle yasyāḥ kuvalayadalaśyāmalaṃ dhāma kiṃcit ||;
KokSam, 1: 1;73 1;sākaṃ kāntairmilati lalitaṃ keralīnāṃ kadambe matpreyasyāḥ priyasakha mahāmāghasevāgatāyāḥ |;
KokSam, 1: 1;73 2;pāyaṃ pāyaṃ mukhaparimalaṃ mohanaṃ yatra mattāḥ prāyo .dyāpi bhramarakalabhā naiva jighranti padmān ||;
KokSam, 1: 1;74 1;śaivālaughacchuritakamalā saikatasraṃsihaṃsā nītā kārśyaṃ tapanakiraṇairvāsareṣveṣu sindhuḥ |;
KokSam, 1: 1;74 2;ākīrṇāsyāmalakanikaraiḥ śroṇivibhraṃśikāñcīṃ manye dīnāṃ virahadaśayā preyasīṃ me .nuyāyāt ||;
KokSam, 1: 1;75 1;śāstā tasyā yadi taṭapathaiḥ śambarakroḍavāsī tiṣṭhannaśve javini mṛgayākautukī saṃcareta |;
KokSam, 1: 1;75 2;lumpestasya śramajalakaṇān komalaiḥ pakṣavātair bhūyāt prītyai laghu ca samaye sevanaṃ hi prabhūṇām ||;
KokSam, 1: 1;76 1;sarvotkṛṣṭā jagati viditāḥ keraleṣu dvijendrā vallīkauṇyos tadapi mahimā kāpi madhyaśritānām |;
KokSam, 1: 1;76 2;tatrāpyasyāḥ salilapavanā yatra yatra prathante teṣāṃ teṣāmatiśayajuṣaḥ śīlavidyānubhāvāḥ ||;
KokSam, 1: 1;77 1;īṣṭe teṣāṃ stutiṣu na guruḥ kā kathālpīyasāṃ no bhrātarbhūyaḥ śṛṇu parimitaṃ prastutādyāvaśeṣam |;
KokSam, 1: 1;77 2;tāmuttīrṇaḥ saritamamṛtasyandimākandavṛndān deśān pūtān pata guṇagaṇairnetranārāyaṇīyaiḥ ||;
KokSam, 1: 1;78 1;yaḥ prākpāṇigrahaṇasamaye śambhunā sānukampaṃ haste kṛtvā kathamapi śanairaśmapṛṣṭhe nyadhāyi |;
KokSam, 1: 1;78 2;draṣṭavyo .sau kisalayamṛdurmuktipuryālayāyāḥ kātyāyanyā mahiṣamathanoḍḍāmaraḥ pādapadmaḥ ||;
KokSam, 1: 1;79 1;kiṃcitpūrvaṃ raṇakhalabhuvi śrīmadadhyakṣayethās tanmīmāṃsādvayakulaguroḥ sadma puṇyaṃ maharṣeḥ |;
KokSam, 1: 1;79 2;vidvadvṛnde vivaditumanasyāgate yatra śaśvadvyākhyāśālāvalabhinilayas tiṣṭhate kīrasaṅghaḥ ||;
KokSam, 1: 1;80 1;śāstravyākhyā hariharakathā satkriyābhyāgatānām ālāpo vā yadi saha budhairākṣipedasya cetaḥ |;
KokSam, 1: 1;80 2;tadvisrabdhadvijaparivṛte niṣkuṭādrau niṣaṇṇaḥ kokūyethāḥ sa khalu madhurāṃ sūktimākarṇya tuṣyet ||;
KokSam, 1: 1;81 1;ślāghyacchandasthitimayi mayā śobhane .rthe niyuktaṃ śrāvyaṃ śabdaiḥ sarasasumanobhājamabhrāntavṛttim |;
KokSam, 1: 1;81 2;dūraprāptyā praśithilamiva tvāṃ sakhe kāvyakalpaṃ dhīmān paśyet sa yadi nanu te śuddha eva pracāraḥ ||;
KokSam, 1: 1;82 1;pārśvādasya pracalitavataḥ pāvanānāharantaḥ kundasvacchān vṛṣapatimukhāsaktaromanthaphenān |;
KokSam, 1: 1;82 2;chindyustāpaṃ tava vṛṣapurīsaṅginaḥ śaṅkarāṅkakrīḍadgaurīkacataralanodgandhayo gandhavāhāḥ ||;
KokSam, 1: 1;83 1;pūrvo bhāgaḥ stanabharanataḥ prekṣyate ceccalākṣaḥ paścādbhāgo lalitacikuro dṛśyate no nitambī |;
KokSam, 1: 1;83 2;itthaṃ gauryā yugapadubhayaṃ draṣṭukāmo .ṣṭamūrtir mūrtidvandvaṃ vahati bhagavān yaḥ sa muktyai niṣevyaḥ ||;
KokSam, 1: 1;84 1;bhūṣābhogiśvasitapavanaiḥ phālanetre pradīpte svinnasyendoramṛtapṛṣatairūrjitaṃ nirgaladbhiḥ |;
KokSam, 1: 1;84 2;maulau yasya druhiṇaśirasāṃ maṇḍalaṃ maṇḍapāntaḥ kṣmādevānāṃ śrutipadajuṣāṃ saṃśayānucchinatti ||;
KokSam, 1: 1;85 1;dvāropāntasthitikṛdaṇimāpāṅgadattehitārthair āśāpālairnibiḍitabahiḥprāṅgaṇaṃ sevamānaiḥ |;
KokSam, 1: 1;85 2;tasyādūre kanakabhavanaṃ pakṣapātāt praviṣṭaḥ sampanmūrtiṃ praṇama girijāṃ sā hi viśvasya mātā ||;
KokSam, 1: 1;86 1;saṃsarpadbhistanurucibharaiḥ saṅgamagrāmaśaures tāpiñchābhaiḥ stabakitatalaṃ gāhamāno vihāyaḥ |;
KokSam, 1: 1;86 2;tulyacchāyasmṛtanavatamālāvalīvāsasaukhyo manye lokaiḥ kṣaṇamiva pṛthaṅno vibhāviṣyase tvam ||;
KokSam, 1: 1;87 1;kālīvāsaṃ bhaja pathi mahat kānanaṃ yatra śaśvat sevāyāte tridaśanikare śrāddhadevaupavāhyam |;
KokSam, 1: 1;87 2;bhūtairbhedyo balimahiṣa ityudbhaṭaiḥ kṛṣṭaśṛṅge rajjugrāhaṃ rudati vijayā rūḍhahāsaṃ ruṇaddhi ||;
KokSam, 1: 1;88 1;ramyāṃ harmyadhvajapaṭamarudvījitabradhnayugyām agre paśyāñjanakhalapurīmāśritāṃ śaṅkareṇa |;
KokSam, 1: 1;88 2;yatrāśliṣṭo varayuvatibhiścumbati svinnagaṇḍaṃ cūrṇīvātaḥ priya iva ratiśrāntamāsyāravindam ||;
KokSam, 1: 1;89 1;sā ca prekṣyā saridanupadaṃ yatra kalmāṣitāyāṃ majjanmāhodayapuravadhūkaṇṭhakastūrikābhiḥ |;
KokSam, 1: 1;89 2;raktāḥ padmāḥ kuvalayavanīsāmyamāpadyamānā vijñāyante sphuṭamahimadhāmodaye jṛmbhamāṇe ||;
KokSam, 1: 1;90 1;cārusvacchā śapharanayanā cakravākastanaśrīḥ kallolabhrūḥ kamalavadanā kamraśaivālakeśā |;
KokSam, 1: 1;90 2;saṃsevyā syāt sarasamadhurā sānukūlāvatīrṇair durgāhānyairiti hi saraṇiḥ kāpi gāmbhīryabhājām ||;
KokSam, 1: 1;91 1;tvayyākāśe subhaga taṭinīṃ lambamāne salīlaṃ bimbaṃ dṛṣṭvā payasi maṇibhaṅgāmale kampamānam |;
KokSam, 1: 1;91 2;vīcīvegapracaladasitāmbhojinīgucchabuddhyā kūjaṃ kūjaṃ madhuramalayaḥ kokila vyālaperan ||;
KokSam, 1: 1;92 1;tīraṃ tasyāḥ prati gatavato dakṣiṇaṃ tatkṣaṇaṃ te deśaḥ sarvātiśayivibhavo dṛkpathetaḥ pratheta |;
KokSam, 1: 1;92 2;tāṃ jānīyā diśi diśi jayantākhyayā khyāyamānāṃ pratyādiṣṭatridivanagaraprābhavāṃ prāpya bhūmim ||;
KokSam, 1: 1;93 1;bālodyānaiḥ samadamahilābhuktavallīnikuñjaiḥ kelīhaṃsakṣubhitanagarabhrāntabhṛṅgaiḥ sarobhiḥ |;
KokSam, 1: 1;93 2;ratnaśreṇīghaṭitaśikharairgopuraiḥ sā purī te prāyaḥ prajñābharaṇa sugamā syād anāveditāpi ||;
KokSam, 2: 2;1 1;lakṣmījanmasthitimanupamaiḥ pūritāṃ ratnajālair bhūbhṛdgarbhāṃ prakaṭitakaleśodayaślāghyavṛddhim |;
KokSam, 2: 2;1 2;pāthorāśestanumiva parāṃ manyamāno viśālāṃ yāmadhyāste sa khalu nigamāmbhojabhṛṅgo rathāṅgī ||;
KokSam, 2: 2;2 1;vaktraupamyaṃ vahati vimalaṃ paśya pārśve sudhāṃśoḥ paścādbhāgaṃ sumukhi ramaṇairitthamāvedyamānāḥ |;
KokSam, 2: 2;2 2;harmye yasyāṃ hariṇanayanāḥ kurvate .smin kalaṅkaṃ dṛṣṭvā serṣyā iva kuvalayādhyeyaśobhairapāṅgaiḥ ||;
KokSam, 2: 2;3 1;vīthyāṃ vīthyāṃ valaripuśilābhaṅgabaddhasthalāyāṃ saṃmūrchadbhiḥ kiraṇapaṭalaistvadgarujjālanīlaiḥ |;
KokSam, 2: 2;3 2;yatrārabdhe dinakarakarair apyahārye .ndhakāre lolākṣīṇāṃ bhavati divase nirviśaṅko .bhisāraḥ ||;
KokSam, 2: 2;4 1;yasyāṃ rātrau yuvativadanāmbhojasaundaryacauryāt satyaṃ saudhadhvajapaṭaśikhāghṛṣṭabimbe himāṃśau |;
KokSam, 2: 2;4 2;dṛṣṭvā kṛṣṇaṃ kiṇamaṇikaṇaṃ hanta gāḍhaṃ prarūḍhaṃ mūḍho loko vadati śaśako rohito .nyattatheti ||;
KokSam, 2: 2;5 1;vīcīkṣiptā iva suradhunībālaśaivālamālā yatrodīrṇā maratakarucaścandraśālātalebhyaḥ |;
KokSam, 2: 2;5 2;ghāsabhrāntyā gaganapadavīdīrghapānthāyamānāś cañcatprothaṃ taraṇituragāścarvituṃ prārabhante ||;
KokSam, 2: 2;6 1;yatrodyāne malinitadiśākuñjapuñje tarūṇāṃ śṛṅge lagnā bhramarapaṭalīnirviśeṣāḥ payodāḥ |;
KokSam, 2: 2;6 2;vāpīṣvambūnyadhikasurabhīṇyutsṛjanti svakāle sopānāgrasphaṭikakiraṇojjṛmbhaṇāmreḍitāni ||;
KokSam, 2: 2;7 1;anyāmagre mama maṇigṛhe bhuktavānityavādīr mugdhe kānto dhṛtanakhapadā bhittilīnā kimeṣā |;
KokSam, 2: 2;7 2;itthaṃ yasyāṃ smitalavajuṣo hrepayante navoḍhāṃ sakhyastasyāstanumanupamāṃ bimbitāṃ darśayantyaḥ ||;
KokSam, 2: 2;8 1;cillīvalyā dhanuṣi ghaṭite kṣipta evekṣukāṇḍo netropānte vahati śaratāṃ nyastamevāravindam |;
KokSam, 2: 2;8 2;romāvalyāmapi guṇadaśāṃ yatra bimbādharāṇāṃ bibhrāṇāyāṃ madanavibhunā bhraṃśitaivālimālā ||;
KokSam, 2: 2;9 1;śṛṅgārābdhiplava iva galadveṇi kamprastanaṃ tat bhraśyannīvi sthitamiti viṭā vīkṣya saṃśliṣya yatra |;
KokSam, 2: 2;9 2;mugdhākṣīṇāṃ mukulitadṛśāṃ mohanāḍambarānte bhūyaḥ śrāntaṃ punarapi ratodyogam udvelayanti ||;
KokSam, 2: 2;10 1;yasyāṃ meghā harimaṇiśilāharmyaparyantabhājo na jñāyeran śravaṇasubhagaṃ garjitaṃ cenna dadyuḥ |;
KokSam, 2: 2;10 2;vidyudvallī punarapi navārabdhasaṃbhogalīlāvellatkāntāvipulajaghanasrastakāñcīsamaiva ||;
KokSam, 2: 2;11 1;tasyāṃ lakṣmīramaṇanilayaṃ dakṣiṇenekṣaṇīyaṃ matkāntāyāḥ sadanamabhito veṣṭitaṃ ratnasālaiḥ |;
KokSam, 2: 2;11 2;madhye saudhaṃ kanakaghaṭitaṃ bibhradūḍhacchadaughe yasmin ambhoruha iva kanatkarṇike khelati śrīḥ ||;
KokSam, 2: 2;12 1;māhābhāgyaṃ ratipatibhujāḍambaraḥ paunaruktyāt kalyāṇaughaḥ sphurati rasikānantatāpyatra hīti |;
KokSam, 2: 2;12 2;eṣāmādyakṣaragaṇamupādāya baddhena nāmnā mānyaṃ mārakkaranilayanaṃ yatkavīndrā gṛṇanti ||;
KokSam, 2: 2;13 1;līlāvāpī lasati lalitā tatra sopānamārge māṇikyāṃśusphuraṇasatatasmeranālīkaṣaṇḍā |;
KokSam, 2: 2;13 2;yatrāyāntyāḥ payasi vimale snātum asmatpriyāyā manye yānābhyasanavidhaye mallikākṣā vasanti ||;
KokSam, 2: 2;14 1;tasyāstīre punarupavanaṃ tatra cūto .sti potas tvajjātīyaiḥ pika parivṛtaḥ pallavāsvādalubdhaiḥ |;
KokSam, 2: 2;14 2;pārśve cāsya stabakanamitā mādhavīmugdhavallī preyasyā me pariṇayamahaṃ prāpitau sādaraṃ yau ||;
KokSam, 2: 2;15 1;tasyādūre maratakatale hemabaddhālavālaḥ sikto mūle himajalabharaiścampakaḥ kaścidāste |;
KokSam, 2: 2;15 2;labdhvā sakhyāstava sa sukṛtī smeravaktrābjarāgaṃ sūte tasyāstanulatikayā tulyavarṇaṃ prasūnam ||;
KokSam, 2: 2;16 1;krīḍānṛtte bhavanaśikhināṃ dūramuktāhisaṅgā sāndracchāyāhṛtaravikarā tatra pāṭīravāṭī |;
KokSam, 2: 2;16 2;madhye tasyāṃ sa khalu latikāmaṇḍapo ratnabhūmiḥ śaśvadyasmin kimapi valati smāvayoḥ premavallī ||;
KokSam, 2: 2;17 1;snigdhaskandhasrutamadhurasaḥ kiṃca tasyopakaṇṭhe kūjadbhṛṅgaḥ kuravakataruryaḥ kuraṅgekṣaṇāyāḥ |;
KokSam, 2: 2;17 2;kāle kāle karikaraśirovibhramābhyāṃ bhujābhyām āśliṣṭāṅgo vahati mukulacchadmanā romabhedān ||;
KokSam, 2: 2;18 1;sthāneṣveṣu kvacana kathiteṣūtsukā puṣpaśayyām adhyāsīnā parijanakṛtāṃ sā na cedīkṣitā syāt |;
KokSam, 2: 2;18 2;prāsādo .syāḥ paramabhimataḥ ko .pi māhendranīlas tasmin dṛśyā taḍidiva ghane cārurūpā priyā me ||;
KokSam, 2: 2;19 1;sā netrāṇāmamṛtagulikā sṛṣṭisāro vidhātuḥ saundaryendoḥ prathamakalikā dīpikā bhūtadhātryāḥ |;
KokSam, 2: 2;19 2;kandarpasya tribhuvanavibhoḥ kāñcanī ketuyaṣṭiḥ śṛṅgārābdheḥ śaśadharakalā jīvitaṃ me dvitīyam ||;
KokSam, 2: 2;20 1;paśyannenāṃ bahalasuṣamāmaṇḍalāntarnimagnāṃ madhye .nyāsāmapi caladṛśāṃ jñāsyase no kathaṃ tvam |;
KokSam, 2: 2;20 2;jyotsnājālasnapitabhuvanā tārakāṇāṃ samīpe cāndrī mūrtiḥ kathaya jagato jñāpyate kena rātrau ||;
KokSam, 2: 2;21 1;sāndrāmodastimiranikaraścandramā niṣkalaṅkaḥ śailau haimau bhramarapaṭalīkīlito vyomabhāgaḥ |;
KokSam, 2: 2;21 2;kamraṃ cakraṃ mṛdukarikaradvandvamabje salīle sarvaṃ caitanmadanaghaṭitaṃ saumya sambhūya sābhūt ||;
KokSam, 2: 2;22 1;nīcīkurvantyalasavalitā netrapātāḥ kuraṅgān vīcīgarvaṃ harati nikhilaṃ vibhramāndolitā bhrūḥ |;
KokSam, 2: 2;22 2;pāṇī kalpadrumakisalayaprābhavaṃ na kṣamete vāṇī tasyā vahati bhavatāṃ pañcamairbālamaitrīm ||;
KokSam, 2: 2;23 1;sā kāntiśceddravati kanakaṃ tanmukhaṃ cet ka induḥ sā ced bimbādharamadhuratā tiktatāmeti mādhvī |;
KokSam, 2: 2;23 2;sā vā tasyā yadi tanulatā mālatī lohatulyā tau cedūrū kanakakadalīstambhayoḥ kvāpi ḍambhaḥ ||;
KokSam, 2: 2;24 1;ukteṣveva prasajati punarnavyalāvaṇyasāreṣv aṅgeṣvasyā mama kathayato hanta vācāṃ pravṛttiḥ |;
KokSam, 2: 2;24 2;tādṛgbhūte manasi vivaśe kiṃ nu kurvīta seyaṃ yadyacceto vimṛśati girāṃ tattadevābhidheyam ||;
KokSam, 2: 2;25 1;adya prāyaḥ praṇayini mayi proṣite bhāgyadoṣāt kalpaprāyairahaha divasairebhirutkaṇṭhamānā |;
KokSam, 2: 2;25 2;saṃjāyeta prabalavirahodvejitā peśalāṅgī mūrchadgharmajvaraparavaśā nīlakaṇṭhīva khinnā ||;
KokSam, 2: 2;26 1;yatrāpāṅgadyutikavacite kiṃcidutsārya keśān dattaḥ premṇā dinamanu mayā dīrghikāraktapadmaḥ |;
KokSam, 2: 2;26 2;tasmin asyā bhavati niyataṃ hanta cintākulāyā gaṇḍanyastaḥ karakisalayaḥ karṇajāhe .vataṃsaḥ ||;
KokSam, 2: 2;27 1;pakṣmaspandaḥ samajani sakhe paśyatormāṃ yayoḥ prāṅniṣpatrākṛn mayi tu vidhinā tādṛśe dūranīte |;
KokSam, 2: 2;27 2;antarbāṣpacchuraṇanibhṛte sāmprataṃ te mṛgākṣyā netre dhattastuhinakaṇikādanturāmbhojadainyam ||;
KokSam, 2: 2;28 1;sāndrāmodaṃ sapaṭu sadayaṃ sasmaraṃ sānutarṣaṃ sambhogānte muhurapi mayā sādaraṃ cumbito yaḥ |;
KokSam, 2: 2;28 2;narmālāpasmitalavasudhāsecanair mucyamānas tāmyatyuṣṇaśvasitapavanaiḥ so .ti bimbādharo .syāḥ ||;
KokSam, 2: 2;29 1;krīḍāśailau madananṛpateḥ kāntipūrasya kokau syātāṃ tasyā dhruvamurasijau kiṃcidāpāṇḍumūlau |;
KokSam, 2: 2;29 2;madviśleṣaḥ śaraduḍunibhāṃ tyājayan hāramālāṃ manye bhīto vitarati tayoraśrudhārābhiranyām ||;
KokSam, 2: 2;30 1;bhūṣāsvāsthāṃ yadapi jahatī tāṃ vahatyeva kāñcīṃ grāhaṃ grāhaṃ pṛthu pṛthu mayā mauktikaṃ gumbhitā yā |;
KokSam, 2: 2;30 2;śroṇībimbe sumahati tayā bhūṣite komalāṅgyāḥ sālāvītāṃ sa kila madano manyate rājadhānīm ||;
KokSam, 2: 2;31 1;maccitākhyadvipaniyamanālānayor dvandvamūrvoḥ śroṇībhārādalasamadhunā jāyate khinnakhinnam |;
KokSam, 2: 2;31 2;ārabdhānāṃ hara hara mayā yatra saṃvāhanānāṃ nityaṃ jātā niravadhirasāḥ ke .pi ke .pyantarāyāḥ ||;
KokSam, 2: 2;32 1;ādvārāntaṃ madabhigamanāśaṅkayā cañcalākṣyā yātāyātaiḥ kisalayanibhau kliśyataḥ pādapadmau |;
KokSam, 2: 2;32 2;mithyāgotraskhalanamasakṛt prastutaṃ hanta yābhyāṃ labdhuṃ pādapraṇatiṣu mayā hanta saṃtāḍanāni ||;
KokSam, 2: 2;33 1;yadyapyasyāḥ kraśayati vapurvallarīṃ dīpyamāno viśleṣāgnirdviguṇayati tāṃ kintu lāvaṇyalakṣmīm |;
KokSam, 2: 2;33 2;taptāṃ taptāṃ nayati nitarāṃ tānavaṃ jātavedā haimīṃ lekhāmapi tu janayatyeva varṇaprakarṣam ||;
KokSam, 2: 2;34 1;pṛthvīreṇūnalakanikare netrayorbāṣpapūraṃ haste gaṇḍaṃ sitabisalatāhārajālaṃ stanāgre |;
KokSam, 2: 2;34 2;śroṇyāṃ kṣaumaṃ malinamasṛṇaṃ sā vahatyeva hantety āstāmetadbahuvilapitairmāstu kālātipātaḥ ||;
KokSam, 2: 2;35 1;sthitvā cūte prathamakathite mugdhakāntādharābhaṃ daṣṭvā svairaṃ kisalayamatha prekṣaṇīyā tvayā sā |;
KokSam, 2: 2;35 2;pṛcchantī vā malayavapanaṃ praśrayānmatpravṛttiṃ madvṛttāntaṃ kathaya kaṭhinasyeti vā prārthayantī ||;
KokSam, 2: 2;36 1;chintte tāpaṃ himajalamayī cāndanī kiṃ nu carcā mandaspandāḥ kimu sukhakarā mārutāścāmarāṇām |;
KokSam, 2: 2;36 2;pṛcchantīnāmiti savayasāṃ sātireke .pi tāpe smitvā ramyaṃ sakalamiti vā cittamāśvāsayantī ||;
KokSam, 2: 2;37 1;praspandante malayapavanā rundhi jālaṃ kavāṭaiḥ śambhornāmnā śaragaṇamucaṃ bhīṣayeḥ pañcabāṇam |;
KokSam, 2: 2;37 2;jīvaṃ jīvaṃ visṛja carituṃ candrike candrikāyām itthaṃ ceṭīṃ sajalanayanāmādiśantī muhurvā ||;
KokSam, 2: 2;38 1;prāptālambā parijanakaraiḥ prāpya vā citraśālāṃ mugdhā svasyāścaraṇapatitaṃ veti taṃ māṃ nirīkṣya |;
KokSam, 2: 2;38 2;ehyuttiṣṭha priya na kupitāsmīti bāṣpākulākṣī gāḍhāśleṣapracalitakarā rudhyamānā sakhībhiḥ ||;
KokSam, 2: 2;39 1;kopaṃ caṇḍi tyaja parijane daivamatrāparāddhaṃ yenākāṇḍe samaghaṭi mahānāvayorviprayogaḥ |;
KokSam, 2: 2;39 2;itthaṃ baddhāñjali kṛtaruṣaṃ bhāvitāmagratastāṃ sāhaṃbhūtā priyacaṭuśatairudyatā vānunetum ||;
KokSam, 2: 2;40 1;gaṇḍālambairlulitamalakairdhūsarairvaktrabimbaṃ dṛṣṭvā śuddhasphaṭikaghaṭite bimbitaṃ bhittibhāge |;
KokSam, 2: 2;40 2;antargehaṃ jaladaśakalairāvṛto rohitāṅkaḥ kenānītaḥ pura iti bhiyā vyāharantī sakhīrvā ||;
KokSam, 2: 2;41 1;nidrāṃ prāptā kathamapi cirāttatra cālokinī māṃ śūnyāśleṣaṃ viracitavatī hanta ghātāt kucādryoḥ |;
KokSam, 2: 2;41 2;nirbhindānā nijakaradhṛtaṃ kaṅkaṇaṃ srastaśeṣaṃ paśyantīnāṃ nayanakamale badhnatī vā sakhīnām ||;
KokSam, 2: 2;42 1;vakti dhvāṅkṣaḥ suhṛdupagamaṃ dakṣiṇe kṣīravṛkṣe vāmaṃ netraṃ sphurati sucirāducchvasityadya cetaḥ |;
KokSam, 2: 2;42 2;kiñca svānaḥ śravaṇamadhuro jāyate kokilānāṃ prāṇeṣvāśāmiti kathamapi bhrātarābadhnatī vā ||;
KokSam, 2: 2;43 1;muktvā jīvāmyasusamamiti vrīḍitā vismitā vā tatsaṅgāśā punariha paraṃ heturityāsitā vā |;
KokSam, 2: 2;43 2;śocantī māṃ dayitamathavā viprayogāsahiṣṇuṃ strīṇāṃ ceṣṭāsviti hi virahotthāsu diṅmātrametat ||;
KokSam, 2: 2;44 1;gāḍhāśleṣavyatikararasagranthanādūyamānaḥ sambhogānte svapanavidhaye yaḥ purā dhūyate sma |;
KokSam, 2: 2;44 2;kaṇṭhotsaṅgānmama sa vidhinā vairiṇā dūrakṛṣṭo vāmo bāhustvayi savidhage yāsyati spandamasyāḥ ||;
KokSam, 2: 2;45 1;vakturvaktraṃ tamasi bhavato naiva dṛśyeta rātrāv āmadhyāhnaṃ bhavati niyamavyākulā vāsare sā |;
KokSam, 2: 2;45 2;sahyasparśe sati ravikare tām asahyasmarārtiṃ matsandeśaṃ maṇivalabhikām āśritaḥ śrāvayethāḥ ||;
KokSam, 2: 2;46 1;tyaktvā cūtānapi kusumitānāgato matsamīpaṃ kiṃ nveṣa syāt kamapi kuśalodantam ākhyātukāmaḥ |;
KokSam, 2: 2;46 2;ityālībhirbhṛtajalakaṇaṃ pāṇināmṛṣṭanetraṃ dṛṣṭaḥ spaṣṭākṣaramiti śanaiḥ śaṃsituṃ prakramethāḥ ||;
KokSam, 2: 2;47 1;amlānā te jayati kamanīyāṅgi maṅgalyabhūṣā patyuḥ pārśvāt suhṛdahamupeto .smi sandeśahāraḥ |;
KokSam, 2: 2;47 2;jātaṃ viddhi śrutisukhagirāṃ kokilānāṃ kule māṃ ye pañceṣoḥ kimapi pathikākarṣaṇaṃ ṣaṣṭhamastram ||;
KokSam, 2: 2;48 1;coleṣvāste sumukhi kuśalī tvatpriyaḥ pṛcchati tvāṃ kaccit kṣemaṃ bhajati bhavatītyāttavācaṃ bhavantam |;
KokSam, 2: 2;48 2;bhūyobhūyaḥ kathaya kathayetyālapantyaśrumiśraiḥ prītismerair madiranayanā mānayiṣyatyapāṅgaiḥ ||;
KokSam, 2: 2;49 1;evaṃ brūyāḥ punarajani yaḥ premakope mitho vāṃ jāte maune capalacapalastatkṣaṇaṃ pūrvamuktyām |;
KokSam, 2: 2;49 2;tādṛkpremṇaściravirahiṇaḥ prāṇanāthasya vāṇī seyaṃ mattaḥ śravaṇasarasā śrūyatāṃ śrāvyabandhā ||;
KokSam, 2: 2;50 1;kalyāṇāṅgi priyasahacarīṃ tvām anāsādayadbhir bāhyairakṣaiḥ saha paramahaṃ yāmi kāmapyavasthām |;
KokSam, 2: 2;50 2;dhanyaṃ cetaḥ punaridam ahorātram anyānapekṣaṃ tvayyāmagnaṃ bata nanu pṛthagbhāgyamapyekajānām ||;
KokSam, 2: 2;51 1;mādyadbhṛṅgaiḥ kumudapavanaistarjyamānasya ghorair ātaṅkākhye sarasi luṭhato hā niśīthe niśīthe |;
KokSam, 2: 2;51 2;nidrāmūke jagati rudati śvāsacintājuṣo me saṃkrandantaścaṭulanayane cakravākāḥ sahāyāḥ ||;
KokSam, 2: 2;52 1;mohādvaitaṃ viharati dhṛtirlīyate jāḍyamīne bhātyunmādo bhramati matirityādi so .haṃ na vedmi |;
KokSam, 2: 2;52 2;bāṇaṃ muñcan parisaracaro na svapan nāpi khādan kṛtsnaṃ jānātyalasagamane kevalaṃ pañcabāṇaḥ ||;
KokSam, 2: 2;53 1;kāle cāsmin kanadalibhṛtaḥ kampitāgrapravālāḥ kamrā vallyaḥ kimapi marutā cumbitā dakṣiṇena |;
KokSam, 2: 2;53 2;kiṃciddaṣṭādharakisalayāṃ prāṅmayā bhogakāle śītkurvāṇāṃ dhutakaratalāṃ tvāṃ priye smārayanti ||;
KokSam, 2: 2;54 1;aṃsālambiślathakacabharaṃ hastaruddhāmbarāntaṃ prākkrīḍānte tava maṇigavākṣopakaṇṭheṣu cāram |;
KokSam, 2: 2;54 2;smāraṃ smāraṃ kathamapi mayā muhyatā sahyate .sau mando vāyuḥ sutanu bakulodbhedasaurabhyabandhuḥ ||;
KokSam, 2: 2;55 1;tīrtvā rātriṃ virahamahatīṃ tīvratāpāṃ kathañcid dṛṣṭvā bhānoḥ kiraṇamaruṇaṃ jambhaśatrordigante |;
KokSam, 2: 2;55 2;pratyudyāntīṃ tvaritamabalāṃ śliṣyate bhāgyasīmne sāraṅgākṣi spṛhayati mano hanta cakrākhyayūne ||;
KokSam, 2: 2;56 1;utkaṇṭho .smi tvaduditadhiyā mugdhahaṃsīnināde tvadbhūṣāyāṃ hariti satataṃ locane pātayāmi |;
KokSam, 2: 2;56 2;tvatsaṃspṛṣṭe mama ca vapuṣi prema badhnāmi kānte satyaṃ prāṇānapi paramahaṃ tvatpriyān dhārayāmi ||;
KokSam, 2: 2;57 1;tvaṃ cāhaṃ ca kṣitim upagatāvityaviśleṣacintā nindāvantau smara iti mitho vākyasambhedasaukhyam |;
KokSam, 2: 2;57 2;spṛśyete nau niśi śaśikarairaṅgake yaugapadyāt tenāpyasti dviradagamane satyamāśleṣabuddhiḥ ||;
KokSam, 2: 2;58 1;hāhantāsminnasulabhamithodarśane viprayoge saivālambo mama bhagavatī bhāvanākalpavallī |;
KokSam, 2: 2;58 2;tvāmāsīnāmasakṛdanayā gāḍhamāliṅgya rāgād aṅkārūḍhāmalaghujaghane nocitaṃ vaktum anyat ||;
KokSam, 2: 2;59 1;jātaṃ ceto madanasubhaṭasyādya yogyaṃ śaravyaṃ naikacchidraṃ niyatamamutaḥ subhru vibhraṃśi dhairyam |;
KokSam, 2: 2;59 2;kālāt kṣīṇe punaravayave vardhate kevalaṃ no tāpastīvrasmarahutabhujā tasya varṇodgamo .pi ||;
KokSam, 2: 2;60 1;evaṃprāyā na hi na virahe jīvituṃ santyupāyāḥ satyaṃ taistaiḥ kṛtadhṛtirahaṃ prāṇimi prāṇanāthe |;
KokSam, 2: 2;60 2;niścityaivaṃ nirupamaguṇe sāhasebhyo nivṛttā tvaṃ ca snānādiṣu savayasāṃ prārthanāṃ mā niṣedhīḥ ||;
KokSam, 2: 2;61 1;tīrṇaprāyo virahajaladhiḥ śailakanyāprasādāccheṣaṃ māsadvitayamabale sahyatāṃ mā viṣīda |;
KokSam, 2: 2;61 2;dhūpodgāraiḥ surabhiṣu tato bhīru saudhāntareṣu krīḍiṣyāvo navajaladharadhvānamandrāṇyahāni ||;
KokSam, 2: 2;62 1;kacciccitte sphurati capalāpāṅgi cūrṇyāṃ kadācit srastottaṃsaṃ dhavalanayanaṃ dhautabimbādharoṣṭham |;
KokSam, 2: 2;62 2;snānānte te mukhamupasakhi prekṣamāṇe mayi drāgvakṣodaghne payasi punarapyāvayormajjanaṃ tat ||;
KokSam, 2: 2;63 1;āśliṣyantaṃ viṭapabhujayā tatra vallīranekāḥ krīḍārāme kamapi taruṇaṃ vīkṣya mākandavṛkṣam |;
KokSam, 2: 2;63 2;sācīkṛtya sphuradadharayā caṇḍi vaktraṃ bhavatyā subhrūbhaṅgaḥ sajalakaṇikaḥ preṣito mayyapāṅgaḥ ||;
KokSam, 2: 2;64 1;pratyākhyātaḥ praṇayini ruṣā bimbito .haṃ stane te sairandhryajñā sthagayitumabhūccandanena pravṛttā |;
KokSam, 2: 2;64 2;mā pāṭīraṃ pulakini punaścātra limpeti śaṃsaty ālīvṛnde smitajuṣi kṛtā dṛktvayā vrīḍagarbhā ||;
KokSam, 2: 2;65 1;uccinvatyāḥ kisalayarucā pāṇinodyānapuṣpaṃ sākaṃ bhṛṅgaistava mayi mukhāmbhojasaurabhyalubdhe |;
KokSam, 2: 2;65 2;reṇutrastā iva sumanasāṃ dakṣiṇāḥ kelisakhyaḥ kaṃcitkālaṃ karakisalayairapyadhurlocanāni ||;
KokSam, 2: 2;66 1;ityetasmānmama kuśalitāṃ viddhyabhijñānadānād bhūyaścaikaṃ śṛṇu sahacarīṃ dhūtanaikānunītim |;
KokSam, 2: 2;66 2;kelīhaṃse smarajuṣi haṭhāccumbatīṣatstanantīṃ tvaṃ tu smṛtvā kimapi bahalavrīḍamālokathā mām ||;
KokSam, 2: 2;67 1;rāgo nāma truṭati viraheṇeti lokapravādas tvatsambaddho mama śataguṇaḥ saṅgamādviprayoge |;
KokSam, 2: 2;67 2;so .yaṃ bhedo viṣayabhidayā saṅgame tvaṃ kilaikā viśleṣe tu tribhuvanamidaṃ jāyate tvanmayaṃ hi ||;
KokSam, 2: 2;68 1;etatkṛtyaṃ priyasakha mama bhrāturārtasya kṛtvā nāsīraḥ syā jagati karuṇāśālināṃ saṃvibhāge |;
KokSam, 2: 2;68 2;śaṃsanti tvāṃ nanu parabhṛtaṃ śaiśave yadbhṛto .nyaiḥ patrivrātābharaṇa bharaṇenādya sa tvaṃ pareṣām ||;
KokSam, 2: 2;69 1;evaṃ tasyā virahavidhuraṃ jīvitaṃ sthāpayitvā gaccha svecchāviharaṇa yathāprārthitaṃ digvibhāgam |;
KokSam, 2: 2;69 2;mānyaśrīḥ syānmadananṛpateḥ kokilā te .nukūlā bhūyānmaivaṃ sakṛdapi tayā viprayogaprasaṅgaḥ ||;
