unit ggg1;

{$mode objfpc}{$H+}

interface

uses
  Classes, SysUtils, Forms, Controls, Graphics, Dialogs, Grids, CheckLst,
  ExtCtrls, StdCtrls;

type

  { TForm1 }

  TForm1 = class(TForm)
    Button1: TButton;
    CheckListBox1: TCheckListBox;
    Image1: TImage;
    Panel1: TPanel;
    StringGrid1: TStringGrid;
    procedure Button1Click(Sender: TObject);
    procedure FormCreate(Sender: TObject);
  private

  public

  end;

var
  Form1: TForm1;

implementation
var
  A : Array of integer;
{$R *.lfm}

{ TForm1 }

procedure TForm1.FormCreate(Sender: TObject);
var i : longint;
begin
//  stringgrid1.LoadFromCSVFile('e:\3.0\sys\t\texts.csv',':',false);
//  stringgrid1.SaveToCSVFile('e:\_doc\dub\texts.csv',';',false);
  stringgrid1.LoadFromCSVFile('E:\_Doc\dub\mbh\212.csv',':',false);
  for i := 0 to stringgrid1.ColCount - 1 do
  checklistbox1.items.Add(stringgrid1.Cells[i,0]);
  setlength(A,stringgrid1.ColCount);
  image1.Width:=stringgrid1.Rowcount*3;
end;

procedure TForm1.Button1Click(Sender: TObject);
var sm,i,j,max : longint;
    s : string;
    C : longint;
    k : longint;
begin
  k := 1;
  image1.Left:=250;
  c := 0;
  image1.Top:=0;
  image1.Canvas.Pen.Width:=3;

//  for i := 0 to 6000 do
//  for j := 0 to 6000 do
//  image1.Canvas.pixels[i,j] := Clwhite;
sm := 0;
for i := 0 to stringgrid1.ColCount-1 do
for j := 0 to stringgrid1.RowCount- 1 do
begin
  s := stringgrid1.Cells[i,j];
  while pos(' ',s) > 0 do
  delete(s,pos(' ',s),1);
  while pos('%',s) > 0 do
  delete(s,pos('%',s),1);
  while pos('.',s) > 0 do
  s[pos('.',s)] := ',';
  if s = '' then s := '0';


  stringgrid1.Cells[i,j] := s;
end;
  max := 0;

  for i := 0 to stringgrid1.ColCount - 1 do
  A[i] := 0;

  for i := 0 to checklistbox1.Items.Count - 1 do
  if checklistbox1.Checked[i] then
  for j := 0 to stringgrid1.RowCount - 1 do
  if a[i] < round(strtofloat(stringgrid1.Cells[i,j])) then
  begin

     a[i] := round(strtofloat(stringgrid1.Cells[i,j]));
     if max < round(strtofloat(stringgrid1.Cells[i,j]))
     then max := round(strtofloat(stringgrid1.Cells[i,j]));
     if sm < max then sm := max;
  end;

  image1.Height:=sm*3;
  for i := 0 to checklistbox1.Items.Count - 1 do
  if checklistbox1.Checked[i] then
  begin
     max := a[i];
     if max < 100 then max := 100;
     inc(c);
     case c of
     1 :  image1.Canvas.Pen.Color:=ClWhite;
     2 :  image1.Canvas.Pen.Color:=ClBlue;
     3 :  image1.Canvas.Pen.Color:=ClinfoBk;
     4 :  image1.Canvas.Pen.Color:=Clyellow;
     5 :  image1.Canvas.Pen.Color:=ClSilver;
     6 :  image1.Canvas.Pen.Color:=ClRed;
     7 :  image1.Canvas.Pen.Color:=Clolive;

     end;

     if max > 2000 then max := 2000;
  image1.Canvas.MoveTo(0,max*3);
  for j := 0 to stringgrid1.RowCount - 1 do
  begin

      image1.Canvas.lineTo(j*3,3*(max - (round(strtofloat(stringgrid1.Cells[i,j])))));
      if max - round(strtofloat(stringgrid1.Cells[i,j])) <=105 then
      image1.Canvas.TextOut(j*3,max*3,inttostr(j)+' -  '+stringgrid1.Cells[i,j]);




  end;
  image1.Canvas.Pen.Color:=ClSilver;
  image1.Canvas.Pen.width := 4;
  image1.Canvas.Line(0,3*max,j*3,3*max);
  image1.Canvas.Pen.width := 3;
  end;

  image1.Canvas.TextOut(0,sm*3+32,'1');
  image1.Canvas.TextOut(5900,sm*3+32,inttostr(j));
  image1.Canvas.TextOut(0,sm*3+72,'Chapters');



  image1.Picture.SaveToFile('123.bmp');








end;

end.

