Textname;Author
Rasādhyāyaṭīkā; 
Rasahṛdayatantra;Govindbhagavatpāda
Rasakāmadhenu;Śrīcūḍāmaṇimiśra
Śāṅkhāyanagṛhyasūtra; 
Śāṅkhāyanāraṇyaka; 
Śāktavijñāna;Somānanda
Śārṅgadharasaṃhitā;Śārṅgadhara
Śārṅgadharasaṃhitādīpikā;Āḍhamalla
Śatakatraya;Bhartṛhari
Śatapathabrāhmaṇa; 
Śikṣāsamuccaya;Śāntideva
;
Śivapurāṇa; 
Śivasūtra; 
Śivasūtravārtika;Varadarāja
Śukasaptati; 
Śvetāśvataropaniṣad; 
Śyainikaśāstra;Rudradeva
2. fiktiver Komm. zum Hitopadeśa; 
A concise history of science in India;D.M. Bose  S.N. Sen  B.V. Subbarayappa
A history of Indian medical literature  I A;G.J. Meulenbeld
A history of Indian medical literature  II B;G.J. Meulenbeld
A Sanskrit Dictionary of Law and Statescraft;Olivelle  Patrick
A survey of Hinduism;Klaus K. Klostermaier
A Vedic Grammar for Students;Macdonell  A.A.
Āśvālāyanaśrautasūtra; 
Āśvalāyanagṛhyasūtra; 
Aṣṭāṅgahṛdayasaṃhitā;Vāgbhaṭa
Aṣṭāṅganighaṇṭu;Vāhaṭa
Aṣṭāṅgasaṃgraha; 
Aṣṭādhyāyī;Pāṇini
Aṣṭādhyāyī of Pāṇini; 
Aṣṭasāhasrikā; 
Aṣṭāvakragīta; 
Abhidhānacintāmaṇi;Hemacandra
Abhidharmakośa;Vasubandhu
Abhidharmakośabhāṣya;Vasubandhu
Abhinavacintāmaṇi;Cakrapāṇidāsa
Acintyastava;Nāgārjuna
Agastīyaratnaparīkṣā; 
Agnipurāṇa; 
Aitareyabrāhmaṇa; 
Aitareyopaniṣad; 
Alchemy and sacred geography in medieval Deccan.;Rosu  Arion
Allgemeine Geschichte der Philosophie;Deussen  Paul
Amarakośa;Amara
Amaraughaśāsana;Gorakṣanātha
Amaruśataka;Amaru
AMTest; 
Amṛtabindūpaniṣat; 
An English translation of the Suśrutasaṃhitā; 
An English Translation of the Sushruta Samhita  vol. I; 
An illustrated Ardhamagadhi dictionary;Ratnachandraji Maharaj
An Index to the Names in the Mahābhārata;S. S￶rensen
An introduction to Buddhism.;Peter Harvey
Ānandakanda; 
Anga Suttani; 
Antagaḍadasāo; 
Āpastambaśrautasūtra; 
Āpastambagṛhyasūtra; 
Arthaśāstra;Kauṭilya
Āryāsaptaśatī;Govardhana
Atharvaprāyaścittāni; 
Atharvaveda Śaunaka); 
Atharva-Veda Saṃhitā;William Dwight Whitney
Atharvaveda-Paippalāda  Kāṇḍa Five;Lubotsky  Alexander
Atharvavedapariśiṣṭa; 
Avadānaśataka; 
Āyaraṅga; 
Āyāracūlā; 
Āyurvedadīpikā;Cakrapāṇidatta
Ayurvedarasāyana;Hemādri
Balarāma im Mahābhārata;Bigger  Andreas
Baudhāyanaśrautasūtra; 
Baudhāyanadharmasūtra; 
Baudhāyanagṛhyasūtra; 
Bhadrabāhucarita; 
Bhāgavatapurāṇa; 
Bhairavastava;Abhinavagupta
Bhallaṭaśataka;Bhallaṭa
Bhāradvājagṛhyasūtra; 
Bhāratamañjarī;Kṣemendra
Bhāvaprakāśa;Bhāvamiśra
Bhramarāṣṭaka; 
Bījanighaṇṭu; 
Bodhicaryāvatāra;Śāntideva
Brahmabindūpaniṣat; 
British Eighteenth-Century Chemical Terms;Eklund  Jon
Buddhacarita;Aśvaghoṣa
Buddhist Hybrid Sanskrit;Edgerton
Bṛhadāraṇyakopaniṣad; 
Bṛhatkathāślokasaṃgraha;Buddhasvāmin
Cakra ?) on Suśr; 
Carakasaṃhitā; 
Carakatattvapradīpikā;Śivadāsasena
Caurapañcaśikā;Bilhaṇa
Chāndogyopaniṣad; 
Classical Hindu mythology; 
Comm. on the Kāvyālaṃkāravṛtti; 
Commentary on Amaraughaśāsana; 
Commentary on the Kādambarīsvīkaraṇasūtramañjarī; 
Cuire le monde;Charles Malamoud
Daśakumāracarita;Daṇḍin
D￤cher  Decken und Gew￶lbe indischer Kultst￤tten und Nutzbauten.;Fischer  Klaus
Darśan;Diana L. Eck
Das Śrautasūtra des Āpastamba;Caland  W. transl.)
Das altindische Buch vom Welt- und Staatsleben;Meyer  J.J.
Das Jaiminīya-Brāhmaṇa in Auswahl;Caland  W.
Das Rāmāyaṇa;Jacobi  Hermann
Der Jainismus;von Glasenapp  Helmuth
Der Mondschein der Sāṃkhya-Wahrheit in deutscher ￜbersetzung;Richard Garbe
Der Rigveda in Auswahl. Erster Teil; Glossar
Der Rig-Veda. Aus dem Sanskrit ins Deutsche ￼bersetzt;Geldner  K. F.
Devīkālottarāgama; 
Devīmāhātmya; 
Dhanurveda;Sadāśiva
Dhanvantarinighaṇṭu; 
Die altindische Stadt;Schlingloff  Dieter
Die Feldfr￼chte Indiens in ihrer geographischen Verbreitung;Th. H. Engelbrecht
Die Lehre der Jainas;Walther Schubring
Die philosophisch-theologischen Lehren des Pāśupata-Systems;Schultz  Friedrich August
Die Religionen Indiens;Gonda  Jan
Die Sāṃkhya-Philosophie;Richard Garbe
Divyāvadāna; 
Early Indian secular architecture;K. Krishna Murthy
Ein buddhistisches Yogalehrbuch;Schlingloff  D.
Ekākṣarakoṣa;Puruṣottamadeva
Encyclopaedia of Indian Temple Architecture. North India. Foundations of North Indian Style c. 250 B.C. - A.D. 1100;Meister  M.W.
Essays in early Indian architecture.;Coomaraswamy  Ananda K.
Etymologisches W￶rterbuch des Altindoarischen;Mayrhofer  Manfred
Exploration of underground water springs according to the ancient Hindus;E.G.K. Rao
Gūḍhārthadīpikā;Kāśirāma
Gaṇakārikā;Haradatta
Garbhopaniṣat; 
Garuḍapurāṇa; 
Gautamadharmasūtra; 
Gheraṇḍasaṃhitā; 
Gītagovinda;Jayadeva
Gmelins Handbuch der anorganischen Chemie; 
Gmelins Handbuch der anorganischen Chemie; 
Gmelins Handbuch der anorganischen Chemie; 
G￸ḍhārthaprakāśaka;Raṅganātha
Gobhilagṛhyasūtra; 
Gokarṇapurāṇasāraḥ; 
Gopathabrāhmaṇa NEW; 
Gorakṣaśataka;Gorakhnath
Gorakhnath and the Kanphata Yogins;Briggs
Ṛgveda; 
Ṛgvedakhilāni; 
Ṛgvedavedāṅgajyotiṣa;Lagadha
Gṛhastharatnākara;Caṇḍeśvara Ṭhakkura
Haṭhayogapradīpikā;Svātmarāma
Haṃsadūta;Rūpa Goswāmin
Haṃsasaṃdeśa;Vedānta Deśika
Harṣacarita;Bāṇa
Hārāṇacandara on Suśr; 
Haribhaktivilāsa;Gopālabhaṭṭa
Hindu Tantrism;Sanjukta Gupta; Dirk Jan Hoens; Teun Goudriaan
Hiraṇyakeśigṛhyasūtra; 
History of chemistry in ancient and medieval India;Ray  Praphulla Chandra
Hitopadeśa;Nārāyaṇa
Hymnes de Abhinavagupta;Silburn  Lilian
Hymns of the Atharva-Veda;Bloomfield  Maurice
Ṭikanikayātrā;Varāhamihira
Index of Viṃśatikā and Triṃśatikā;Bareau
Indian Epigraphical Glossary;Sircar  D.C.
Indian lexicography;Vogel  Claus
Indu ad AHS);Indu
Jaiminigṛhyasūtra; 
Jaiminīyabrāhmaṇa; 
Janmamaraṇavicāra;Vāmadeva
Kūrmapurāṇa; 
Kāśikāvṛtti;Jayāditya  Vāmana
Kāṭhakagṛhyasūtra; 
Kaṭhopaniṣad; 
Kādambarīsvīkaraṇasūtramañjarī;Purūravas
Kaiyadevanighaṇṭu; 
Kālikāpurāṇa; 
Kāmakuñjalatā;P. Ḍhuṇḍhirājśāstrā
Kāmasūtra;Vātsyāyana
Kashmir Shaivism;Jagdish Chandra Chatterji
Kathāsaritsāgara;Somadeva
Kātyāyanaśrautasūtra; 
Kātyāyanasmṛti; 
Kauśikasūtra; 
Kauśikasūtradārilabhāṣya; 
Kauṣītakyupaniṣad; 
Kaulāvalīnirṇaya; 
Kāvyādarśa;Daṇḍin
Kāvyālaṃkāra;Bhāmaha
Kāvyālaṃkāravṛtti;Vāmana
Kāvyasaṃgraha; 
Khādiragṛhyasūtra; 
Khādiragṛhyasūtrarudraskandavyākhyā;Rudraskanda
King  Governance and Law in Ancient India;Olivelle  Patrick
Kirātārjunīya;Bhāravi
Kokilasaṃdeśa;Uddaṇḍa
Kranich und Reiher im Sanskrit;Paul Thiem
Kumārasaṃbhava;Kālidāsa
;
Kurzgefa￟tes W￶rterbuch ...;M. Mayrhofer
Kṛṣṇāmṛtamahārṇava;Mādhva
Kṛṣiparāśara;Parāśara
La doctrine du sacrifice dans les Brahmanas;L￩vi  Sylvain
La Kāśikā-vṛtti; 
Laṅkāvatārasūtra; 
Lalitavistara; 
Le discours des rem￨des au pays des ￩pices;Zimmermann  Francis
Les enseignements architecturaux de l\Ajitāgama et du Rauravāgama Dagens; Bruno Etudes sur les āgama śivaites
Les lapidaires indiens;Finot  Louis
Les Strophes de Sāṃkhya Sāṃkhyakārikā); 
Liṅgapurāṇa; 
Mūlamadhyamakārikāḥ;Nāgārjuna
Maṇimāhātmya; 
Madanapālanighaṇṭu;Vinoda
Mahābhārata; 
Mahācīnatantra; 
Maitrāyaṇīsaṃhitā; 
Mānavagṛhyasūtra; 
;
Manusmṛti;Manu
Matsyapurāṇa; 
Mātṛkābhedatantra; 
Mayamata; 
Meghadūta;Kālidāsa
Mindat; 
Minerals and gems in Indian alchemy;Ray  Mira
Miscellanea de operibus āyurvedicis;Das  Rahul Peter
Miscellanea de operibus āyurvedicis II);Das  Rahul Peter
Muṇḍakopaniṣad; 
Mugdhāvabodhinī;Caturbhuja Miśra
Mukundamālā;Kulaśekhara
Mṛgendraṭīkā;Nārāyaṇakaṇṭha
Mṛgendratantra; 
Nāṭyaśāstra;Bharata
Nāṭyaśāstravivṛti;Abhinavagupta
Nāḍīparīkṣā;Rāvaṇa
Nāḍīvijñāna;Kaṇāda
Nachtrag zum W￶rterbuch des altindischen Rituals;Mylius  Klaus
Nachtragsw￶rterbuch des Sanskrit;Schmidt  R.
Nādabindūpaniṣat; 
Nāradasmṛti; 
Narasiṃhapurāṇa; 
Narmamālā;Kṣemendra
Nibandhasaṃgraha;Dalhaṇa
Nighaṇṭuśeṣa;Hemacandra
Nirukta;Yāska
Nyāyabhāṣya;Vātsyāyana
Nyāyabindu;Dharmakīrti
Nyāyacandrikāpaṇjikā;Gayadāsācārya
Nyāyasūtra;Gautama
Nyāyasūtra;Gautama
OH meanings;Oliver Hellwig
On the Dravyaguṇasaṃgraha of Cakrapāṇidatta;Sharma  P.V.
On the identity of arka  an Āyurvedic class of medicines;Kumar  Damodaran Suresh
Origin and tradition of alchemy;Rāy  Priyadaranjan
Pāśupatasūtra; 
;
Padārthacandrikā;Candranandana
Pañcārthabhāṣya;Kauṇḍinya
Pañcaviṃśabrāhmaṇa; 
Panels of the VIIth World Sanskrit Conference;Volume VIII
Paṃcasuttaṃ; 
Parāśaradharmasaṃhitā; 
Parāśarasmṛtiṭīkā;Sāyaṇamādhavācārya
Paraśurāmakalpasūtra; 
Pāradasaṃhitā;Nirañjanaprasād Gupta
Paramānandīyanāmamālā;Makarānanda
Pāraskaragṛhyasūtra; 
Pavanadūta;Dhoyi
Petersburger W￶rterbuch; 
Pottery in Vedic literature;Kashikar  Chintamani Ganesh
Prasannapadā;Candrakīrti
Rājamārtaṇḍa;Bhoja
Rājanighaṇṭu;Narahari
Rāmāyaṇa;Valmīki
Rasādhyāya; 
;
Rasamañjarī;Śālīnātha
Rasaprakāśasudhākara;Yaśodhara
Rasaprakāśasudhākara;Yaśodhara
Rasārṇava; 
Rasārṇavakalpa; 
Rasārṇavam nāma rasatantram; 
Rasārṇavam nāma rasatantram; 
Rasaratnākara;Nitya Nātha Siddha
Rasaratnākara Ṛddhikhaṇḍa;Nityanātha
Rasaratnākara Rasakhaṇḍa;Nityanātha
Rasaratnasamuccaya;Vāgbhaṭa
Rasaratnasamuccayaṭīkā; 
Rasaratnasamuccayabodhinī;Āśubodhavidyābhūṣaṇa  Nityabodhavidyāratna
Rasaratnasamuccayadīpikā;Hazārīlāl Sukul
Rasasaṃketakalikā;Kāyasthacāmuṇḍa
Rasataraṅgiṇī; 
Rasendracūḍāmaṇi;Somadeva
Rasendracintāmaṇi;Ḍhuṇḍhukanātha
Rasendrasārasaṃgraha;Gopālakṛṣṇabhaṭṭa
Rasikapriyā;Kumbha
Rasikasaṃjīvanī;Arjunavarmadeva
Ratna Dīpikā and Ratna Śāstram; 
Ratnaṭīkā;Bhāsarvajña
Ratnadīpikā; 
Reflections on the basic concepts on Indian pharmacology;G.J. Meulenbeld
Religious beliefs and practices of North Indie during the early mediaeval period;V.Bh. Mishra
Remarkable words from the Kāvyamīmāṃsā;Renou  Louis
Rigveda Brahmanas;Keith  Arthur B.
Ritualliteratur;Hillebrandt  Alfred
Rivelex; Rigveda-Lexikon
Sūryaśataka;Mayūra
Sūryaśatakaṭīkā;Tribhuvanapāla
Sūryasiddhānta; 
Saṅghabhedavastu; 
Sanskritischer Index der jungvedischen Namen und Sachen  Teil I;Mylius  Klaus
Sanskritischer Index der jungvedischen Namen und Sachen  Teil II;Klaus Mylius
Sanskṛt-English dictionary;Monier-Williams  Sir M.
Sāṃkhyakārikā;Īśvarakṛṣṇa
Sāṃkhyakārikābhāṣya;Gauḍapāda
Sāṃkhyatattvakaumudī;Vācaspatimiśra
Saṃvitsiddhi;Yāmuna
Sarvāṅgasundarā;Aruṇadatta
Sarvadarśanasaṃgraha;Mādhava
Sarvāstivāda Buddhist scholasticism;Charles Willemen  Bart Dessein  Collett Cox
Sātvatatantra; 
Saundarānanda;Aśvaghoṣa
Skandapurāṇa; 
Skandapurāṇa Revākhaṇḍa); 
Smaradīpikā;Mīnanātha
Some aspects of glass manufacturing in ancient India;Govind  Vijay
Spandakārikā;Vasugupta
Spandakārikānirṇaya;Kṣemarāja
Sphuṭārthāvyākhyā;Yaśomitra
Studies on Indian medical history.; 
Suśrutasaṃhitā;Suśruta
Taittirīyasaṃhitā; 
Taittirīyopaniṣad; 
Tantrākhyāyikā; 
Tantrāloka;Abhinavagupta
Tantrasāra;Abhinavagupta
Tapas und tapasvin in den erz￤hlenden Partien des Mahābhārata;Shee  Monika
Tarkasaṃgraha;Annambhaṭṭa
Tattvavaiśāradī; 
The Śatapatha Brāhmaṇa According to the Text of the Mādhyandina Recension;Julius Eggeling tr.)
The āśrama system;Patrick Olivelle
The alchemical body;D.G. White
The Antagaḍa-Dasāo and Aṇuttarovavāiya-Dasāo; 
The Arthaśāstra;Kauṭilya
The Ātharvaṇa Upanishads; 
The Atharvaveda and the Gopathabrāhmaṇa;Bloomfield  Maurice
The constraints of theory in the evolution of nosological classifications;Meulenbeld  G.J.
The Early Upaniṣadas;Olivelle  Patrick
The ghaṭikā of the twice-born in South Indian inscriptions;Tieken  Herman; Sato  Katsuhiko
The heroic satī or the widow ascetic;Leslie  Julia
The International Plant Names Index 2004).; 
The Kauṭilīya Arthaśāstra;Kangle  R.P.
The Mādhavanidāna and its chief commentary;Meulenbeld  G.J.
The Materia medica of the Hindus;Dutt  Udoy Chand
The Nighaṇṭu and the Nirukta;Lakshman Sarup Ed.)
The origin of the life of a human being;Rahul Peter Das
The Oxford Hindi-English dictionary;McGregor  R. S.
The presence of Śiva;Kramrisch  Stella
The Rigveda. The earliest religious poetry of India;Jamison and Brereton
The social and military position of the ruling caste in ancient India.;Hopkins  Edward W.
The useful plants of India;H. Drury
The Veda of the Black Yajus School;Keith  Arthur Berriedale
The Vocabulary of the Rāmāyaṇa;Sen  Nilamadhab
Toḍalatantra; 
T￶pferei und Tongeschirr im vedischen Indien;Rau  Wilhelm
Translation of Gītā;Johnston
Trikāṇḍaśeṣa;Puruṣottadeva
Tropical flowering plants;Llamas  Kirsten Albrecht
Ṛtusaṃhāra;Kālidāsa
Tṛtīyakaḥ phenakaḥ;Sarma  S.R.
Uḍḍāmareśvaratantra; 
Ueber die Entstehung der Śvetāmbara und Digambara Sekten;Hermann Jacobi
Une technique du rasāyana āyurv￩dique;Rosu  Arion
Upaniṣads  ￜbersetzung;Deussen  Paul
Vāc;Padoux  Andr￩
Vācaspatimiśras Tattvakaumudī;Srinivasa Ayya Srinivasan
Vāgbhaṭas\s Aṣṭāṅgahṛdayasaṃhitā  Ein altindisches Lehrbuch der Heilkunde  0 Luise Hilgenberg;
Vaiśeṣikasūtra;Kaṇāda
Vaiśeṣikasūtravṛtti;Candrānanda
Vaiṣṇavism  Śaivism  and minor religious systems.;R.G. Bhandarkar
Vaikhānasadharmasūtra; 
Vaikhānasagṛhyasūtra; 
Vārāhagṛhyasūtra; 
Varāhapurāṇa; 
Vātūlanāthasūtras; 
Vātūlanāthasūtravṛtti;Anantaśaktipāda
Vedachrestomathie;Hillebrandt  Alfred
Vetālapañcaviṃśatikā; 
Viṣṇupurāṇa; 
Viṣṇusmṛti; 
Viṣkali-  Name of an Accouching Deity;Kuiper  F.B.J.
Vidyādharas;Grafe  J￶rg
Viṃśatikākārikā;Vasubandhu
Viṃśatikāvṛtti;Vasubandhu
Vivāgasuyaṃ; 
Vṛddhayamasmṛti;Yama
Vṛkṣāyurveda;Surapāla
Webmineral; 
Worship of the goddess according to the Kālikāpurāṇa;K.R. von Kooji
W￶rterbuch Ardhamāgadhī-Deutsch;Mylius  Klaus
W￶rterbuch des altindischen Rituals;Klaus Mylius
W￶rterbuch des Ṛigveda;Grassmann
Yājñavalkyasmṛti;Yogīśvara Yājñavalkya
Yoga;Mircea Eliade
Yoga et alch￩mie;Rosu  Arion
Yogaratnākara; 
Yogasūtra;Patañjali
Yogasūtrabhāṣya;Vyāsa
