,74,0,asana
,66,0,Dharmaśāstra
,451,0,History
,179,0,Language
,224,0,Logic
,75,0,narrativeliterature
,87,0,NaturalSciencesandMathematics
,188,0,Poetry
,59,0,ReligionandPhilosophy
,91,0,Socialsciences
,612,0,Theatre,nāṭyaśāstra
,192,0,Travel
,157,0,war
,452,451,Dynasties
,57,179,Grammar
,280,57,Accents
,341,57,Nounderivation
,351,57,Phonetics
,279,57,Reduplication
,291,57,Syntax
,58,179,Lexicography
,381,179,linguisticspeculation
,68,179,mantra
,571,68,om,oṃ
,180,179,Poetology
,596,179,prosody
,602,596,Vedicmetres
,597,602,gāyatrī
,670,602,sāvitrī
,288,75,fable
,147,75,Harivaṃśa
,148,75,Mahābhārata
,196,75,Moralliterature
,159,75,Purāṇa
,427,159,systematics
,143,75,Rāmāyaṇa
,272,75,Storiesandmotives
,430,272,ŚaibyāandŚatadhanu
,449,272,Śiśupāla
,390,272,Ṛṣyaśṛṅga
,408,272,Aṣṭāvakra
,388,272,BaliandIndra
,420,272,Bharata
,374,272,Bhṛgu
,372,272,Dakṣa
,342,372,Dakṣa\ssacrificeandSatī
,347,272,DevalaandAsita
,373,272,Dhruvaaka.PolarStar
,623,272,IlāandIlaIḍa

,392,272,Jayadratha
,384,272,KarṇafromMBh

,397,272,Kṛpa,Śaradvat
,396,272,Māṇḍavya
,444,272,Māndhātṛ
,314,272,Marutta
,364,272,Nahuṣa
,389,272,NalaandDamayantī
,273,272,Paraśurāma
,378,272,Pracetas
,414,272,Prahlāda,Hiraṇyakaśipu
,386,272,Pulomā/an
,377,272,PṛthuandtheEarth
,448,272,Rāji
,371,272,Sagara,Sāgara
,411,272,SundaandUpasunda
,398,272,Surabhī,thewishingcow
,412,272,Tilottamā
,345,272,Tritaandhisbrothers
,447,272,UrvaśīandPurūravas
,406,272,VātāpiandIlvala
,321,272,VṛtraandIndra
,391,272,Yayāti,Devayānī,Śarmiṣṭhā
,199,87,Agriculture
,52,87,Alchemy
,662,52,purificationofgold
,223,87,Architecture
,56,87,Astrology
,33,87,Astronomy
,170,33,Cosmology
,48,87,Botany
,197,87,Cosmography
,65,87,Kāmaśāstra
,145,87,Magic,sorcery
,563,145,againstdangerousanimals
,552,145,againstanger,wrath,fury
,545,145,againstbaddreams
,649,145,againstbadluck
,540,145,againstbadominaandpresigns
,581,145,againstbadweather
,542,145,againstcurses
,635,145,againstdangers,difficultsituations
,557,145,againstdeath,Nirṛti
,506,145,againstdemons,rakṣas,evilspirits
,494,145,againstenemies,armies,weapons
,491,145,againstevil
,551,145,againstfear
,567,145,againstfire,incendy
,530,145,againstjealousy
,510,145,againstpoison,venom
,527,145,againstrivals
,570,145,againstsins,misdeeds
,492,145,againstwitchcraft,sorcery
,561,145,amulets
,537,145,cātanahymn
,528,145,foragoodbirth
,501,145,foraking
,607,145,foraid,support
,553,145,forbattlefury
,534,145,forcattle,cows
,573,145,forchildren,offspring,progeny
,558,145,forconcord,harmony
,550,145,forfame,glory
,578,145,forimpotency
,568,145,forintelligence,wisdom
,532,145,forlonglife
,497,145,forlove,lovecharms
,576,145,forluck,happiness
,505,576,forluckingambling
,495,145,formaterialsuccess,riches,wealth
,498,145,forpotency
,512,145,forprotectionandluck
,533,145,forsuccessindiscussions
,539,145,forsuccess,authority
,645,145,forsufficientfood
,525,145,forthebirthofsons
,651,145,forvictoryinbattle
,500,145,forwaterandrain
,490,145,magicalhealing,againstdiseases
,650,490,againstfever
,556,490,againstserpents,snakebites
,564,490,yakṣma
,232,145,Prophesy
,233,232,Palmistry
,499,145,puttingtosleep
,50,87,Medicine
,562,50,anatomy,humanbody
,464,50,birth,pregnancy
,646,50,bodyfunctions
,647,646,urination
,306,50,digestion
,246,50,diseases
,266,246,śotha
,250,246,śvāsa
,255,246,amlapitta
,257,246,arśas
,253,246,arocaka
,489,246,āsrāva
,258,246,atisāra,flux,diarrhea
,526,246,balāsa
,249,246,cough,kāsa
,247,246,fever,jvara
,559,246,fracture,brokenbone
,259,246,grahaṇīdoṣa
,261,246,gulma
,251,246,hikkā
,507,246,jaundice
,252,246,kṣaya,rājayakṣman
,268,246,kuṣṭha
,536,246,leprosy,kilāsa
,256,246,madātyaya
,569,246,madness,unmāda,insanity
,265,246,pāṇḍuroga
,263,246,plīhan
,248,246,raktapitta
,509,246,skindiseases
,514,246,takman
,264,246,udara
,260,246,urinarydiseases
,271,246,vātarakta
,270,246,vātavyādhi
,262,246,vidradhi
,267,246,visarpa
,566,246,vraṇa,sore
,269,246,worms,krimi,ghuṇa
,339,50,embryology
,307,50,life,jīva
,323,50,marman
,127,50,Materiamedica
,90,50,nāḍīvijñāna
,128,50,Nosology
,254,50,pathogenesis,originofadisease
,493,50,pediatrics,childdiseases
,213,50,poison,antidotes
,524,50,prevention
,289,50,prognosis
,290,289,ariṣṭa,riṣṭa,kālavijñāna
,162,50,Therapy
,163,162,Aphrodisiacs
,305,162,rasāyana
,577,305,forhair,againstpalitaetc.
,477,87,meteorology,weather
,225,87,Methodology
,63,87,Mineralogy,jewels,metals
,362,63,gold
,419,87,water,rain
,101,87,Weights,measures
,49,87,Zoology
,580,49,cattle
,520,49,dogs
,522,49,frogs
,565,49,horses
,189,188,Naturepoetry
,238,188,subhāṣita
,94,59,ṣaḍdarśanas
,122,94,Nyāya
,81,94,Sāṃkhya
,329,81,ahaṃkāra
,82,81,Cosmogony
,328,81,kṣetrajña
,330,81,mahant
,83,81,mankind
,156,81,Sensesandworld
,164,94,Vaiśeṣika
,64,94,Yoga
,73,64,hathayoga
,151,64,TechniqueofYoga
,89,59,Buddhism
,96,89,Buddha\slife
,523,89,jātaka,avadāna
,123,89,Schools
,166,123,Mahāyāna
,124,123,Yogācāra
,541,89,worshipofrelics,stūpas
,515,89,worshipoftheBuddha
,333,59,conflictingworldviews
,88,59,Hindu
,121,88,Non-vegetarism,meat
,402,121,humanmeat,cannibalism
,424,88,śruti,Veda
,657,424,Atharvaveda
,660,424,non-standardVedassarpaveda,...

,658,424,originoftheVedas
,546,424,Vedichymns,śastras
,617,546,ṣoḍaśin
,620,546,āśvina
,547,546,aponaptrīya
,476,546,Āprihymn
,618,546,atirātra
,673,546,āvāpa,insertion
,678,546,dūrohaṇa
,681,546,evayāmarut,ṚV5.87
,672,546,saṃpāta,sampāta
,669,546,subrahmaṇyā
,679,546,vālakhilyā
,680,546,vihāra,transposition
,426,424,Vedicschools,śākhās
,422,88,advaitaphilosophy
,485,88,brahman
,304,88,calmnessofmind
,119,88,Cosmogonygen.

,142,119,ChurningoftheMilkOcean
,150,119,Creationoftheworld
,370,150,Prajāpati\schildren
,152,119,Genealogies
,229,119,Geography
,428,229,dvīpa
,429,428,Śvetadvīpa
,230,229,Hells
,343,229,India
,344,343,Himālaya
,331,229,Structureoftheworld
,417,229,svarga,heaven
,193,229,Underworld,hell,naraka
,139,119,inundation
,423,119,Manu,manvantara
,585,119,micro-macrocosmosspeculation
,228,119,People
,136,119,pralaya,destructionoftheworld
,582,119,puruṣa,primevalman
,155,119,triguṇa
,141,119,warandrivalryofDevasandAsuras
,361,88,cow
,665,361,agnihotrī
,663,361,milk
,664,361,vaśā
,353,88,daivavs.puruṣakāra
,194,88,Deitiesandcults
,379,194,Śakti
,380,379,Śrīvidyā
,504,194,Śarva
,354,194,Śrī
,244,194,Ṛṣi
,405,244,Agastya
,376,244,Vāmadeva
,403,244,Vasiṣṭha
,352,244,Viśvāmitra
,442,194,Aśvins
,443,194,AṅgirasandhisdescendantsĀṅgirasas

,465,194,Aditi
,470,194,Ādityas
,407,194,Agni
,609,407,AgniGārhapatya
,560,407,Agniinthewater
,484,407,AgniVaiśvānara
,685,407,sacrificialfire
,584,194,Anumati
,473,194,ApāṃNapāt
,487,194,Apsaras
,457,194,Aryaman
,496,194,Bhaga
,154,194,Bhakti
,503,194,Bhava
,469,194,Ṛbhus
,480,194,Brahmā
,468,194,Brahmaṇaspati
,445,194,Bṛhaspati
,555,194,Candra,Candramas,moon
,242,194,celestialbodies
,243,242,Budha,Mercury
,237,242,Grahas
,517,194,Dadhikrāvan

,601,194,deitiesofthemoon
,641,601,Amāvāsyā
,599,601,Kuhū
,642,601,Paurṇāmāsī
,600,601,Rākā
,598,601,Sinīvalī
,583,194,Dhātṛ
,511,194,dikpālas,guardiansofthequarters
,219,194,Durgā
,502,194,dyāvāpṛthivī,heavenandearth
,483,194,Earth,bhūmi,pṛthivī
,241,194,Gaṇeśa
,488,194,Gandharva
,479,194,ghost,monster,demon
,171,194,Indra
,399,171,Indra\scapital
,543,171,Valamyth
,322,171,Vṛtra
,317,194,Kāma
,318,317,burntbyŚiva
,395,194,Kubera
,416,194,Maruts
,456,194,Mitra
,195,194,Nāga
,418,195,Śeṣa
,474,194,Nirṛti
,440,194,Pūṣan
,482,194,Parjanya,rain
,320,194,Pārvatī
,235,194,Pitṛworship
,454,194,Prajāpati
,604,454,Prajāpatiandhisdaughter
,613,454,Prajāpaticreatestheworld
,475,194,Riverdeities
,471,194,Rudra
,211,194,Sūrya,Savitṛ,sun
,231,211,Sūrya\schariot
,611,211,sunandsacrifice
,627,211,sunisfastenedtothesky
,626,211,sunbeams
,595,194,Sarasvat
,455,194,Sarasvatī,Vāc,speech
,60,194,Shivaism,Śiva
,275,60,Śivaiterituals
,276,275,bhasmasnāna,ashes
,625,60,createsfever
,76,60,DvaitaShaivism
,62,60,KashmirianShivaism
,621,60,killsMahiṣa
,315,60,NamesofŚiva,sahasranāman
,606,60,paśupati
,77,60,PashupataShaivism
,282,77,Anti-socialbehaviour
,409,60,praiseofŚiva
,67,60,ShivaiteTantrism
,129,60,Stories
,130,129,Andhaka
,605,129,attacksPrajāpati
,316,129,BurningofKāma
,131,129,Dāruvana
,415,129,Kirātārjunīya
,132,129,Nandin
,319,129,Tāraka
,368,129,thirdeye
,158,129,Tripura
,346,194,Skanda
,439,194,Soma
,216,194,Tantrism
,644,194,Tārkṣya
,467,194,Tvaṣṭṛ
,472,194,Uṣas
,529,194,Vācaspati
,458,194,Varuṇa
,519,194,Vāstoṣpati
,461,194,Vāta,Vāyu
,446,194,Viśvakarman
,466,194,Viśvedevāḥ
,61,194,Viṣṇu,Vishnuism
,134,61,avatāras
,435,134,Balarāma
,149,134,Buddha
,135,134,Kalkin

,245,134,Kṛṣṇa
,431,245,Birth,childhood,andyouth
,432,431,Kaṃsa
,434,431,KṛṣṇaandtheGopīs
,433,431,Pūtanā
,394,245,destructionofDvārakā
,441,245,KṛṣṇaandBāṇa
,438,245,KṛṣṇakillsNaraka
,436,245,Pradyumna
,140,134,Matsyāvatāra
,146,134,Rāmacandra

,369,134,Varāha
,191,61,NamesofViṣṇu,sahasranāman
,481,61,Nara-Nārāyaṇa
,410,61,praiseofViṣṇunamas

,437,194,Yama
,84,88,dharma
,293,84,āśā,hope
,99,84,āśrama
,78,99,gṛhastha
,85,99,saṃnyāsa
,71,99,vānaprastha
,294,84,āpaddharma
,70,84,Asceticism,tapas
,326,84,badbehaviour
,356,326,brahmahatyā
,327,326,lobha,greed
,203,84,begging,bhikṣu,bhikṣā
,205,84,Behaviour,politeness
,300,84,dama
,185,84,Eating,food
,393,185,vighasa,eatingtheremainderoffood
,303,84,friendship
,227,84,Giving,dāna
,301,84,goodbehaviour
,184,84,Hospitality,atithi,guests
,299,84,jñāna,ajñāna,vidyā,knowledge
,218,84,pātaka
,217,84,penance,prāyaścitta
,285,84,poverty,renunciation
,214,84,purity,impurity,śuddhi,śodhana,śauca
,186,84,Sexuality
,187,84,Sleeping
,183,84,snāna
,202,84,Study,śiṣya
,385,84,svadharma
,118,84,Teacherguruandpupilśiṣya, ācārya
,182,84,Travelling
,302,84,trivarga,caturvarga
,287,84,truth,satya,ṛta
,98,84,varṇas,castes
,208,98,Brahmin
,513,98,highpositionofBrahmins
,210,98,Kṣatriya
,198,210,kṣatradharma
,359,98,mixtureofcastes,varṇasaṃkara
,413,84,vyavahāra
,325,88,hiṃsā,ahiṃsā
,72,88,karmandoctrine
,226,88,Liberation,mokṣa,release
,338,226,all-unity
,335,226,non-attachment
,366,88,longlive,āyus
,153,88,Rebirth
,590,88,religiousspeculation,mystic
,109,88,Rituals
,112,109,Im-purity
,215,109,śrāddha
,671,109,ācamana
,236,109,againstpossession
,117,109,brahmacarya
,579,109,childhoodrites
,120,109,dāna,giving
,677,120,alms,bhikṣā
,544,120,dānastuti
,110,109,Deathrites
,207,109,Dīkṣā
,240,109,fast,upavāsa,upavasatha
,113,109,Marriage
,278,109,nirmālya
,234,109,piṇḍa
,125,109,prāyaścitta
,298,109,pretakārya,ritualsforthedead
,674,109,rājasūya
,209,109,sahasranāman
,116,109,saṃskāras
,239,109,vrata
,212,109,worship
,312,212,japa
,206,212,pūjā
,204,212,Sacrifice,yajña
,336,204,aśvamedha,hayamedha
,572,336,sacrificialhorse
,610,204,agniṣṭoma
,667,610,udayanīyā
,587,204,agnihotra
,676,204,ahīna
,666,204,altar,bricks
,337,204,animalsacrifice
,684,337,dividingthesacrificialanimal,vibhakti
,615,204,āstāva
,363,204,bali
,450,204,dakṣiṇā
,683,204,darśapūrṇamāsaiṣṭi,full-moonsacrifice
,554,204,errorsinsacrifice
,592,204,gettingapart,shareofthesacrifice
,686,204,humansacrifice
,653,204,odana
,661,204,originofthesacrifice
,518,204,pravargya
,654,204,priest,ṛtvij
,656,654,atharvanpriest
,655,654,brahmanpriest
,591,204,recitationduringsacrifice
,648,204,sacrificeandtime
,682,204,sacrificialground,placeofsacrifice,devayajana
,521,204,sacrificialpost,yūpa
,668,204,sattra
,463,204,Somasacrifice
,624,463,ṣaḍaha
,616,463,bahiṣpavamāna
,622,463,caturviṃśaday
,652,463,chandoma
,631,463,dvadaśāha
,593,463,niṣkevalyaśastra
,589,463,nivid
,603,463,penaltyforpressingout=hurtingSoma
,586,463,praugaśastra
,594,463,strophesusedinsacrifice
,588,463,vaṣaṭ
,628,463,viṣuvat
,659,204,ucchiṣṭa,remainderofthesacrifice
,614,204,ukthya
,516,204,Vedicmetresinsacrifice
,486,204,vyāhṛtis
,334,88,saṃsāra
,111,88,Time
,332,111,kālacakra
,633,111,seasons
,133,111,yugatheory
,453,133,prophesyaboutthekaliyuga
,86,88,Tīrthas
,357,86,Gaṅgā,Ganges
,619,357,fallsonŚivashead
,349,86,Kurukṣetra
,387,88,unsteadinessoflife
,425,88,Veda
,375,59,omina,presigns,nimittas
,608,375,birdsasomen
,421,59,paramārtha
,308,59,Psychology
,459,308,śraddhā
,310,308,ātman
,309,308,manas
,311,308,Meditation
,324,308,prāṇaetc.
,313,308,senses,indriya
,382,59,Vedic
,383,382,sāman
,460,382,sorcery
,102,91,Law
,172,102,Businesslaw
,167,102,Court
,221,102,Crime
,636,221,murder
,643,221,rape,sexualharassment
,222,221,robbery
,637,221,suicide
,274,221,theft,stealing
,103,102,Criminallaw
,168,102,Debt
,104,102,Debtsandinterest
,169,102,Deposit
,181,102,Familylaw
,220,102,Gambling
,675,220,playingdice
,108,102,Inheritance
,630,102,Merchants
,106,102,Ordeal
,165,102,Process
,175,102,Property
,178,175,Cattleasproperty
,177,175,Landedproperty
,365,175,PropertyofBrahmins
,640,102,punishmentforcrime
,176,102,Trade
,105,102,Witness
,92,91,Militaryscience
,93,92,dhanurveda
,79,91,Politics
,201,79,Administration
,281,79,Cities
,173,79,Customsandtaxes
,292,79,daṇḍa
,286,79,Economy
,80,79,King,rājanīti
,462,80,consecration
,478,80,courtlive
,632,80,spy,secretservice,intelligence
,401,80,treasure,kośa,treasury
,277,79,Minister
,283,79,Organizationofthekingdomprovinces,...

,296,79,Peaceandwar
,634,79,Police
,638,634,criminalinvestigation
,629,79,Publicdisasters,catastrophies
,295,79,Statefinances
,639,79,torture
,97,91,Society
,107,97,Family
,360,107,children
,404,360,daughter
,367,107,eldestbrother
,358,107,sellingchildren
,161,97,Love
,174,97,Professions
,400,97,servants
,137,97,Socialrituals
,138,137,tulāpuruṣa
,114,97,Women
,115,114,Behaviour,strīdharma
,126,114,Brideshipandmarriage
,535,114,chastity
,355,114,differencesbetweenwomenandmen
,348,114,femaleascetics
,144,114,Pregnancy
,160,114,Prostitution
,297,114,Widow
,284,157,army
,200,157,Camp
,350,157,fighting
,340,157,hunting
,538,157,militaryformation
,190,157,weapons,arms
,548,190,arrow
,574,190,chariot
,575,190,wardrum







