Present Ind.;30.03%;;;
Лицо;Ед.ч.;%;Дв.ч.;%;Мн.ч.;%;
1-е лицо;(2335)-āmi (3398)-Chāmi (3524)-omi (4455)-yāmi (7317)-mi (7449)-de (7519)-emi (7816)-romi (7967)-ve (9160)-ye (9349)-rāmi (9605)-dāmi (9629)-umi (9650)-te (10033)-vīmi (10106)-nomi (10157)-je (10176)-tāmi (10234)-ncāmi (10430)-se (10448)-nje (10838)-he (10874)-ṇāmi (10961)-vāmi (11013)-imi (11028)-bāmi (11065)-ce (11167)-ṇomi (11292)-ne (11370)-ṣe (11416)-me (11421)-rve (11437)-armi (11456)-Che (11474)-ajmi (11526)-ṇe (11547)-dmi (11584)-pe (11606)-rmi (11657)-re (11698)-ke (11702)-pāmi (11714)-admi (11745)-ḍe (11748)-nce (11773)-nāmi -ṣāmi (11774)-ṭe -jāmi -lpe (11775)-le -njāmi -iṣāmi (11776)-be -iyāmi -remi (11802)-īmi -ṭhāmi (11806)-śāmi -dhmi -iye -jmi (11811)-akmi (11818)-ṇve (11819)-nuve -parmi (11821)-aṣmi -nve -ayāmi -aimi ;10.44;(2)-yāvahe (27)-Chāvaḥ (61)-aḥ (65)-Chāvahe (83)-āvaḥ (93)-āvahe (94)-nuvaḥ -dāvaḥ (100)-vaḥ (103)-yāvaḥ (104)-rvaḥ -dvahe -īvaḥ ;0.10;(160)-mahe (172)-rāmaḥ (429)-āmaḥ (576)-Chāmaḥ (904)-maḥ (1017)-yāmaḥ (1355)-āmahe (1412)-yāmahe (1433)-numaḥ (1450)-masi (1456)-rmahe (1568)-aḥ (1612)-Chāmahe (1619)-tāmahe (1625)-ncāmaḥ (1636)-īmaḥ (1641)-vāmaḥ (1658)-umaḥ (1661)-njmahe (1740)-ṇīmahe (1741)-nīmahe (1776)-rmaḥ (1780)-ravāmahe (1782)-mīmahe (1790)-vāmahe -ṇumaḥ (1800)-ahe (1802)-tāmaḥ (1805)-dāmaḥ -mīmaḥ (1816)-rāmahe (1822)-dmaḥ (1823)-ṇīmaḥ (1826)-bāmaḥ (1828)-njāmaḥ -nīmaḥ (1832)-imaḥ (1834)-dāmahe (1836)-dmahe (1974)-āmasi -rīmaḥ (2081)-īmahe (2115)-asi (2116)-ṇmahe (2118)-nīmasi -ṛmasi (2119)-imasi (2120)-ūmasi -si -ma -śīmasi (2129)-rāmasi -ṛmaḥ -ṇīmasi (2142)-ṇmaḥ (2160)-yāmasi (2163)-ṇmasi (2165)-emasi (2169)-dmasi (2172)-vāmasi (2173)-ayāmasi -śīmahi (2174)-iṣmaḥ -nmasi -īmasi ;1.97;
2-е лицо;(2201)-asi (5427)-si (5944)-Chasi (5945)-nosi (6423)-yase (6436)-tse (6494)-eṣi (6504)-ṇāsi (6543)-iṣi (6604)-se (7371)-ase (7420)-roṣi (7459)-ruṣe (7465)-pasi (7466)-lpase (7799)-yasi (7853)-vasi (7878)-vase (7917)-noṣi (7952)-arṣi (7971)-ṇoṣi (7975)-uṣe (8032)-rasi (8163)-ṣe (8209)-dāsi (8217)-ṇuṣe (8277)-tase (8297)-ṇīṣe (8298)-ncase (8343)-āsi (8344)-tsi (8357)-nāsi (8407)-vīṣi (8481)-ṣi (8490)-basi (8503)-ncasi (8509)-tasi (8522)-akṣi (8548)-ṣasi (8581)-oṣi (8587)-rase (8602)-Chase (8605)-njase (8609)-uṣi (8617)-ṇkṣe -base (8620)-īṣe -ṭhasi -aiṣi (8633)-rṣi (8639)-dase (8640)-ṣase -reṣi (8665)-iṣe (8667)-atsi (8670)-gāsi (8683)-īyase (8684)-dasi -īṣi -ṇasi (8687)-nuṣe (8689)-inoṣi (8691)-parṣi (8694)-kṣi -sarṣi (8698)-nase -keṣi (8702)-viṣe -ekṣi -nīṣe -casi -cChasi (8703)-kṣe (8706)-jasi ;7.71;(45)-aḥ (166)-athaḥ -tathaḥ (175)-yathaḥ -ruthaḥ (180)-ṛthaḥ (182)-ncathaḥ (204)-Chathaḥ (233)-thaḥ (256)-ethe (262)-vathaḥ (266)-ṇuthaḥ (269)-rethe (270)-uthaḥ -pṛthaḥ -vāthe -the (273)-yethe -ethaḥ (289)-āthe (292)-rathaḥ (293)-ṇīthaḥ (296)-tthaḥ (298)-njāthe -īthām -vethe -nīthaḥ (299)-ṣathaḥ ;0.29;(170)-atha (337)-ha (375)-yatha (376)-tatha (415)-Chatha (451)-tha (454)-ṛtha (465)-adhve (470)-vatha -vīthaḥ (471)-patha (476)-ratha (478)-rutha -itha (502)-yadhve -ve (515)-hā -rudhve (517)-ītha (519)-athā -pṛtha (534)-ana (538)-nutha -dhve (543)-thana (545)-ncatha (552)-ṇutha (556)-ttha -radhve -idhve -athana -ata -utha -īdhve ;0.52;
3-е лицо;(184)-arti (6982)-vati (17074)-ti (19348)-yate (29029)-ate (30705)-noti (34364)-yati (34986)-iti (36778)-tate (37811)-rute (50404)-ati (51419)-āti (53116)-te (55127)-Chati (55686)-tte (56460)-rati (56586)-ṭe (58247)-roti (58385)-ṇoti (58704)-ncati (59240)-oti (59524)-vate (59891)-ṇkte (59985)-ute (60465)-dāti (61508)-eti (61606)-akti (61772)-lpate (62228)-nute (62457)-ṇāti (62752)-nāti -vatitarām (62846)-rti (63002)-rate (63107)-bati (63108)-ñcinoti (63191)-dhe (63274)-ryati (63505)-ṣati (63562)-njate (63708)-dati (63786)-sti (63826)-tati (63857)-ṭhati (64015)-ṭi (64103)-atti (64135)-ṇīte (64166)-ṣṭi (64226)-vīti (64237)-aṣṭi (64375)-date (64458)-uti (64603)-pati (64617)-nate (64680)-ddhi (64716)-Chate (64730)-ṭhate (64749)-ṣate (64789)-īte (64800)-parti (64868)-ṇute (64885)-hi (64893)-dhi (64913)-mīte (64934)-ncate (64941)-jati (64944)-atetarām (64946)-atitarām (64950)-kte (64952)-lati (64962)-njati -riti (64975)-nīte (64989)-pate (64990)-iyati (64996)-bate (64997)-īryati -ttetarām -tatitarām -tetarām (65027)-īti -arati (65029)-avati -irati (65031)-ayate (65035)-tti (65038)-asti (65043)-aiti (65044)-kti (65117)-he -ratitarām (65133)-ye (65157)-gāti (65212)-ve (65224)-īyate (65231)-śīte -eṣṭi (65253)-ṣe (65260)-māti (65261)-re -sarti -yoti (65278)-de (65283)-ṇe -unoti (65289)-nve (65290)-inoti -cChati -nje -iyate (65291)-śāti -jate ;57.45;(17)-rutaḥ (37)-yete (125)-ete (156)-aḥ (447)-ataḥ (660)-vataḥ (667)-ītaḥ (710)-taḥ (758)-yataḥ (784)-Chataḥ (827)-āte (829)-ttaḥ (830)-ṭaḥ (831)-ṇktaḥ (834)-vāte (843)-te (846)-pataḥ (850)-ncataḥ (851)-tataḥ (856)-rataḥ (862)-rvāte (864)-njāte (867)-dāte (874)-nutaḥ (875)-utaḥ (883)-tete -dataḥ (886)-ṭhataḥ (887)-nuvāte -ṣataḥ (893)-ṛtaḥ -ryataḥ -tuḥ (898)-itaḥ -Chete (899)-vete -ṇvāte (900)-cChataḥ (901)-rete -iṣṭaḥ (902)-ṇītaḥ (903)-ktaḥ -mītaḥ (904)-nītaḥ (906)-etaḥ -ncete -iyāte (907)-māte -yāte -bataḥ -ṇutaḥ -rtete -pete ;0.84;(2500)-nti (4598)-yanti (12350)-anti (12503)-vate (15330)-vanti (15346)-ryanti (15819)-tante (16444)-yante (16997)-rvanti (17862)-ate (19854)-ante (19907)-te (20017)-ati (20580)-ranti (20676)-ṇanti (20752)-danti (20754)-ncate (20836)-rate (21693)-Chanti (21761)-nvanti (21905)-rvate (21963)-nte (22102)-nanti (22224)-njate (22289)-vante (22338)-ṭhanti (22543)-nuvanti (22577)-ti (22650)-ṣanti (22679)-rati (22703)-date (22771)-panti (22832)-vati (22859)-yate (22889)-lpante (22922)-tanti (23035)-banti (23073)-njanti (23095)-yati (23120)-ṇate (23126)-nuvate (23205)-ncanti (23214)-Chante (23218)-njante (23255)-rante (23288)-dati (23293)-janti (23302)-ṇvate (23308)-iyanti (23314)-dante (23317)-ṣante -jante (23338)-ṇvanti (23343)-pante -lpanti (23353)-ṭhante (23357)-bante (23359)-nvate (23391)-aranti (23408)-āyanti (23411)-ganti -ire (23422)-nvire (23430)-srate (23434)-mate (23441)-vire (23444)-prati (23445)-uranta (23446)-āte -cati -invire (23455)-re (23456)-īyante -ṇuvanti (23459)-uvanti (23462)-nate -manti -ncante ;20.68;

Pres. Potential;19.21%;;;
Лицо;Ед.ч.;%;Дв.ч.;%;Мн.ч.;%;
1-е лицо;(68)-dyām (172)-ām (336)-yām (785)-eyam (818)-reyam (870)-veyam (921)-nuyām (1003)-ryām (1008)-teya (1121)-yeyam (1139)-īyām (1186)-eya (1190)-yeya (1282)-Cheyam (1283)-ṇīyām (1291)-nīyām -ṇīya (1296)-beyam (1304)-iyām (1307)-njīyām (1321)-yam (1324)-deyam (1328)-uyām (1329)-veya -viṣyeyam (1330)-iyeyam -ṣeyam -nīya (1331)-ṇuyām (1343)-teyam (1345)-njīya -deya -reya -ṭheyam (1351)-nceyam (1353)-āt -yīya (1360)-rvīya (1361)-Cheya -peyam -nuvīya (1366)-īya -dīya ;1.94;(1)-āva (4)-eva (5)-evahi ;0.01;(89)-yema (359)-ema (397)-rema -ma (399)-yemahi (463)-emahi (481)-Chema (672)-āma (678)-īmahi (681)-vīmahi -īyāma (682)-vāma (690)-nuyāma (692)-dīmahi (694)-nuyāmahe (716)-vema (717)-īma (762)-yāma (768)-ryāma (770)-vemahi (779)-mahi -nuyāmaḥ (780)-dema -ṇīma -tema (782)-yīmahi (783)-nuvīmahi -āmaḥ (796)-uyāma (797)-dyāma -ryāmaḥ (798)-rvīmahi -nīmahi (809)-ṇīmasi -remahi (810)-emaḥ -dyāmaḥ -temahi ;1.16;
2-е лицо;(122)-yāḥ (243)-eḥ (271)-āḥ (289)-Cheḥ (290)-ṇīthāḥ (333)-yethāḥ (497)-ethāḥ -ṇuyāḥ (504)-tethāḥ (510)-vethāḥ (526)-dyāḥ (550)-yeḥ (553)-teḥ (587)-ryāḥ (598)-veḥ (612)-reḥ (622)-īthāḥ (629)-rethāḥ (645)-Chethāḥ (660)-thāḥ (665)-nuyāḥ (677)-rvīthāḥ (678)-iyāḥ (680)-njīthāḥ -beḥ (681)-yīthāḥ (682)-ncethāḥ -nīyāḥ (683)-dethāḥ (684)-īyāḥ (687)-vīthāḥ -ṣethāḥ (688)-athāḥ (690)-uyāḥ -nuthāḥ -nceḥ -peḥ -mīyāḥ -mīthāḥ ;1.00;-etam -yetam -ryātam -njīthām -eyātam (1)-ātam -retam -yātam ;0.01;(17)-eta -deta (21)-yeta (22)-iyeta (27)-īdhvam (29)-ṇīdhvam -nīdhvam -Chetha (30)-ta -ṇīyāta -nceta -yedhvam -ātana (32)-āta -mīdhvam -retana -dhvam ;0.07;
3-е лицо;(32411)-et (38951)-vet (45275)-āt (45282)-lpeta (48575)-yāt (50438)-dyāt (52177)-yet (53660)-ret (56821)-ryāt (57708)-nuyāt (58138)-īyāt (58204)-ta (60107)-eta (60189)-iyāt (60396)-teta (60990)-yeta (62037)-Chet (62482)-uyāt (62629)-ncet (62683)-vīta (62977)-nīyāt (63365)-īta (63369)-ryeta (63406)-net (63913)-njīta (65111)-bet (65129)-ṭhet (65149)-ṇīyāt (65172)-ṣet (65749)-rvīta (65897)-Cheta (65952)-det (66044)-pet (66218)-yīta (66332)-dīta (66381)-ṛyāt (66412)-ṇuyāt (66428)-veta (66433)-peta (66533)-njyāt -amet (66561)-deta (66592)-reta (66618)-ṇīta (66619)-jyāt -yād (66623)-nceta (66638)-njīyāt (66639)-rīyāt (66651)-ncyāt -lpet (66665)-tet (66673)-ryet (66679)-nīta -cet (66681)-ayet -mīta (66682)-iret (66683)-ettarām (66687)-nuvīta (66691)-nvīta (66694)-iyet (66696)-ed -yyāt -aret (66698)-njet -jet -āmkriyāt (66707)-īyat (66709)-ṣeta (66710)-mīyāt -eyāt -ncīta (66711)-ṇvīta (66712)-iyeta ;91.72;(86)-ātām (90)-njīyātām (105)-vetām (115)-Chetām (176)-etām (178)-teyātām (195)-eyātām (196)-dyātām (202)-ryātām (207)-nīyātām (233)-yātām (249)-yetām (251)-yeyātām -tām (252)-īyātām -retām (253)-yīyātām -ṭhetām -ṇvīyātām -yuyātām -vītām -veyātām ;0.38;(861)-uḥ (936)-nuyuḥ (978)-reyuḥ (996)-īyuḥ (1095)-veyuḥ (1266)-eran (1283)-īran (1730)-eyuḥ (1742)-njīran (2078)-yuḥ (2288)-ryuḥ (2293)-nīyuḥ (2298)-yīran (2389)-yeyuḥ (2467)-dyuḥ (2515)-yeran (2516)-deran (2541)-teran (2544)-peyuḥ (2548)-rvīran (2594)-Cheyuḥ (2598)-dīran -teyuḥ -iyeyuḥ -ryeyuḥ (2605)-iyuḥ (2609)-uyuḥ (2615)-veran (2618)-deyuḥ -ṭheran (2620)-ṇīyuḥ -ireyuḥ (2629)-beyuḥ (2632)-ṇīran (2635)-ṇuyuḥ -dyeyuḥ (2637)-nceyuḥ -ṭheyuḥ (2646)-vīran (2651)-ran -lperan -nceran -njyuḥ (2652)-nīran -rerata (2653)-erata -īyan -Cheran -iyeran ;3.71;

Perfect Ind.;15.88%;;;
Лицо;Ед.ч.;%;Дв.ч.;%;Мн.ч.;%;
1-е лицо;(12)-he (16)-sa (17)-śe (24)-śa (132)-da -āṣe (140)-kre -yāya (141)-rśa (156)-ca -opa (158)-kṣe -oda -ṣuve (171)-de (173)-rava (176)-āta -yau -rhe -ne (180)-dhe (181)-au (184)-dau (185)-ame (186)-āra -āna (187)-pa (188)-me -oca (190)-īḍa -epa -āha (191)-ara (192)-nde (193)-Cha -arṣa -tara (194)-ce -tare (198)-re -the -rāva (200)-oha (202)-pe (203)-abha (207)-aya -ṛte (210)-ke -raya -gye (212)-eta (213)-uṣe (214)-aṇa (215)-ūva (216)-ra (218)-ana -ite -maya -āma -ice -eda -ide -ahe (219)-kara -ane (220)-ama -apa -eca -aha -āsa ;0.48;(1)-ruva -va ;0.00;(2)-ūvima (62)-ruma (86)-kṛma (174)-ma (192)-rumaḥ -īma -śruma -śma (202)-ima (203)-bhma (204)-admahe (209)-rima (211)-ṛjmahe (215)-vṛmahe -śima (219)-ṣuma (233)-kṛmā -ndima (234)-anma -bhmā -mahe -ūdima (235)-cima (236)-opima -ucmahe -tima -ujma -ujmahe (237)-yima -nima -sima -ahe ;0.45;
2-е лицо;(223)-tha (231)-ūvitha (265)-kartha -epitha -ukṣe -nīṣe (269)-artha -arjitha (300)-antha (321)-ūtha (355)-iṣe (364)-kṛṣe (367)-yātha (376)-ṣe (377)-śitha (378)-itse (380)-getha (383)-riṣe (395)-ñiṣe (418)-itha (423)-rātha -āhiṣe -artitha (427)-ohitha (436)-kṣitha (437)-vartha (438)-attha -dhitha -ātha -iyetha -yuṣe -ktha (439)-ojitha (440)-netha (441)-kṣe -ocitha -pātha (442)-iyatha -vṛṣe (443)-niṣe -arditha -editha -etha -ikṣe -aktha (444)-eyatha ;0.81;(1)-mathuḥ (17)-athuḥ (44)-thuḥ (63)-krathuḥ (74)-dathuḥ -uḥ (80)-āthe -pathuḥ (83)-ūvathuḥ -krāthe -icāthe (84)-nvathuḥ (85)-nyathuḥ (91)-yathuḥ -kethe -eyathuḥ -icathuḥ -dāthe -srāthe -yāthe -amāthe (93)-gyathuḥ -idathuḥ -rathuḥ -bhathuḥ -rāthe -nāthe -nathuḥ -vrāthe -ṣathuḥ -atuḥ ;0.21;(23)-tra (37)-da -ida -ca (44)-kra (47)-śa (52)-idhve (70)-ya -ka (72)-ma -atha -ṣa -ūva -kṣa (73)-ha ;0.15;
3-е лицо;(385)-Cha (14163)-ca (14949)-kāra (20194)-ha (20355)-je (20583)-āla (20779)-me (21602)-dau (22220)-eda (23066)-śa (23495)-pa (24160)-āda (25004)-āra (25432)-ne (26138)-āna (26815)-āha (27070)-de (28071)-rśa (28292)-dhe (29253)-he (29355)-asa (29425)-vau (30445)-da (30905)-ñe (32096)-ūva (32294)-sa (32510)-oha (34233)-āma (34279)-nja (34290)-dāra (34450)-āsa (34460)-ja (34572)-pe (34578)-āṣa (35356)-kre (36167)-au (36453)-arja (36458)-rha (36464)-ge (36491)-eve (36529)-mpe (36603)-oṣa (36604)-klape (36873)-ame (36965)-āva (37021)-re (37280)-oca (38966)-yau (39034)-the (39687)-dha (40042)-rāva (40067)-iyāya (40103)-gye (40122)-uhe (40196)-nda (40197)-aja (40299)-oda (40315)-bha (40540)-āja (40581)-bhe (40583)-kpe (40825)-śe (40882)-gau (40917)-yāya (40990)-ṣuve (41294)-āpa (41456)-āṣe (41495)-ṛje (41498)-rja (41532)-āse (41630)-ce (41639)-āhe (41709)-ruve (41741)-ide (41797)-uje (41870)-nye (42013)-māra (42115)-ṭāva (42188)-nde (42214)-oja (42220)-ārja (42868)-āta (42986)-arta (43014)-ṛṣe (43082)-āka (43229)-ubhe (43275)-opa (43371)-vre (43398)-āce (43574)-arṣa (43624)-sāra (43675)-aje (43689)-rda (43704)-ice (43935)-epa (43955)-luve (44005)-tāra (44042)-ude (44093)-rāma (44183)-eṣa (44199)-uce (44280)-nāya (44297)-arpa (44318)-śye (44396)-kṣe (44415)-vāsa (44419)-rca (44427)-ntha (44490)-kṣa (44493)-rhe (44507)-la (44538)-tha (44543)-eca (44544)-upūre (44582)-gāya (44583)-ṭuve (44623)-thau (44624)-eva (44641)-mbe (44646)-mba (44652)-ase (44756)-ṛte (44787)-pau (44810)-arda (44811)-ṛde (44826)-īḍa (44838)-ra (44844)-uve (44849)-lye (44859)-miye (44869)-ade (44873)-ipe (44890)-rchat (44893)-karṣa (44895)-rṣa (44904)-jja -āḍa (44922)-akāra (44952)-akre (44963)-ṣāva (44971)-gāra (44978)-kha (44980)-ṇge (44985)-eśa (44987)-ūja (44991)-oṭa (44993)-vāra (44995)-na (44996)-ḍe (45019)-mau (45030)-nau (45039)-se (45040)-īla -ūha (45055)-riye (45056)-cCha (45057)-nje (45059)-lpa (45064)-ṣe (45065)-rṇa -ihe -ṣa -ṣiye -eṣe (45068)-īva -ije (45085)-āya (45092)-eyāya (45099)-ṭha (45100)-ṅke (45105)-rdha -mpa (45107)-are (45108)-āje (45110)-lga (45111)-upe (45112)-rta (45117)-vāya (45121)-sūva -nce (45127)-ye -puve -āṇa (45129)-arha (45133)-tre (45134)-ūve (45135)-īpe (45139)-ṇga (45143)-te -nthe (45149)-sre (45150)-tare (45152)-ute -ure -īye -ale -oke (45157)-ārā (45188)-eta (45197)-māya -ṣāya (45200)-rāya (45201)-vye (45207)-ahe (45209)-va (45216)-rau (45219)-kāya (45225)-āca (45227)-ve (45229)-aśe (45233)-iṣe (45237)-ke (45242)-ite (45245)-nve (45247)-cha (45249)-ghāya -rā (45250)-anda (45258)-ya -pūre -tāva -tire -etarām -eha (45259)-ama (45261)-uṣe (45262)-īḍe (45264)-yuve (45265)-lau (45266)-śre -epe (45269)-mbha -athe -ota -jāra (45270)-ṣṭe ;75.60;(83)-ūvatuḥ (109)-āte (393)-atuḥ (401)-dhatuḥ (402)-uṣatuḥ (561)-matuḥ (596)-dhāte (679)-natuḥ -upatuḥ (708)-śatuḥ (802)-kratuḥ (944)-tuḥ (946)-ujāte -gatuḥ (951)-ndatuḥ (981)-śāte (996)-kṣatuḥ (1051)-yatuḥ -śate (1054)-ate (1056)-Chatuḥ (1064)-ratuḥ (1065)-kyatuḥ (1067)-rśatuḥ (1068)-arjatuḥ (1069)-asatuḥ (1070)-vrāte (1087)-ñāte (1088)-śete (1092)-kṣāte -āhatuḥ (1093)-ṣuvatuḥ -lyāte (1094)-njatuḥ (1095)-arṣāte (1096)-lgatuḥ -idatuḥ -amatuḥ (1120)-krāte (1130)-arṣatuḥ (1131)-epatuḥ (1136)-ruvatuḥ (1138)-gyatuḥ (1139)-nyatuḥ (1146)-rāte (1147)-ṣatuḥ -ubhate (1148)-ucatuḥ -artatuḥ (1149)-ṛjāte -ahatuḥ -alatuḥ -anatuḥ (1156)-īyatuḥ (1161)-ajāte -rjatuḥ -rśāte (1162)-ohatuḥ (1163)-ṭuvatuḥ -adatuḥ (1164)-thatuḥ -miyāte (1166)-sratuḥ -riyāte -āhāte (1171)-datuḥ -rchatuḥ (1172)-ṛṣāte (1174)-īḍatuḥ -thate -ipāte -ṭuvāte -ṣāte (1176)-icatuḥ -ṛdatuḥ -ruvāte (1177)-ṛṣatuḥ -uvatuḥ -viyatuḥ -ucāte -idāte -ipatuḥ (1178)-nāte -ṣṭatuḥ -śetām -mpatuḥ -mbatuḥ -ajatuḥ -uhatuḥ -uhāte -udāte -te -vratuḥ -ṣuvāte (1179)-ñatuḥ -udatuḥ -patuḥ -māte -ete -dhete ;2.12;(5464)-uḥ (5471)-vrire (5529)-re (6117)-ire (6825)-yuḥ (7312)-kruḥ (7978)-śuḥ (8149)-ruvuḥ (8152)-udire (8239)-guḥ (8374)-krire (8754)-ūvuḥ (8861)-ṭuvuḥ (8938)-Chuḥ (8951)-aduḥ (9105)-ñire (9229)-duḥ (10029)-muḥ (10068)-uhuḥ (10277)-nuḥ (10317)-īyuḥ (10320)-lyuḥ (10336)-aluḥ (10343)-bhuḥ (10454)-dhuḥ (10461)-lyire (10491)-vuḥ (10569)-asuḥ (10589)-uvuḥ (10601)-rire (10735)-ruḥ (10786)-śire (10827)-puḥ -ubhuḥ (10849)-dhire (10858)-ñuḥ (10861)-arjuḥ -ṭuvire (10909)-nyuḥ (10932)-ṛjuḥ (10983)-iduḥ (11060)-amuḥ (11084)-nthuḥ (11121)-nire (11176)-ṛtuḥ (11185)-rcuḥ (11193)-kṣire (11209)-nduḥ (11250)-uduḥ (11319)-ucuḥ (11325)-ṛṣire (11334)-ṛpuḥ (11335)-pire (11358)-icuḥ -ārjuḥ (11359)-ṛtire (11362)-ācire (11371)-asire (11404)-ipuḥ (11419)-mpire (11428)-njuḥ (11435)-evire (11514)-vruḥ (11515)-maruḥ -anire (11551)-thuḥ (11554)-arjire (11556)-ajire (11561)-cuḥ (11581)-sruḥ (11597)-arṣuḥ (11602)-akruḥ -rduḥ (11604)-lguḥ (11636)-ajuḥ (11643)-īḍuḥ (11644)-ājire (11668)-ṛṣuḥ (11669)-mbuḥ (11675)-rjuḥ (11707)-kṣuḥ (11715)-luḥ (11717)-ihuḥ (11718)-ṣuvire (11735)-mire (11745)-ṛduḥ (11747)-arṣire -ūvire (11751)-śyire (11754)-ujire -āmire (11761)-bhire (11764)-ubhire (11767)-riyuḥ (11771)-luvuḥ (11772)-luvire (11776)-ujuḥ (11784)-āṣire (11790)-upuḥ (11792)-ruvire -jjuḥ -ṭire -ājuḥ (11804)-ahuḥ (11809)-lpuḥ -yire (11810)-njire -mrire -uvire (11820)-ndire -ṇguḥ (11822)-amire (11823)-ācuḥ (11830)-vasuḥ (11831)-mbire (11835)-anuḥ -iñcire (11841)-ramuḥ -ijire -suḥ -khuḥ (11842)-dire (11856)-uṣuḥ -rchuḥ -yayuḥ (11857)-miyuḥ -sire (11875)-bhayuḥ (11876)-nyire -taruḥ -ūjuḥ -mpuḥ -yajuḥ -ṣire (11884)-gyuḥ (11892)-kyuḥ (11893)-myuḥ -tire -āsire -rhire -karuḥ -ucire -adire -ipire -ṅkire (11897)-itre (11902)-ujre -iyuḥ (11906)-bhre (11913)-śre -icre (11915)-dhre (11918)-sre (11920)-itrire (11928)-nvire (11932)-ṣuḥ -mruḥ -ijre -ucre (11933)-kpre (11934)-tiruḥ (11939)-cire (11940)-ūre (11941)-ure -idrire (11942)-tuḥ (11943)-āsuḥ (11945)-udre -ipre (11946)-ituḥ (11948)-idre (11954)-uhre -bhrire -druḥ (11955)-riyire (11956)-ujrire -aruḥ -adre -iṣuḥ -juvuḥ -īḍire (11957)-drire -ṛjrire -kpuḥ -eyuḥ -epuḥ -cChuḥ -ṛcuḥ -ghyuḥ ;20.18;

Imperfect ind;9.48%;;;
Лицо;Ед.ч.;%;Дв.ч.;%;Мн.ч.;%;
1-е лицо;(19)-jam (91)-avam (102)-ṇavam (319)-am (740)-yam (750)-ṣam (769)-aravam (771)-dhām (790)-he (791)-me (793)-ndam (797)-ñcam (799)-ṇām (810)-ayam (839)-ram (927)-uvam (932)-vam (934)-adām (943)-āyam (977)-sam (984)-pam (995)-mam (1001)-nam -dyam (1002)-pyam (1013)-ām (1016)-ṇam (1019)-ṇvam (1051)-cCham (1057)-aram (1058)-knuvam (1062)-cam (1070)-Cham (1080)-ye -ibam (1084)-tam (1100)-dam -dham -navam (1116)-ṭham -ṭam (1118)-lam (1119)-ṣṭham -rte -ntam (1121)-cChe -ahām (1124)-je (1127)-si (1129)-ṣe (1130)-nye -ṣyam -de -re (1131)-rṣam -ñjam -inavam -unavam -rtam (1132)-ce -pye (1133)-te -ṇi -nām -ve -īyam ;3.34;-Chāva (4)-yāva (5)-ṇuva (8)-āva -rāva -āvahi -māvahi -rāvahi -urvahi -dāva -ṣāvahi -arāva -ṭhāva -cChāva -sāva ;0.06;(5)-ma -ṅkṣmahi (127)-yāma (139)-āma -numa (147)-cChāma (149)-rma (151)-ṣāma -āmahe -dhāmahi -ayāmahi (152)-āmahi (153)-ṭhāma -mahi -dāma (154)-sāma -nyāma -rṣāma -Chāma -nīma (155)-urmahi (157)-aima -avāmahi -dhma -rāma -ṇuma -jāma -ūma -tāmahi -vāma (158)-īma -ṇīmahi (159)-ṛṇīmahi -ṣma -ṣāmahi ;0.54;
2-е лицо;(13)-daḥ (298)-va -dīḥ (302)-vaḥ (313)-āḥ (321)-īḥ -paḥ (360)-avaḥ (366)-aroḥ (373)-dhāḥ (376)-āyaḥ (383)-ṣathāḥ (486)-aḥ (490)-maḥ (491)-dyaḥ (501)-raḥ (504)-saḥ (508)-ṭhaḥ (526)-jaḥ (527)-caḥ (530)-avīḥ (546)-yathāḥ (552)-cChaḥ (553)-yithāḥ (613)-yaḥ (619)-araḥ (620)-taḥ (621)-adāḥ -unāḥ (628)-athāḥ (629)-ṛṇīthāḥ (630)-dyathāḥ (632)-ṣaḥ (633)-aiḥ -ṣṭhāḥ (634)-thāḥ -ṇathāḥ -ṅkthāḥ (647)-ibaḥ -ūthāḥ (648)-iraḥ (654)-nāḥ (659)-Chaḥ (666)-ayaḥ (670)-noḥ (671)-nat -oḥ (674)-ñcaḥ (676)-ar (693)-ṛṇoḥ (698)-ṇoḥ (702)-ndaḥ -ināḥ -cChathāḥ -ṇak (703)-at (706)-iṇāḥ -naḥ -ap (708)-ṇāḥ (709)-ṛṇāḥ (711)-cathāḥ -sthāḥ -ṇaḥ -ak -mṇāḥ (720)-atthāḥ (723)-an -ainoḥ (725)-eḥ -ṣṇāḥ (726)-rṇoḥ -iveḥ -avathāḥ -ñcathāḥ -ūnuthāḥ -dathāḥ -rpaḥ ;2.24;(1)-tam (9)-yatam (10)-aitam (11)-thatam (13)-cChatam (20)-vatam (29)-ñcatam (59)-atam (60)-datam -ūnutam -ṣṇītam (62)-ratam (63)-ndatam (79)-attam (81)-ṣatam (88)-yethām -dethām -ncatam (90)-ṛṇutam (91)-ttam -iṇītam (93)-avatam (94)-Chatam (95)-ethām -ṇatam -ndethām -am -ayethām -ntam -ñjāthām ;0.35;(5)-yata (6)-nīta (8)-yadhvam (12)-ta (17)-tta -vyata (18)-ayata (41)-adhvam -dadhvam (42)-data (45)-cChata (46)-ita (66)-ata (67)-vata -Chata (68)-cata -rata -datha -tata -aita -adāta -ṭhata (70)-ṣata (72)-ṭa (74)-iṇīta (76)-aitana (78)-ṛṇotana (80)-ātana -attana -gata (82)-avītana -stana -rpata -pata -atta -ṛṇota -avīta (83)-avata -ṛṇudhvam -dhāta -ṛṇīdhvam (84)-rta -ahātana -ayadhvam ;0.36;
3-е лицо;(2816)-avat (6957)-avīt (10591)-yat (10659)-data (11173)-arot (13063)-īt (13989)-yata (14050)-ūta (16514)-at (16695)-sat (17137)-dat (17627)-rat (17881)-ayat (17899)-lat (18325)-jat (18333)-ṅkta (18385)-dhāt (18437)-atta (18517)-tta (18602)-ṭa (19130)-āt (19229)-arat (19252)-ṣyat (19579)-tat (20134)-vat (21105)-ṣata (21443)-cChat (21469)-an (21505)-not (21536)-ṛṇot (21566)-myat (21634)-ñcat (21643)-ṭata (21689)-pyata (21816)-nyata (21870)-rṣat (22025)-pat (22334)-dyata (22664)-rtata (22726)-ṣṭhat (22760)-ndata (22765)-aut (22809)-cChata (22853)-ta (22858)-kata (23330)-ata (23367)-adāt (23507)-ṭhat (23669)-Chat (23737)-pata (23745)-ṇkta (23753)-adat (23809)-nāt (23818)-ṛṇāt (23919)-ṇāt (24165)-ṇot (24168)-ncat (24182)-eta (24228)-ibat (24240)-ṣṭhata (24323)-dhata (24375)-ṭhata (24489)-vīt (24515)-cat (24599)-tata (24628)-ñcata (24756)-cata (24764)-Chata (24914)-mat (24984)-vata -rpata (25004)-rṣata (25007)-sata -sta (25174)-jata (25198)-ahāt (25210)-irat (25269)-ṣat (25270)-unot (25274)-nyat (25276)-dāt (25361)-nat (25382)-ūyata (25388)-ṛṇuta (25395)-dyat -rdata (25423)-avata (25450)-ṣyata (25457)-dhat (25464)-ayata (25470)-inot (25510)-ndat (25519)-mata (25540)-ṛṇīta (25552)-pyat (25569)-ntata (25576)-rata (25583)-ntat (25612)-knot (25616)-bat -gata (25620)-dnāt (25632)-rot (25633)-njata (25648)-cyata (25649)-ahat (25651)-bata -kat (25664)-ot (25673)-myata (25677)-īyata (25688)-āyata (25690)-ṇata -ḍat (25703)-āyat (25707)-ḍata (25708)-kṣata -arata (25710)-bhrat (25719)-uruta (25748)-imīta (25750)-dīt (25755)-iṇot -irata (25756)-unāt (25760)-uhot (25778)-nuta -ṇvat (25786)-āḥ (25787)-rpat -rtat (25790)-īryat (25806)-ṇat -iyat -tarat -invīt (25808)-ṣṇāt (25828)-ait (25832)-īṇāt (25850)-it (25857)-bhet (25859)-bhar -knuvat -rjata -kta (25860)-ihīta -iket (25861)-ṇīta (25862)-ut (25864)-ar (25868)-iṇāt (25871)-rṇot -dhet -cīt (25878)-ak (25881)-ināt -ṛṇat (25884)-ṭat (25889)-et -eḥ (25891)-mṇāt -igāt -ūnot (25892)-ṇak -ainot -iprata -atatarām -ok (25893)-ñjata (25894)-mīt (25895)-thata -nak (25897)-ūnuta (25898)-yak -iśāt -eṭ -dha -mpat (25899)-imata -uvata ;72.60;(2)-tatām (7)-ṇītām (13)-āyatām (110)-tām (120)-rṣatām (125)-datām (162)-ūtām (169)-ṣatām (192)-vatām (229)-etām (244)-jetām (247)-Chatām (279)-yatām -ndatām (291)-avatām (321)-atām (325)-atuḥ (387)-yetām (388)-ṣṭhatām (397)-ñcatām (407)-cChatām -aratām (408)-dhatām (409)-urvatām (413)-ṇatām -ṣyetām (414)-natām -rtetām (419)-urutām -cChetām (420)-dyatām -ncatām (422)-rṣetām (425)-jatām (430)-cetām -ratām (434)-dyetām (435)-iratām (439)-attām (443)-ṭhatām -dhetām (447)-detām -uvātām (449)-knutām -metām (454)-yātām (457)-catām (461)-ātām (465)-ṣetām (467)-nyetām -ntatām -tetām (468)-itām -tyetām -alpetām -vetām -ṭhetām (470)-aitām -matām (474)-ayetām -rtatām -patām -rutām -ītām -dhātām -satām -nutām -ṛṇutam -iktām -āyatam -inantam -ñjātām -ratam -ṛṇītam (475)-ṛṇātām -petām (481)-ayatām -ahitām (486)-nuvātām -imātām ;1.58;(474)-avan (977)-uvan (1021)-urvan (1075)-ṣan (1135)-jan (1440)-anta (2403)-yan (3521)-an (3607)-āyan (3670)-ata (3675)-ṣata (3841)-rtanta (3881)-knuvan (4015)-ran (4137)-dan (4428)-yanta -ṛṇata (4452)-ṇan (4456)-ṛṇan (4492)-ndan (4499)-nvan (4522)-nvata (4544)-ñcan (4798)-van (4876)-tan (4918)-urvata (4983)-san (5008)-dhuḥ (5063)-Chan (5138)-janta -ṇvata (5171)-cChanta (5196)-ṇata (5234)-nyanta (5262)-aran (5268)-ñcanta (5270)-tyanta (5358)-cChan (5419)-nan (5506)-vanta (5520)-dhan (5593)-ayan (5663)-tanta (5669)-can (5693)-pan (5777)-ṣanta (5812)-ayanta (5820)-ān (5890)-dyanta (5900)-rṣanta (5952)-ṭhan (5956)-rvan (5960)-invan (5973)-ṣṭhan (5981)-ntan (6016)-urvanta (6051)-canta (6056)-ñjan (6066)-santa (6074)-pyanta (6076)-ndanta (6113)-danta (6114)-ganta (6128)-rṣan (6129)-ṣṭhanta (6149)-ranta (6208)-nuvan (6212)-pyan (6257)-us (6261)-nanta (6275)-ṇvan (6276)-invanta (6279)-manta (6335)-avanta (6342)-ṇanta (6367)-ṭhanta (6372)-rtan (6411)-dhanta (6415)-īyanta -cyanta (6443)-panta (6464)-man -ñjanta (6487)-ṛṇvan (6488)-nuvanta (6506)-ṣyanta -yata (6510)-ṭanta -bhyan (6517)-ncan -ṇanti (6519)-dhata -ibanta (6523)-ṣyan (6554)-ñjata (6555)-sata -iṣanta -vyanta -ānta -adan (6556)-uvata (6558)-Chanta -ntanta (6559)-ḍanta (6565)-iran -ban (6569)-iban (6572)-dyan (6575)-nta (6577)-lan (6578)-dnan -syanta -tyan -banta (6580)-alpanta (6581)-āyanta (6585)-njata (6591)-rata -erata (6596)-uḥ -iranta (6597)-uvanta (6604)-nuvata -ṭan (6615)-ṛṇvata (6622)-aduḥ -bhran -yacuḥ (6624)-ṣuḥ -āvan (6625)-avuḥ -ihata -aranta -ruḥ -uhvata -unan (6629)-vuḥ (6630)-dhayuḥ -eran (6633)-īṇan -ūryan -duḥ (6634)-jata (6641)-nata -uṇvan (6643)-yiṣan (6644)-ūnvan (6648)-uhavuḥ (6649)-data (6650)-unvan -invata -iyanta -alpan ;18.94;

Pres. Imp.;8.64%;;;
Лицо;Ед.ч.;%;Дв.ч.;%;Мн.ч.;%;
1-е лицо;-Chai (100)-ravāṇi (178)-dāni (252)-āni (261)-vāṇi (270)-yāni (283)-ai (292)-rāṇi -ravai -ṇi (300)-ni (302)-Chāni (304)-vāni (306)-yai -ayāni (307)-āṇi (312)-ṇai -adāni (313)-āyāni (314)-ncāni ;1.02;(12)-āvahai (14)-ravāva (28)-Chāva (40)-yāva (52)-āva (56)-va -dāvahai (57)-vāma -dāva (58)-ayāva -avāmahai -ravāvahe -vahai -bāva -navāva (59)-ṇāvahai ;0.23;(98)-āma (110)-rāma (119)-ravāma (150)-ma (177)-yāma (220)-Chāma (231)-navāma (233)-tāma (235)-ravāmaḥ (237)-ncāma (242)-vāma -ajāma (248)-avāma (255)-āmahai (257)-dāma -ayāma -dāmahai (259)-ajāmahai -ncāmahai -ṇavāma (260)-ravāmahai -yāmahai (262)-mahai -navāmahai -Chāmahai -ṭhāma -acāma -lpāmahai ;0.89;
2-е лицо;(654)-ra (2067)-ṇu (3415)-asva (4020)-da (6926)-hi (7146)-uṣva (7952)-ru (11586)-ya (12604)-va (13963)-ha (13971)-ād (14048)-ca (14283)-ṇa (14371)-ma (14397)-na (15430)-Cha (15724)-ehi (15728)-ṭa (15959)-ṣa (16114)-nca (16156)-ṣva (16249)-ddhi (16361)-ihi (16408)-ṇīhi (16912)-ja (17290)-yasva (17353)-īṣva (17355)-yatāt (17856)-dhi (17959)-tsva (17997)-āt (18180)-sa (18204)-dasva (18282)-tasva (18520)-ruṣva (18604)-sva (18606)-idhi (18655)-ṇuhi (18692)-ḍa (18839)-nuhi (18901)-pa (18995)-ṇkṣva (19111)-ṇīṣva (19295)-vasva (19350)-Chasva (19501)-ṭha (19564)-ta (19586)-la (19595)-ncasva (19645)-rasva (19725)-vīhi (19745)-nu (19751)-udhi (19760)-īhi -nuhī (19761)-atsva (19892)-ba (19899)-āna (19900)-nvasva (19915)-āhi -ohi (19929)-si -dāhi (19932)-yāhi (19936)-basva (19937)-nja (19940)-aihi -jasva -ruhi -nīṣva (19943)-iyasva -aṣva -ṭhasva (19944)-ga (19980)-hā (20004)-ṇuṣva (20016)-nīhi (20017)-pasva (20025)-ṇgdhi -gdhi -rāṇa -āṇa (20054)-ṣā (20067)-yā -ṛgdhi (20068)-Chā (20072)-tāt (20075)-ṇutāt (20079)-ttāt (20092)-atāt -nītāt (20103)-śīhi (20119)-uhi (20126)-śādhi (20131)-ṇdhi (20137)-rīhi -ṇasva (20138)-ṣasva -nva (20174)-bā (20180)-iṣva (20181)-iḍḍhi (20187)-mīhi -Chatāt (20193)-yodhi (20197)-pṛhi (20201)-vā -kīhi -lpasva -vatāt (20202)-kṣva -rya (20203)-rāsva (20204)-ītāt (20206)-ḍhi -nuṣva -nahi ;62.05;(202)-atam (219)-vatam (408)-tam (468)-ethām (481)-yatam (528)-Chatam (535)-ratam (561)-utam (563)-tām (623)-ttam (657)-ncatam (661)-ṇītam -īthām (664)-ītam (667)-śītam (688)-am (689)-nutam (741)-batam (747)-njāthām -gātam (754)-ṇutam (758)-ṇktam (762)-pṛtam (763)-rethām (769)-yethām (770)-mītam (772)-rutam (773)-āthām -notam (774)-māthām (775)-patam (777)-yutam -sṛtam (778)-yotam -nītam (779)-ṇāthām -itam -thām -ṭhatam -tethām ;2.50;(71)-uta (810)-ata (845)-tadhvam (859)-ita (875)-bata (881)-nuta (1309)-ta (1328)-ṇīta (1382)-ruta (1423)-rudhvam (1603)-yata (1703)-yadhvam (1749)-rata (2105)-adhvam (2121)-tana (2122)-atha (2190)-udhvam (2234)-Chadhvam (2238)-ncadhvam (2355)-Chata -nvadhvam (2412)-vata (2419)-ṭhata (2421)-ṣadhvam (2450)-eta (2493)-dhvam (2507)-tata (2509)-nudhvam (2514)-data (2540)-ṇuta (2566)-īta (2570)-vadhvam (2571)-ddhvam (2575)-pata (2576)-ṭhadhvam (2578)-ṣata (2602)-radhvam (2626)-ncata -ṇkṣadhvam (2655)-ṇudhvam (2658)-ṇkta (2664)-vam -nuvadhvam (2713)-tta (2736)-nīta (2739)-nīdhvam (2740)-njadhvam -īdhvam (2741)-ṇīdhvam (2755)-ātana (2769)-ota (2778)-otana -tā (2781)-akta (2782)-itā (2798)-nota (2803)-ṇotana (2813)-utā -notā (2818)-atā (2823)-ttana (2825)-ncatā -dātana -yatana (2830)-śīta (2832)-pṛta (2834)-yotana -nutā (2836)-notana (2842)-yota (2843)-itana (2849)-ṇota -ikta (2852)-nītana (2854)-cata (2855)-vītana (2857)-gāta (2858)-ṇītana (2860)-badhvam -ṛkta (2868)-partana (2871)-ṇgdhvam -gātana (2874)-etana -rīdhvam -aktana (2875)-ṇata -atana -dāta -aṣṭana -nāta (2877)-ītana -ūryata (2878)-ḍhvam ;9.07;
3-е лицо;(66)-rotu (95)-notu (2289)-tu (3130)-atu (3191)-tām (3358)-yatām (3405)-otu (3558)-yatu (3956)-vatu (3957)-tāt (4273)-atām (4425)-Chatu (4433)-atāt (4438)-ratām (4468)-nātu (4606)-ātu (4608)-ṇktām (4664)-tatām (4669)-lpatām (4683)-batu (4686)-ncātu (4713)-aitu (4719)-patu (4732)-ṣatu (4767)-itu (4776)-rutām (4788)-ttām (4813)-ratu (4984)-etu (5008)-vatām -ratād (5010)-ītu (5021)-Chatām (5080)-ṇotu (5103)-ṇātu (5160)-dātu (5239)-vītu -vasva (5271)-ncatu (5275)-tatu (5279)-ṭhatu (5284)-ṇītām (5304)-ām (5308)-ītām (5309)-yatād (5349)-aktu -rata (5357)-Chatāt (5363)-vatāt (5366)-utām (5368)-ktu -jatu -ryatu -artu (5369)-yatāt -āt -yāt (5371)-iyatām (5378)-datu -retu (5383)-partu (5386)-yotu -ṭu -nvatu (5387)-ṇutām -rtu (5388)-gātu -datām -śātu -mītām -mātu (5390)-ṣṭu (5393)-yām (5394)-attu -astu -kitām -utu (5395)-ratāt (5396)-njatu -iṣyatu -lpatu -ncatām -nutām -ṭām ;16.73;(46)-atām -ṇktām (47)-itām (62)-yatām (66)-ātām (72)-ratām -nutām (84)-tām (90)-etām (100)-ttām (101)-rutām -tetām -yātām (106)-Chatām (110)-yetām -ītām (116)-vatām -tatām (117)-ṇītam (120)-ṇutam -ṇītām (121)-pṛtām -patām -rāthām (123)-ncatām (138)-ām (140)-ṇutām -dhām -ayatām -ṛtām -batām -nītām (141)-lpetām ;0.53;(220)-yantu (254)-rvantu (988)-antu (1176)-antām (1457)-vantu (1820)-ntu (1830)-tantām (1832)-rvatām (1850)-rantu (1876)-nantu (1886)-ṇvantu (1893)-āyantu (1900)-nuvantu (1954)-yantām (2042)-Chantu (2052)-nvantu (2054)-tu (2065)-ṣantu (2125)-ncantu (2129)-ṇantu (2137)-ntām (2140)-vate (2151)-datu (2158)-bantu (2161)-vatām -ṭhantu (2164)-njantu (2166)-tām (2170)-pantu (2181)-atu (2184)-lpantām -tantu (2202)-atām -yatām (2217)-ratām (2227)-dantu (2228)-jantu -ākurvantu (2229)-ṇatām (2234)-vantām -ṣantām (2236)-rām (2237)-sratām -ṇuvantu -cChantu -rantām ;6.97;

Present Passive;5.23%;;;
Лицо;Ед.ч.;%;Дв.ч.;%;Мн.ч.;%;
1-е лицо;(73)-ye (78)-iye -rye -iyāmi -yāmi -yeyam ;0.42;;0.00;-āmahe (24)-yāmahe -maḥ (25)-mahe ;0.15;
2-е лицо;(170)-yase (171)-ryase (226)-ase (268)-se (271)-iyase ;1.39;-ethe ;0.01;-yadhve ;0.01;
3-е лицо;(9493)-yate (13386)-ate (15620)-te (16556)-iyate (16762)-ryate (16794)-īyate (16795)-īryate -bhyate (16796)-dyate -yyate ;84.80;(83)-yete (105)-te (125)-ete (127)-iyete (130)-ryete ;0.68;(1661)-yante (1944)-ante (2275)-nte (2422)-iyante (2470)-ryante (2478)-te (2479)-yanti -ṇyante ;12.55;

Future Ind.;4.52%;;;
Лицо;Ед.ч.;%;Дв.ч.;%;Мн.ч.;%;
1-е лицо;(1594)-ṣyāmi (1955)-ṣye (2081)-riṣye (2510)-riṣyāmi (3679)-iṣyāmi (4315)-syāmi (4458)-sye (4620)-viṣyāmi (4920)-iṣye (4940)-kṣyāmi (5024)-ye (5049)-īṣyāmi (5064)-kṣye (5086)-eṣyāmi (5186)-yāmi (5192)-īṣye (5217)-yiṣyāmi (5232)-tiṣye (5245)-yiṣye (5246)-viṣye (5255)-āmi (5257)-tiṣyāmi (5258)-tsyāmi -ṣiṣye (5259)-eṣye (5260)-aiṣyāmi (5264)-āsye -ṣiṣyāmi ;30.86;(15)-iṣyāvaḥ (16)-riṣyāvahe (28)-ṣyāvaḥ (41)-syāvaḥ (47)-riṣyāvaḥ -ṣyāvahe (50)-viṣyāvaḥ (51)-syāvahe -riṣyāva (52)-yāvaḥ -eṣyāvaḥ -iṣyāvahe (54)-syāvahai ;0.39;(576)-syāmaḥ (680)-riṣyāmaḥ (918)-ṣyāmaḥ (1011)-yāmaḥ (1018)-eṣyāmaḥ (1199)-iṣyāmaḥ (1215)-yāmahe (1239)-ṣyāmahe (1245)-riṣyāmahe (1271)-syāmahe (1283)-iṣyāmahe (1312)-viṣyāmaḥ (1313)-yiṣyāmahe (1314)-āmaḥ (1315)-tiṣyāmahe (1316)-ṣyāma (1320)-īṣyāmaḥ -iṣyāma -īṣyāmahe (1322)-yiṣyāmaḥ (1323)-kṣyāmahe -eṣyāmahe -tiṣyāmaḥ ;7.85;
2-е лицо;(289)-iṣyasi (691)-syasi (949)-ṣyasi (1089)-riṣyasi (1205)-syase (1207)-yiṣyase (1219)-iṣyase (1353)-ṣyase (1383)-eṣyasi (1404)-yasi (1684)-viṣyasi (1749)-yase (1755)-yiṣyasi (1758)-kṣyasi (1760)-īṣyasi (1764)-riṣyase -ase -kṣyase -asi (1765)-īṣyase -ṣiṣyasi -tiṣyasi (1769)-āsyasi -viṣyase ;10.46;-ṣyathaḥ (9)-iṣyathaḥ (11)-viṣyathaḥ (14)-syathaḥ -ṣyethe -syethe ;0.12;(55)-iṣyatha (96)-ṣyatha (149)-syatha (169)-riṣyatha (195)-viṣyatha -atha (197)-eṣyatha (198)-tsyatha (200)-yatha -ṣyadhve -kṣyatha -yadhve -iṣyadhve ;1.24;
3-е лицо;(1788)-viṣyati (2309)-ṣyati (2565)-syate (2806)-ṣyate (3521)-syati (3635)-yati (4874)-iṣyati (5315)-riṣyati (5395)-iṣyate (5487)-eṣyati (5532)-kṣyati (5684)-yate (5685)-ariṣyati (5696)-riṣyate (5719)-yiṣyati (5727)-kṣyate -yiṣyate (5733)-ati (5781)-īṣyati (5785)-viṣyate (5788)-tiṣyati (5790)-eṣyate (5791)-tsyati (5794)-tiṣyate -syatu (5795)-īṣyate (5801)-ṣiṣyati (5802)-aiṣyati (5806)-āsyati ;34.03;(26)-viṣyataḥ (63)-iṣyataḥ (72)-syataḥ (81)-syete (101)-riṣyataḥ (102)-viṣyete (116)-ṣyataḥ (122)-iṣyete (123)-ṣyete (124)-yete (125)-eṣyataḥ (126)-riṣyete -yiṣyataḥ -īṣyete -kṣyataḥ -apsyete ;0.83;(68)-ṣyante (494)-viṣyanti (888)-syanti (1047)-riṣyanti (1648)-iṣyanti (1896)-ṣyanti (1913)-kṣyanti (2023)-syante (2028)-yiṣyanti (2050)-eṣyanti (2179)-yante (2244)-iṣyante (2246)-tiṣyante (2287)-īṣyanti (2293)-riṣyante (2404)-yanti (2405)-tsyante -lpiṣyante (2407)-anti (2413)-tsyanti (2415)-tiṣyanti (2416)-kṣyante -psyanti -ṣiṣyante -āsyanti ;14.23;

Aorist Ind. Root.;1.13%;;;
Лицо;Ед.ч.;%;Дв.ч.;%;Мн.ч.;%;
1-е лицо;(5)-mam (85)-ām (88)-am (112)-ūvam (113)-nam (116)-uvam -ṣi -dam -ram (117)-avam (119)-ri -ji -vi (125)-bham ;3.24;(2)-ūva ;0.07;(17)-āma (68)-mahi (81)-nmahi (107)-nma (127)-ūma (135)-ma (136)-ima (146)-arma (148)-ema -īmahi -jmahi ;3.70;
2-е лицо;(52)-āḥ (57)-ṛthāḥ (78)-ūḥ -āṭ (81)-aṭ (85)-ithāḥ (103)-an (114)-aḥ (118)-kthāḥ (120)-eḥ -āt (121)-et ;3.10;-ūtam (6)-ātam (8)-tam -ṛtam ;0.28;(4)-ūtana (6)-arta (12)-gdhvam (15)-idhvam -ūta -ta -etana ;0.51;
3-е лицо;(1808)-ūt (2970)-āt (2982)-ṛta (2997)-ita (3000)-nat (3003)-ūta (3010)-ṭa (3012)-pta (3014)-ṣṭa (3094)-an -āta (3102)-yāt (3156)-aḥ (3168)-ta (3194)-et (3208)-āḥ (3236)-aṭ (3237)-rt -kṛta (3238)-ot (3245)-kta -īta (3246)-āṭ -tta -ak -ok -at ;76.24;(19)-ūtām (25)-ātām (27)-tām (28)-ītām -ṭām -artām ;0.79;(173)-uḥ (282)-ūvan (290)-man (291)-ān -īta (344)-an (347)-nan (348)-nata (386)-ran (387)-uvan (409)-rata (412)-ram (414)-jan (415)-tan (456)-ata (463)-muḥ (470)-iran (480)-gram -ṣran -pran -sran (481)-jran -dran (482)-yan (489)-gran -iyan -tran (490)-ṣata ;12.07;

Perfect Ind. Peri.;0.97%;;;
Лицо;Ед.ч.;%;Дв.ч.;%;Мн.ч.;%;
1-е лицо;-ācakre (5)-āmāsa -ābabhūve ;0.22;;0.00;;0.00;
2-е лицо;;0.00;;0.00;;0.00;
3-е лицо;(2907)-āmāsa (3060)-māsa -cakre -yācakre (3102)-ācakre (3132)-yāmāsa (3145)-ābabhūva (3169)-ācakāra -āpracakramuḥ (3173)-cakāra (3176)-ām -kayām -āmakaḥ -ayācakāra -ācakara -arābabhūva -rāmāsa -āmakar ;87.08;(59)-āmāsatuḥ (64)-ācakratuḥ (66)-ācakrāte -āmāstām ;1.91;(256)-āmāsuḥ (292)-ācakruḥ -ābabhūvire (349)-ācakrire (364)-māsuḥ -avāścakrire (368)-cakruḥ (381)-ābabhūvuḥ -āpracakruḥ -āścakruḥ -yāmāsuḥ -ayācakruḥ -āmakran -avācakruḥ -arābabhūvuḥ ;10.80;

Pres. Imperative Passive;0.78%;;;
Лицо;Ед.ч.;%;Дв.ч.;%;Мн.ч.;%;
1-е лицо;-ye ;0.03;;0.00;-āma ;0.03;
2-е лицо;(13)-yasva (16)-asva (18)-sva -iyasva ;0.75;;0.00;(20)-yadhvam ;0.71;
3-е лицо;(284)-atām (790)-tām (2349)-yatām (2358)-ryatām (2696)-iyatām (2733)-ām -īryatām ;92.94;(4)-yetām -iyetām (5)-tām ;0.27;(77)-yantām (81)-tām (109)-ntām (111)-yantu (132)-iyantām (146)-antām -dyantām (147)-ryantām ;5.26;

Aorist Jus.;0.62%;;;
Лицо;Ед.ч.;%;Дв.ч.;%;Мн.ч.;%;
1-е лицо;(43)-am (62)-ṣam -siṣam (79)-ṣi (81)-iṣi (89)-ām -uṣam (94)-vam (101)-ram -atham -ase (110)-ce (115)-si (118)-ve -hi -anam -dham -aram -tam ;5.79;-vahi ;0.04;(43)-mahi (48)-iṣma (49)-īṣma (51)-smahi (60)-āma -maḥ (63)-īmahi (79)-ma (81)-ṣma (85)-rma -āmahi -siṣīmahi -iṣmahi ;4.14;
2-е лицо;(224)-thāḥ (477)-aḥ (611)-īḥ (664)-ūḥ (695)-iṣīḥ (737)-rṣīḥ (748)-ṣīḥ (786)-iḥ (788)-rṣiḥ (884)-āḥ (894)-ithāḥ (895)-ipaḥ (900)-sīḥ -uṣīḥ (934)-ṣṭhāḥ (950)-iṣṭhāḥ (957)-śaḥ (960)-kṣīḥ (971)-iṣaḥ (986)-yathāḥ -ujaḥ -baḥ -roḥ (987)-daḥ (988)-anaḥ (989)-araḥ -tithāḥ -daraḥ -dīḥ -nīḥ (1005)-vaḥ -varaḥ (1013)-athaḥ (1018)-rīḥ -āṭ -taḥ (1023)-dhaḥ (1024)-ṛṣaḥ -utaḥ (1027)-ar (1028)-rk -ṣiṣṭhāḥ (1034)-vīḥ -uḥ (1035)-paraḥ -ṭhāḥ -ut (1037)-et (1038)-athāḥ -an -eḥ -apaḥ (1042)-ṣaḥ (1044)-upaḥ (1045)-ap -ak (1047)-āk -ṣīṣṭhāḥ -iṣīṣṭhāḥ -amaḥ -īpaḥ -ijaḥ ;46.87;(4)-iṣṭam (17)-tam (18)-riṣṭam -atam -am (22)-siṣṭam (26)-ṣṭam -yiṣṭam -rtam (27)-dhatam (31)-uṣṭam ;1.78;(3)-dhvam (23)-iṣṭa (28)-ata (39)-ta -īta -ṭata -ṣṭa -ṣata -īṣṭa (40)-iṣṭana -iṣata -uṣṭa -rtana -sīṣṭa -dhata -siṣṭa -rṣṭa ;2.41;
3-е лицо;(220)-ūt (267)-īt (272)-rṣīt (342)-āt -ṇkṣīt (493)-at -yata -īḥ (496)-rot (530)-vat -iṣīt -Chat (549)-iṣṭa -njīt (580)-aḥ (605)-rat (618)-ak -navat -tsīt (632)-ta -siṣṭa (633)-ṣīt (634)-rk (636)-ata (640)-an (642)-et (653)-rīt (657)-anat (660)-ṭa -yāḥ (663)-parat (667)-ar -dhat (668)-āḥ (669)-iṣat (670)-yat (671)-athat (677)-ṣṭa -ṣat (679)-āk (684)-ṣata (686)-rt -adat -kṣata -ut -aṭ (688)-viṣṭa (690)-sīt -dat (691)-arat -iṣṭhat (692)-tat -lpat -ṣi -kṣīt ;31.57;(1)-iṣṭam -ṣātām -tām ;0.17;(4)-ṣuḥ -yuḥ (62)-an (65)-nta (69)-siṣuḥ (76)-iṣuḥ -rvan (81)-van (83)-anan (121)-uḥ -uṣuḥ (133)-anta (136)-aman (137)-rṣuḥ (138)-tan -ran -ṣan -ata (141)-riṣuḥ -kṣata -duḥ -apanta (142)-suḥ -kṣan -sata (144)-ṣata -kṣanta ;7.23;

Aorist Ind. Them.;0.60%;;;
Лицо;Ед.ч.;%;Дв.ч.;%;Мн.ч.;%;
1-е лицо;(79)-cam (114)-mam (130)-dam (192)-am (200)-kam (245)-avam (254)-śam (284)-aram -ṣam (288)-ram (291)-nam (295)-uvam -ce (307)-ve -yam -ṣe -jam ;14.24;-ṣāva -cāva -dāva ;0.13;(8)-dāma (29)-cāma -arāma (32)-āma -ṣāma (35)-nāma ;1.80;
2-е лицо;(4)-daḥ (6)-maḥ (18)-caḥ (35)-aḥ (39)-cathāḥ -naḥ (41)-raḥ (43)-kaḥ -yaḥ -taḥ (44)-araḥ ;2.42;(1)-atam ;0.09;(8)-kata -ṣadhvam (9)-ta (10)-ata ;0.62;
3-е лицо;(396)-at (754)-mat (852)-nat (879)-dat (1423)-cat (1434)-uvat (1486)-kat (1501)-arat (1532)-rat (1541)-ata (1544)-ṣat (1554)-cata -sat -jat -ṇat (1567)-vat (1569)-ta (1570)-ṣata -śat -tat -āyata (1572)-pat ;70.04;-matām (10)-catām -atām -tām -patām ;0.66;(67)-can (75)-dan (79)-kan (120)-man (193)-an (196)-uvan -van (202)-nan (203)-canta (207)-aran (208)-uḥ (210)-ran (212)-anta -yan -nta -nanta ;10.02;

Future. Ind. Peri.;0.34%;;;
Лицо;Ед.ч.;%;Дв.ч.;%;Мн.ч.;%;
1-е лицо;-lpitāsmi (4)-ṭāsmi (53)-rtāsmi (59)-āsmi (70)-itāsmi (130)-tāsmi (131)-vitāsmi (134)-rtāham -dhāsmi -yitāsmi ;11.16;;0.00;-tāsmaḥ -āsmaḥ -tāsmahe ;0.23;
2-е лицо;(65)-tāsi (75)-itāsi (91)-rtāsi (100)-vitāsi (101)-āsi (135)-ṭāsi -dhāsi ;11.01;;0.00;-ṭāstha ;0.08;
3-е лицо;(318)-vitā (391)-rtā (392)-ṣṭā (713)-tā (836)-itā (868)-ṭā (869)-dhā (878)-hā (883)-ītā (887)-yitā (904)-etā -titā -ritā -ptā ;71.16;-rtārau (2)-vitārau -ṭārau -itārau (3)-tārau -tārā ;0.70;(6)-ṭāraḥ (17)-vitāraḥ (57)-tāraḥ (63)-rtāraḥ (68)-itāraḥ ;5.66;

Pres. Sub.;0.33%;;;
Лицо;Ед.ч.;%;Дв.ч.;%;Мн.ч.;%;
1-е лицо;-avā -yam (23)-āni (26)-yā (30)-vā -avai (34)-cā -ṣā -ṇavā (36)-vāṇi -navā (37)-ṇavai (38)-vai -āṇi (39)-ni -ayā -jā (40)-sā -rā (41)-navai -rai ;4.90;(3)-āvahai (8)-āva -ṇavāvahai -vāvahai -ṇavāva -bāva -acāva ;1.19;(4)-ṇavāmā (6)-nāma (7)-vāmahai (10)-āmahai (30)-āma -āva (52)-vāma (53)-āmasi (58)-ṇavāma -dhāmahai (61)-rāma (68)-avāma (73)-yāma (83)-navāma -ma (84)-ṇavāmahai -mahai -dāmahe -ayāma ;8.14;
2-е лицо;(38)-ṣi (48)-vaḥ (78)-āsi (83)-yāsi (91)-ṇavaḥ -athāḥ (93)-rāḥ (105)-āse -ncāḥ (150)-aḥ (179)-āḥ (183)-yāḥ (185)-yaḥ -adaḥ -bāḥ (193)-asi (194)-nāḥ (199)-vāsi -vāḥ -bāsi -vasi (203)-yasi (204)-yāsai -Chāsi (206)-ase -ṇavase -avase -vāse -Chāḥ (208)-avaḥ -uraḥ (211)-daḥ -eṣaḥ (213)-ayaḥ -rāsi -ncāsi -āyasi -ravaḥ -dāsai ;19.92;(2)-athaḥ (5)-āthaḥ (11)-bāthaḥ -aithe -navaithe -yāthaḥ ;1.34;(1)-yātha (9)-ātha (12)-atha -avatha -rāthaḥ (13)-ātaḥ (15)-ādhvai -ādhve -vatha -ṇvaite -tha -ṇavatha -Chātha -athaḥ -āthaḥ -vātha (16)-avātha ;2.61;
3-е лицо;(154)-at -ncāti (270)-āt (283)-ātai (361)-āti (383)-ṇavat (407)-vāti (420)-Chāt (436)-āte (437)-Chāti (446)-dat (473)-avat (476)-yāte (477)-ajat (493)-yat (509)-ate (521)-yāti -adat (524)-yāt (538)-ati (552)-vat (566)-navat (569)-rāte (570)-ṇāt (572)-āyat -arṣat -dhat (575)-rāt (577)-ṇavate (581)-rāti -asat -iyāte (582)-ayat (584)-ti (585)-rate (587)-nat (592)-āyati (597)-yati -pāt (602)-yātai -arat -ravat -yavat -ajate -iṣāt -vāte (603)-bāt (604)-ncāt -bāti -arṣati -ayati -ravāt -vātai -navātai ;52.02;(8)-ātaḥ -āthaḥ (9)-ataḥ -bātaḥ -avāvahai (11)-aite -vaite -dātaḥ ;1.50;(3)-Chān (7)-ṇavan (11)-ayan -avate (35)-an (69)-ān (71)-ajan (75)-avan (78)-ṇavanta -sān -yān (80)-anta (81)-van -ahān (83)-dan -navanta -yavan (84)-yan -navan (85)-rān -ṇān ;8.38;

Imperfect Ind. Passive ;0.29%;;;
Лицо;Ед.ч.;%;Дв.ч.;%;Мн.ч.;%;
1-е лицо;(6)-ye (7)-īye ;0.83;;0.00;;0.00;
2-е лицо;;0.00;;0.00;;0.00;
3-е лицо;(22)-dyata (47)-pyata (303)-yata (505)-īyata (556)-īryata (566)-nyata (571)-riyata (589)-ūyata (590)-myata (596)-ta (600)-āyata (635)-jyata (660)-cyata (720)-ata (725)-ūryata (732)-ṣyata (745)-ryata -idyata (746)-kyata (747)-syata (749)-iyata -tyata ;71.19;(9)-dyetām -īyatām (11)-yetām -ṣyetām (13)-jyetām ;1.66;(3)-dyanta (141)-yanta (162)-īryanta (174)-ryanta (179)-īyanta (187)-ṣyanta (217)-anta (226)-nyanta (235)-ūyanta (238)-pyanta (249)-nta (254)-cyanta (256)-āyanta (257)-kyanta (262)-riyanta (268)-jyanta -aryanta ;26.32;

Aorist Ind. S.;0.27%;;;
Лицо;Ед.ч.;%;Дв.ч.;%;Мн.ч.;%;
1-е лицо;(63)-kṣam (187)-auṣam (194)-āsiṣam (202)-rṣam (231)-ārṣam (233)-āsam (236)-am (246)-aiṣam (247)-tsam -itsam (251)-si (253)-psam -eṣi (257)-oṣi (263)-kṣi -iṣam (267)-tsi (268)-sam (270)-ṣi -ūṣi -āk -ksam -ṛṣi -āsi ;28.30;-kṣva ;0.10;-auṣma -eṣmahi (3)-kṣma (6)-smahi (7)-āsma (11)-aiṣma -ṣmahi (12)-tsmahi (13)-kṣmahi -eṣma (14)-sma ;2.41;
2-е лицо;(5)-ākṣīḥ (16)-auṣīḥ (19)-sthāḥ (34)-ārṣīḥ (35)-tsīḥ -āsīḥ (39)-kṣīḥ (44)-aiṣīḥ (50)-iṣīḥ -iṣṭhāḥ (53)-īḥ -ipsīḥ -thāḥ (55)-rṣīḥ -īṣṭhāḥ (59)-sīḥ (60)-oṣṭhāḥ -ṣe -ut (61)-āḥ (62)-āsthāḥ -ān (63)-aiḥ ;8.28;(1)-stam -āṣṭram ;0.29;-aiṣṭa -oḍhvam -nta (2)-ādhvam -āsta ;0.67;
3-е лицо;(42)-auṣīt (57)-tsīt (59)-ākṣīt (150)-kṣīt (212)-ārṣīt (224)-sīt -uṣīt (249)-āsīt -ṇkṣīt (251)-iṣīt (266)-īt (283)-aiṣīt (285)-īṣṭa (288)-aiṣṭa (302)-sta (303)-dīt (305)-ta (317)-rṣīt -itsīt (319)-dha (323)-āḥ (324)-ṣe (325)-ṣṭa -āṭ (338)-ān (352)-ut -asīt (366)-ār (373)-kta (376)-āk (377)-oṣṭa (389)-it (393)-ik -an -ait -yīt -ṛta -āt ;41.48;-rṣṭām -ṣātām -ūṣātām (1)-ṣṭām ;0.48;(26)-ārṣuḥ (35)-kṣuḥ (38)-rṣuḥ (44)-eṣata (45)-aiṣuḥ (66)-sata (67)-suḥ (108)-ūṣata (130)-kṣata -ntsuḥ (146)-ṣata (147)-ṛṣata (153)-āsata -ākṣuḥ -oṣata -tsuḥ -rṣata (156)-psata (157)-tsata (158)-āsuḥ -ukṣata (162)-auṣuḥ -ata -ṣuḥ -uḥ ;18.00;

 Aorist Imp.;0.26%;;;
Лицо;Ед.ч.;%;Дв.ч.;%;Мн.ч.;%;
1-е лицо;-iṣāṇi ;0.10;;0.00;;0.00;
2-е лицо;(184)-dhi (195)-ṣvā (200)-svā (368)-hi (405)-dhī (427)-ṣva (431)-da (438)-rdhi (475)-sva -ṣa (478)-si (483)-va (490)-iḍḍhi (491)-rṣa (494)-ca -iṣva (499)-na (501)-kṣasva -ha ;52.42;(114)-tam (191)-am -sāthām (203)-iṣṭam (209)-atam (210)-ṛtam (212)-rtam -ṣatam (213)-ktam -ratam ;22.48;(65)-ta (79)-āta (95)-ata (113)-tana (117)-rtana (125)-rta -atana -tata -ṛta -tta -adhvam (126)-iṣṭana -iṣṭa -dhvam (128)-īdhvam ;14.42;
3-е лицо;(60)-tu (62)-iṣṭu -satām (63)-atu -atāt -ra ;6.96;-tām (4)-atām (5)-ratām (7)-ām (8)-iṣṭām ;1.31;(1)-vantu (4)-santām (14)-antu -yantu (15)-antām -ntu -purantu -athantu ;2.32;

 Present Jus.;0.24%;;;
Лицо;Ед.ч.;%;Дв.ч.;%;Мн.ч.;%;
1-е лицо;(15)-am -ncam -ṇām -ṇavam -vam ;2.22;;0.00;-nāma -yoma (1)-emahi ;0.44;
2-е лицо;(3)-an (60)-aḥ (62)-yaḥ -daḥ (68)-oḥ (83)-eḥ (85)-at -nāḥ (87)-ar -veḥ (88)-yothāḥ (93)-ak (96)-athāḥ -uthāḥ -āṭ -ṇāḥ -yathāḥ -śāḥ (97)-raḥ -rīthāḥ -ruthāḥ -aiḥ -ūrthāḥ -ṇīthāḥ -Chaḥ (98)-āḥ -īthāḥ ;13.90;;0.00;-rata (1)-yota (2)-ata ;0.56;
3-е лицо;(43)-ata (286)-at (296)-yat -Chat (297)-atā (298)-ṣat (301)-ṇuta (306)-ta (307)-et (310)-ncat (311)-pat (321)-an -rata (322)-īta (342)-rat (349)-ak -ṇot -bat (350)-ar (352)-yata -aṇat (353)-tat (356)-āt (357)-ṭa (362)-vat (363)-dat -īt -gāt -yota -nīt -dāt -nvat ;43.94;-atām ;0.11;(7)-van (110)-an -ban (128)-vanta (288)-anta (290)-yanta (291)-ran (300)-ranta (302)-dan (303)-nvan (304)-ta (306)-ṇvata (308)-yan (309)-vata (310)-ayanta (317)-ata (319)-njata -ṇata (320)-cata -rvata -nan -acuḥ (321)-nta (322)-ṇan -ṇanta (323)-uvan ;38.82;

 Aorist Sub.;0.20%;;;
Лицо;Ед.ч.;%;Дв.ч.;%;Мн.ч.;%;
1-е лицо;-dhā (1)-rāṇi -ṣāṇi (2)-ai -am (6)-jā (7)-āni -ni (8)-rā -cā -ṣīya -vāni -ṣe -ṣā ;2.97;-āvahai -āva ;0.27;(1)-rāma (11)-rāmahe (32)-āmahe (60)-āma (66)-ṣāma (69)-dhāma -mahi (70)-iṣāmahe (72)-mahe (74)-ma (76)-ṣma -amāma ;11.88;
2-е лицо;(62)-āḥ (73)-vaḥ (74)-rasi (78)-ase (88)-aḥ (91)-ṣaḥ (106)-rṣi (113)-ṣi (134)-raḥ (141)-iṣaḥ -rase -si -the (143)-daḥ -ithe -caḥ -riṣaḥ -apāsi -rṣasi ;21.86;-tas (1)-ataḥ -āthaḥ -āthe -ṣataḥ -sāthe -vathaḥ (2)-rathaḥ -sathaḥ (4)-thaḥ -ṣathaḥ ;2.02;(1)-āthana (3)-ātha (4)-rṣatha (5)-satha (6)-ṣatha -sataḥ ;1.62;
3-е лицо;(36)-rat (45)-rati (91)-at (151)-ṣat (152)-sati (173)-āt (184)-riṣat (217)-vat (247)-rṣat -āte (252)-rate (268)-sat (273)-amat (281)-ati (283)-āti (294)-iṣat (302)-viṣat -rṣate (303)-ṣate (310)-sate -kpāti (318)-ṣati -jate (333)-ate (341)-ti -rṣati (342)-siṣat -dhāti -śati -te -jati ;50.34;(1)-rataḥ (3)-rṣathaḥ (5)-ṣatām (12)-ṣataḥ -atuḥ -thaḥ -ataḥ -vataḥ -sathaḥ -ātaḥ ;2.97;-ranti (8)-van (17)-an -anta (21)-ran (23)-iṣanta (25)-ṣan -vanta -ranta -iṣan (27)-rṣan (28)-ṣata (29)-ante -anti (30)-san ;6.07;

Aorist Ind. Is.;0.19%;;;
Лицо;Ед.ч.;%;Дв.ч.;%;Мн.ч.;%;
1-е лицо;(7)-āriṣam (15)-riṣam (28)-diṣam (29)-ciṣam -iṣiṣam (32)-ayiṣi (33)-miṣam (39)-īṣam (43)-iṣi -tiṣi -ṣi -biṣam (44)-diṣi -viṣi (75)-iṣam (76)-siṣam -ṣiṣi -rtiṣi -piṣam (77)-īm (78)-viṣam -mīm (79)-niṣam (80)-yiṣam ;14.44;;0.00;-iṣma (2)-āsiṣma (6)-viṣma (9)-āriṣma (11)-bhīṣma -ārima ;2.36;
2-е лицо;(51)-īḥ (57)-dīḥ (61)-vīḥ (62)-iṣṭhāḥ -cithāḥ (64)-niṣṭhāḥ -rtithāḥ (65)-rīḥ -ayiṣṭhāḥ (67)-sīḥ -mīḥ -yiṣṭhāḥ -miṣṭhāḥ ;11.11;-iṣṭam ;0.14;-ṣṭa (2)-āsiṣṭa -iṣata -diṣṭa ;0.83;
3-е лицо;(247)-īt (248)-sīt (269)-niṣṭa (273)-ayiṣṭa (354)-dīt (365)-bhīt (369)-vīt (376)-āvīt (398)-mīt (400)-ṣiṣṭa (403)-iṣīt (406)-rīt (420)-iṣṭa -diṣṭa (424)-rtiṣṭa -kiṣṭa (426)-ciṣṭa (429)-ārīt (435)-ṣīt -diṣat -yiṣṭa -tiṣṭa (436)-miṣṭa (438)-nīt -dhiṣṭa -apiṣṭa -viṣṭa -aviṣṭa -siṣṭa -arait -ayīt ;65.14;-viṣātām -thiṣṭām -diṣātām ;0.42;(3)-viṣuḥ -ṣuḥ (8)-diṣuḥ (9)-yiṣata (10)-iṣata -riṣuḥ (15)-ndiṣuḥ (18)-āviṣuḥ (20)-rtiṣuḥ (24)-iṣuḥ -āriṣuḥ (25)-ṣiṣuḥ -ṇiṣuḥ -jiṣuḥ -diran ;5.56;

Aorist Ind. Red.;0.15%;;;
Лицо;Ед.ч.;%;Дв.ч.;%;Мн.ч.;%;
1-е лицо;(6)-cudam (24)-adam (25)-śamam (26)-caram -ṛdham -ramam -ūhavam (28)-ricam (30)-janam (32)-duṣam (33)-śriyam (36)-pam -kṛṣam (38)-aśam (59)-gamam -abham -madam (60)-īparam -ipam ;13.57;-śriyāva ;0.17;-tṛṣāma -adāma -ricāma ;0.52;
2-е лицо;(1)-cudaḥ (4)-aśaḥ (8)-janaḥ (10)-adaḥ -īkṛthāḥ -idaḥ -iśaḥ -paḥ (11)-aḥ -madaḥ -rupaḥ -śamaḥ -taraḥ -tṛpaḥ ;4.30;-rujatam ;0.17;-ṣikta -ṛdhadhvam ;0.34;
3-е лицо;(1)-rahat (2)-duhat (7)-ramat (8)-ghanat (12)-īkpat -śat (141)-janat (149)-īkarat (162)-aśat (168)-cudat (169)-dat (178)-ṛdhat (222)-adat -vadat (223)-tapat (260)-pat (267)-yujat (273)-śriyat (274)-arat -abhat -carat -īnayat -adhat (277)-dharat (279)-śamat (284)-vṛṣat -tuṣat -iśat -mṛdat -lat -tṛpat (287)-udhat -at (288)-kamata (289)-muhat (290)-riyat (295)-athat (307)-aḥ -duṣat (311)-amat -vṛtat -uṣat -ayat (312)-yutat -druvat (317)-ptat -ladat -ṣahat (318)-asat -piḍat (321)-vapat (322)-ūṣavat (323)-vasat -madat -īvarata -vipat -nat (325)-rucat -ar -itat -ucat -ipat -vitat (327)-gamat -tape (328)-patat -anat ;67.87;(5)-īkpatām ;1.03;(2)-yujan (3)-dharan (5)-adanta -ghanan (6)-vṛṣan (7)-duhan (13)-ṛdhan (14)-adan (18)-pan -vatan (26)-janan -aśanta -bhayanta -jananta (27)-madanta (30)-ptan -ṛdhanta (31)-japan (32)-īkaran -anan -ūpuran -mṛṇan -śaman -rasan -yupan (34)-aśan -ubhan (35)-īparan -vipan (36)-īvaran -vṛtan -asan -īkpan -an ;12.03;

Pres. Opt Passive;0.13%;;;
Лицо;Ед.ч.;%;Дв.ч.;%;Мн.ч.;%;
1-е лицо;-yam ;0.20;;0.00;-yemahi ;0.20;
2-е лицо;-ethāḥ -yethāḥ ;0.40;;0.00;;0.00;
3-е лицо;(276)-yeta (341)-ta (383)-iyeta (400)-ryeta (426)-eta -yet -kyeta -iyet -īyeta ;86.65;-yetām ;0.20;(46)-yeran (50)-ran (54)-iyeran -ryeran (57)-eran ;12.35;

Aorist Ind. Passive;0.11%;;;
Лицо;Ед.ч.;%;Дв.ч.;%;Мн.ч.;%;
1-е лицо;;0.00;;0.00;;0.00;
2-е лицо;;0.00;;0.00;;0.00;
3-е лицо;(27)-hi (69)-āyi (79)-pi (116)-yi (159)-āri (185)-āvi (247)-di (267)-ti (284)-śi (314)-ni (317)-ṣi (343)-ci (347)-ṇi (362)-mi (373)-ri -gi (386)-rji -ṭi -āni (387)-si (395)-ji (397)-ūri -vi ;100.00;;0.00;;0.00;

 Aorist Jus./Sub./Opt/Perf_Opt;0.08%;;;
Лицо;Ед.ч.;%;Дв.ч.;%;Мн.ч.;%;
1-е лицо;(9)-eyam (28)-īya -ṣiṣīya (48)-yām (55)-ṣīya (56)-eya (57)-sīya -rīya (60)-iṣīya ;23.71;-yāva ;0.34;(26)-īmahi -iyāma (86)-ema (103)-vema (136)-yāma -riṣīmahi (138)-iṣīmahi (144)-emahi -ma (146)-ṣīmahi ;53.61;
2-е лицо;(9)-yāḥ -iṣeḥ (11)-eḥ -īṣṭhāḥ -īthāḥ ;5.50;-etam ;0.34;;0.00;
3-е лицо;(7)-yāt (9)-ati (14)-et (23)-yāḥ -ṣat (24)-rīta (25)-iṣīṣṭa -rṣīṣṭa (26)-ta -īṣṭa ;12.37;(3)-sīthām -yātām ;1.72;-īrata -eyuḥ (4)-yuḥ ;2.41;

Future Cond.;0.07%;;;
Лицо;Ед.ч.;%;Дв.ч.;%;Мн.ч.;%;
1-е лицо;(1)-syadhvam -viṣyam -iṣyam (3)-kṣyam -diṣyam -akṣyam (5)-āsyam -yiṣyam -ṣyadhvam -miṣyam (8)-aviṣyam -ṣiṣya -aiṣam -ariṣyam ;8.18;(3)-iṣyāva -tiṣyāva (4)-syāva ;2.60;-yiṣyāma (5)-riṣyāma (22)-syāma (39)-iṣyāma (42)-yāma (49)-ṣyāma -tsmahi -kṣmahi ;21.19;
2-е лицо;(2)-ariṣyaḥ (6)-aviṣyaḥ -eṣyathāḥ -iṣyathāḥ -ṣyaḥ -āsyaḥ -yiṣyathāḥ (7)-yiṣyaḥ -kṣyaḥ -tiṣyaḥ (12)-miṣyaḥ -yaḥ -diṣyaḥ (13)-riṣyāḥ ;10.04;;0.00;(4)-viṣyadhvam (8)-ṣyadhvam (9)-syadhvam (13)-iṣyadhvam (15)-riṣyadhvam -kṣyatha ;7.81;
3-е лицо;(3)-āsyat (4)-kṣyat (8)-niṣyat (50)-aviṣyat (51)-īṣyat -viṣyat (52)-ariṣyat -ṣiṣyata -ariṣyata (54)-yiṣyat (56)-iṣyat (58)-tiṣyat -kṣat (82)-psyat -syat -ṇkṣyata -miṣyat -tsyat (88)-aiṣyat (94)-apsyat (95)-tsyata -eṣyat -riṣyat -yiṣyata -syata ;44.61;-āsyetām ;0.37;(4)-kṣyan (5)-iṣyan -yiṣyan (9)-aviṣyan -diṣyan ;5.20;

Aorist Prec.;0.06%;;;
Лицо;Ед.ч.;%;Дв.ч.;%;Мн.ч.;%;
1-е лицо;(72)-yāsam (73)-āsam (74)-yām -iyāsām ;35.29;-yāsva ;0.45;-yasma (3)-yāsma -iyāsma ;2.71;
2-е лицо;(11)-yāḥ -sisīṣṭhāḥ -ahīṣṭhāḥ ;6.33;;0.00;;0.00;
3-е лицо;(75)-yāt (98)-yāḥ (104)-īṣṭa (107)-iṣīṣṭa -ṣīṣṭa -eṣṭa ;51.13;-yāstām ;0.45;-yāsan (3)-yāsuḥ (5)-iyāsuḥ ;3.62;

Perfect Sub;0.05%;;;
Лицо;Ед.ч.;%;Дв.ч.;%;Мн.ч.;%;
1-е лицо;-jā ;0.52;;0.00;(2)-anāma -uryāma -śāmahai ;2.60;
2-е лицо;(3)-oṣaḥ -ūyāḥ (8)-anaḥ -rayaḥ -ayaḥ (9)-ahaḥ (11)-ūdaḥ (12)-itaḥ -śaḥ (13)-thaḥ -ucaḥ (14)-adaḥ -etasi -ṛcāsi -dhaḥ -aṇaḥ -yasi -oṣasi ;16.67;-ayataḥ -oṣatam -nīthaḥ -oṣathaḥ -etathaḥ ;2.60;-oṣatha -ayata -dhatha -ūdatha -āṇatā ;2.60;
3-е лицо;(2)-ūyāt (3)-ocat -mayat (4)-oṣati -dhati (11)-etati (14)-artati -dhate -ūdat (19)-anat (23)-śat (30)-śati (34)-ayat (39)-arṣati (40)-aṇat -dhāti (46)-etat (48)-uvat (54)-that -juvat (59)-artat (65)-oṣat (67)-ravat (68)-arat -apate (70)-ūdati -yati (73)-uryāt (75)-īyate (77)-ahat -amate -kṣati -rśat -ṛtat (78)-rayat -idat -oṣate -ṛṣate -ṭavat -kpat (79)-ocati (80)-yat -ndat (81)-ojate (82)-urat -adat ;66.67;;0.00;(3)-anan (8)-ayanta (9)-ayan -adan -oṣan -uṣan -than ;8.33;

 Perfect Imp;0.04%;;;
Лицо;Ед.ч.;%;Дв.ч.;%;Мн.ч.;%;
1-е лицо;;0.00;;0.00;;0.00;
2-е лицо;(7)-andhi (8)-rīhi (14)-iddhi (25)-ugdhi (36)-ṛtsva (38)-addhi (41)-dhasva (47)-iṣva (48)-ahasva -kṣva (50)-ḍḍhi -aya (51)-ihi (52)-ādhi -rayasva -ṛṣasva -rāyasva ;43.13;-tam (5)-uktam (8)-kṣatam (11)-yatam (12)-astam -ṛktam (16)-ocatam ;14.38;(2)-tana (3)-ṣṭana (5)-idhvam (6)-attana -yata -anta -ṛttana -ūdata (8)-uṣṭana -ta -ocata ;11.88;
3-е лицо;(11)-attu (14)-oktu (15)-antu -ūtu -tu -ottu -ṣṭu ;13.75;(2)-kṣatām -yatām ;2.50;-ntu (20)-ahantām -śrām ;14.38;

 Plp. ind.;0.04%;;;
Лицо;Ед.ч.;%;Дв.ч.;%;Мн.ч.;%;
1-е лицо;-etam -śravi -ṣṭavam -kṣam (2)-rabham -karam -abham ;6.43;;0.00;-pema ;0.71;
2-е лицо;(3)-an -ojīḥ (4)-amaḥ (6)-gan -śīḥ -aiyeḥ (8)-veṣīḥ -toḥ (9)-daḥ ;12.86;(2)-muktam -asatam (4)-ṛdhethām ;5.00;-bhartana -gantana -ganta (1)-cyavītana ;3.57;
3-е лицо;-ecīt (1)-ot (9)-an -pet -man -payat (11)-ṣṭa -acat (12)-tot -drot -upot (13)-śret -not -ūnot -bhat -akrat (14)-recīt (18)-īmet -vajat (19)-gan (22)-dat -āvat -rabhīt -cyavīt -āvarīt -āmat ;34.29;-aśītām ;0.71;(6)-ṛtran -gmiran (7)-sṛgram (11)-śrayuḥ -dṛhanta (14)-dhanta -śravuḥ (21)-cyavuḥ -ananta (22)-śanta (23)-amanta -ṛpanta -anduḥ -yavuḥ -vṛtranta -ṛṣanta -ciran -maduḥ (25)-aśanta -payanta -raṇuḥ -acanta -akriran -nnamuḥ -pyan -uṣavuḥ ;36.43;

 Perfect Opt.;0.03%;;;
Лицо;Ед.ч.;%;Дв.ч.;%;Мн.ч.;%;
1-е лицо;(8)-ṛtyām -icyām -ṛcyām -amyām (10)-ṛtīya -śyām ;16.67;;0.00;(3)-ahyāma -ṛtīmahi -ṛtyāma -yuvīmahi -uyāma ;8.33;
2-е лицо;-śyāḥ (4)-ṛtyāḥ -uṣyāḥ -amīthāḥ -pūryāḥ -dhīthāḥ -uryāḥ -ucyāḥ -rūyāḥ -kriyāḥ ;14.58;(1)-rūyātam -myātam ;3.13;;0.00;
3-е лицо;-īyāt (1)-pīyāt -gāyāt (2)-anyāt (3)-bhyāt -yāt (4)-ucīta -dyāt (5)-nīyāt (8)-ṛtyāt -ṛjyāt (21)-amyāt (22)-ahyāt -asīta -icyāt -ṛcyāt -ujyāt -rīta -uryāt -ṛjīta -atyāt -adyāt -uvīta ;46.88;;0.00;(2)-ṛtyuḥ (3)-anyuḥ -ṛḍyuḥ (4)-amyuḥ -yavīrata -ṛjyuḥ ;10.42;

Aorist Ind. Sa.;0.02%;;;
Лицо;Ед.ч.;%;Дв.ч.;%;Мн.ч.;%;
1-е лицо;(2)-ṣam (3)-am ;5.43;;0.00;(1)-ṣāma (2)-kṣāma ;4.35;
2-е лицо;-kṣaḥ ;1.09;;0.00;(2)-kṣata ;3.26;
3-е лицо;(2)-sata (13)-kṣata -ṣata (23)-ṣat (44)-at (52)-kṣat (53)-ukṣata -oṣata (60)-ukṣat ;75.00;;0.00;(1)-an (5)-ukṣan (6)-kṣanta -ṣan ;10.87;

 Perfect Jus.;0.01%;;;
Лицо;Ед.ч.;%;Дв.ч.;%;Мн.ч.;%;
1-е лицо;;0.00;;0.00;;0.00;
2-е лицо;-āḥ (7)-eḥ -śaḥ -sīḥ -roḥ ;48.00;;0.00;;0.00;
3-е лицо;(1)-rot -yavat (2)-arṣīt -an -ṣet ;28.00;;0.00;-thanta (1)-ananta -bhanta -ucanta -ahanta ;24.00;

Aorist Ind. Sis.;0.00%;;;
Лицо;Ед.ч.;%;Дв.ч.;%;Мн.ч.;%;
1-е лицо;(6)-siṣam ;46.67;(1)-siṣva ;13.33;;0.00;
2-е лицо;;0.00;;0.00;-siṣṭa ;6.67;
3-е лицо;(1)-āsīt ;13.33;;0.00;-siṣuḥ (1)-āsiṣuḥ ;20.00;

Неопределено личные глагольные формы;;;;
Past Passive Participle;57.90;(167786)-ta (178979)-na (190571)-ita (206947)-ṭa (222951)-ha (224905)-ṇa (226503)-dha (230568)-rṇa (231213)-īna (231268)-rita (231284)-eta (231372)-īrṇa (232909)-tta (232963)-yita (232980)-rta (233025)-ūrṇa -ncita (233027)-ūrita -sajārita -lita (233044)-īta (233048)-Chita -ṭita (233050)-āta (233055)-ṣṭa ;
Absolutive;20.25;(38417)-ya (43781)-tya (56001)-vā (56610)-ṭvā (74790)-tvā (78816)-itvā (80514)-ttvā (80929)-rya (81150)-etya (81158)-yya (81168)-yam (81215)-rtvā (81340)-dhvā -ditvā (81344)-itya (81351)-īrya -njya (81372)-yitvā (81377)-yā -titvā (81378)-ayitvā -ncya -ṇktvā (81379)-ītvā -pitvā -pya (81380)-ūrya -sajārya (81405)-am (81410)-vam (81418)-ram -ṣitvā (81420)-ritvā (81422)-tam (81423)-jam (81424)-rāya (81425)-tvāya (81445)-tvī (81450)-vāya -itvī -ttvāya (81456)-ṭvī (81463)-vī -dya -vitvā ;
Present Ind.;10.72;(1528)-vat (4173)-amāna (28249)-at (29464)-Chat (29693)-dat (30876)-amāṇa (33789)-yat (34424)-tamāna (34426)-ncāna (34618)-ṇat (34856)-nvat (36111)-rat (36219)-māna (36379)-vāna (37101)-rvat (37192)-pat (38113)-yamāna (38986)-āna (39203)-vāṇa (39585)-yāna (39792)-ṣat (40025)-njāna (40207)-ncat (40244)-ṇvāna (40296)-rāṇa (40550)-vamāna (40816)-rvāṇa (40872)-āyat (41051)-nat (41600)-nt (41682)-dāna (41683)-ayat (41764)-āṇa (41800)-nuvat (41979)-bat (42044)-njat (42118)-ṇvat (42220)-ṇāna (42328)-tat (42454)-nāna (42458)-ṇa (42497)-ramāṇa (42532)-yamāṇa (42604)-nvāna (42649)-ryat (42739)-na (42752)-jat (42754)-njamāna (42755)-irat (42778)-māṇa (42808)-ṣamāṇa (42833)-ṭhat (42903)-Chamāna (42909)-nuvāna (42910)-jamāna (42915)-ncamāna (42928)-damāna (42930)-pamāṇa (42970)-vamāṇa (42977)-ta (42979)-ṭhamāna (42984)-iyat (42993)-lpamāna (42995)-iṣat -bamāna -bāna (42999)-urāṇa (43021)-iyāna (43047)-asāna (43061)-śāna (43065)-prat -trat -cāna -namāna (43067)-cat (43068)-invat -srat -ṇuvat (43069)-ṛcāna -gat (43071)-uvat (43072)-kyat -uvāna -ayamāna ;
Future passive particle;5.95;(13609)-ya (15786)-rya (17245)-rtavya (19715)-tavya (20107)-īya (20670)-anīya (20798)-vitavya (20977)-raṇīya (21371)-avya (21669)-ṭavya (21941)-vya (21947)-yaṇīya (22065)-tya (22457)-dya (22461)-pya (23326)-itavya (23338)-yya (23528)-aṇīya (23563)-etavya (23569)-eya (23614)-ītavya (23628)-dhavya (23668)-titavya (23710)-nīya (23717)-lpanīya (23742)-danīya (23764)-tanīya (23766)-janīya (23767)-ritavya -ayitavya (23772)-ṇīya (23784)-lpya (23789)-yanīya (23798)-ṣaṇīya (23808)-jya (23814)-yitavya -ditavya (23820)-vaṇīya (23830)-ṣṭavya (23848)-ṣitavya (23850)-paṇīya -ttavya (23851)-panīya (23853)-āyya (23859)-itva (23869)-enya (23883)-rtva (23887)-tva (23890)-eṇya -ṇya -vāyya -ārya ;
Infinitive;2.58;(4477)-tum (6424)-itum (7132)-um (8349)-rtum (8949)-ṭum (9012)-ītum (9094)-ṣṭum (9113)-rtave (9138)-yitum (9217)-vitum (9285)-titum (9472)-ase (9485)-ritum (9490)-pitum (9491)-jitum (9511)-ditum (9573)-dhum (9580)-ṣitum (9588)-etum -Chitum (9611)-tavai -atum (9612)-antum -lpitum -ttum (9715)-tave (9716)-vai -ptum (9717)-artum (9725)-ai (9726)-iṣyai (9845)-he (9847)-ye (9883)-ṣe -ktum (9899)-ave (9908)-itavai -rītum (9919)-rtavai (9935)-aye (9939)-tvaḥ (9988)-adhyai (10006)-de (10008)-ṣaṇi (10037)-vane (10043)-etave (10065)-je (10110)-am (10112)-mane -aṇi (10117)-vaṇe -tvāya (10120)-dhadhyai (10192)-taye (10196)-etavai -rṣaṇi -pūtani (10197)-ṭave (10205)-toḥ (10217)-aḥ -ayase (10219)-etoḥ (10220)-ve (10222)-yadhyai -āyai (10227)-yase (10237)-badhyai (10242)-vitave (10244)-me -te -rītoḥ (10245)-rīṣaṇi (10250)-njase (10256)-itoḥ (10260)-ce (10261)-itave -yā (10262)-ityai (10265)-āya -kṣe (10267)-se -ṣi (10269)-ṇīṣaṇi -yai (10270)-avai (10271)-dhyai -yam -iyadhyai (10274)-radhyai -vitavai (10275)-oḥ (10276)-vadhyai -ātum (10277)-rītave -rase -ram -ītave -ṣṭoḥ -vitoḥ -pam -ām -ṭavai ;
Present Passive;1.27;(2378)-yamāna (2873)-yamāṇa (3886)-māna (4206)-iyamāṇa (4307)-ryamāṇa (4611)-māṇa (4960)-amāna (5017)-amāṇa (5067)-āna (5078)-āṇa (5104)-ūryamāṇa (5105)-at -pyamāṇa (5107)-īryamāṇa (5109)-yat (5113)-īyamāna -dyamāna ;
Past Active Participle;0.58;(1096)-tavat (1161)-ttavat (2117)-avat (2182)-at (2228)-ṭavat (2258)-vat (2268)-navat (2277)-tava (2318)-itavat (2323)-dhavat (2329)-rṇavat -rītavat -ritavat (2335)-tya -ava ;
Perfect Ind.;0.44;(22)-mivas (39)-īyivas (622)-vas (724)-ivas (759)-na (855)-yivas (871)-rāṇa (889)-eyivas (905)-rivas -iyivas (913)-nivat (928)-mivat (976)-nivas (1013)-ñāna (1019)-ñivas (1023)-uvāna (1035)-krivas -rśivas (1098)-itvas (1175)-ṭuvāna (1176)-givas (1180)-icāna (1239)-dhāna (1316)-āna (1345)-anvas (1378)-śāna (1384)-asāna (1391)-krāṇa (1420)-amāna (1431)-avas (1433)-aśāna (1445)-āṇa (1461)-ujāna (1464)-ūvas (1471)-thāna (1474)-mṛvas (1489)-pivas (1496)-uvas (1498)-iṣāṇa -māna (1499)-ruvas (1501)-uṣvas (1516)-gīvas -ihvas (1517)-juvāna (1518)-ṣuvas -ṛpāṇa (1527)-ucāna (1531)-yāna (1533)-ramāṇa (1560)-īvas (1563)-idāna (1566)-nvas (1570)-amāṇa -miyāṇa (1577)-pāna (1578)-śivas (1584)-ṣvāṇa (1595)-uṣāṇa -īḍāna (1604)-ṛṣāṇa (1610)-riyāṇa (1618)-adāna (1619)-tirvas (1624)-jurvas -svas (1625)-tivas (1628)-divas (1632)-śvas (1636)-vrivas (1640)-ukvas (1642)-ikvas (1644)-ṭuvas (1645)-utāna (1650)-sṛvas (1652)-ṛhāṇa (1654)-itāna (1656)-idvas (1657)-dṛvas (1661)-ahvas -ṇa -kṣāṇa -tirāṇa (1663)-ṛṣvas (1664)-tvas (1665)-juvas -sṛmāṇa (1666)-pvas (1668)-ahāna (1669)-ṛdāna -ndivas (1671)-śayāna -tarvas -pāṇa -bhvas -arjivas (1673)-ajāna (1674)-srāṇa (1677)-as -dāvas (1679)-ṛjāna -civas (1680)-uhāna (1681)-dhvas -kṛvas -thivas -jivas -gyāna (1682)-ṣuvāṇa ;
Future Ind.;0.21;(203)-ṣyamāṇa (214)-syamāna (216)-riṣyamāṇa (395)-iṣyat (411)-iṣyamāṇa (417)-kṣyamāṇa (561)-viṣyat (641)-syat (645)-eṣyamāṇa (724)-riṣyat (774)-ṣyat (780)-yat (792)-eṣyat -tsyat (795)-īṣyat (822)-yamāna -yamāṇa -īṣyamāṇa -yiṣyamāṇa (823)-yiṣyat (831)-kṣyat -at (832)-ṣiṣyat ;
Aorist Ind. Them.;0.04;(58)-āṇa (105)-na (147)-at (155)-āna -amāṇa (158)-amāna ;
Aorist Ind. Root.;0.04;(49)-āna (59)-at (88)-vāna (102)-āṇa (118)-dāna (128)-yāna (129)-nt (138)-na (140)-ṇa ;
Aorist Ind. S.;0.00;(1)-kṣat (4)-ṣat (10)-asāna (12)-njasāna -samāna ;
Pres. Potential;0.00;(5)-amāṇa (6)-vāna -ryat -āṇa ;
 Perfect Imp;0.00;(2)-ivas ;
Aorist Ind. Red.;0.00;-dhat ;
Aorist Ind. Is.;0.00;-asāna ;
