top_n	cumulative_count	cumulative_pct_of_ligature_tokens	cumulative_pct_of_corpus_words
10	1024509	31.37	24.16
20	1504544	46.07	35.48
25	1703631	52.17	40.17
30	1871970	57.32	44.14
50	2386815	73.09	56.28
100	2941173	90.07	69.35
150	3129689	95.84	73.80
200	3199158	97.97	75.44
250	3231188	98.95	76.19
280	3241557	99.27	76.44
300	3246282	99.41	76.55
417	3260107	99.83	76.88
460	3262114	99.89	76.92
500	3263312	99.93	76.95
750	3265258	99.99	77.00
788	3265334	99.99	77.00
789	3265336	99.99	77.00
900	3265450	100.00	77.00
999	3265549	100.00	77.00
