iast,slp1,hk,devanagari,devanagari_halant,n_consonants,in_ustavchat_appendix,in_attested807,in_rigveda460,in_dcs999,n_sources,rigveda_count,dcs_rank,dcs_count,dcs_pct
pr,pr,pr,प्र,प्र्,2,1,1,1,1,4,4170,1,187951,5.7556
sy,sy,sy,स्य,स्य्,2,1,1,1,1,4,4627,2,125906,3.8556
tr,tr,tr,त्र,त्र्,2,1,1,1,1,4,3221,3,122734,3.7584
nt,nt,nt,न्त,न्त्,2,0,0,0,1,1,,4,109857,3.3641
kṣ,kz,kS,क्ष,क्ष्,2,1,1,1,1,4,2761,5,102577,3.1412
ty,ty,ty,त्य,त्य्,2,1,1,1,1,4,2070,6,89159,2.7303
rv,rv,rv,र्व,र्व्,2,1,1,1,1,4,2196,7,78286,2.3973
st,st,st,स्त,स्त्,2,1,1,1,1,4,3258,8,77283,2.3666
tv,tv,tv,त्व,त्व्,2,1,1,1,1,4,2817,9,74883,2.2931
tt,tt,tt,त्त,त्त्,2,1,1,1,1,4,943,10,55873,1.7110
sv,sv,sv,स्व,स्व्,2,1,1,1,1,4,2328,11,51914,1.5897
śc,Sc,zc,श्च,श्च्,2,1,1,1,1,4,1179,12,51333,1.5720
vy,vy,vy,व्य,व्य्,2,1,1,1,1,4,1700,13,51222,1.5686
ṣṭ,zw,ST,ष्ट,ष्ट्,2,1,1,1,1,4,1424,14,49682,1.5214
ry,ry,ry,र्य,र्य्,2,1,1,1,1,4,2127,15,49153,1.5052
kt,kt,kt,क्त,क्त्,2,0,0,0,1,1,,16,48172,1.4752
sm,sm,sm,स्म,स्म्,2,1,1,1,1,4,1453,17,47253,1.4470
ny,ny,ny,न्य,न्य्,2,0,0,0,1,1,,18,47210,1.4457
dy,dy,dy,द्य,द्य्,2,1,1,1,1,4,1634,19,42231,1.2932
rm,rm,rm,र्म,र्म्,2,1,1,1,1,4,1030,20,41865,1.2820
ddh,dD,ddh,द्ध,द्ध्,2,1,1,1,1,4,504,21,41422,1.2685
dv,dv,dv,द्व,द्व्,2,1,1,1,1,4,1357,22,41420,1.2684
śr,Sr,zr,श्र,श्र्,2,1,1,1,1,4,977,23,39771,1.2179
kr,kr,kr,क्र,क्र्,2,1,1,1,1,4,1119,24,38431,1.1769
jñ,jY,jJ,ज्ञ,ज्ञ्,2,1,1,1,1,4,748,25,38043,1.1650
dr,dr,dr,द्र,द्र्,2,1,1,1,1,4,4206,26,36444,1.1160
nn,nn,nn,न्न,न्न्,2,1,1,1,1,4,1349,27,33650,1.0305
sth,sT,sth,स्थ,स्थ्,2,1,1,1,1,4,552,28,32945,1.0089
śv,Sv,zv,श्व,श्व्,2,1,1,1,1,4,2910,29,32716,1.0019
br,br,br,ब्र,ब्र्,2,1,1,1,1,4,539,30,32584,0.9978
ṣṭh,zW,STh,ष्ठ,ष्ठ्,2,1,1,1,1,4,884,31,31510,0.9649
bhy,By,bhy,भ्य,भ्य्,2,1,1,1,1,4,1060,32,30623,0.9378
cch,cC,cch,च्छ,च्छ्,2,1,1,1,1,4,852,33,30079,0.9211
rṇ,rR,rN,र्ण,र्ण्,2,1,1,1,1,4,419,34,28897,0.8849
rth,rT,rth,र्थ,र्थ्,2,1,1,1,1,4,164,35,28864,0.8839
rt,rt,rt,र्त,र्त्,2,1,1,1,1,4,941,36,28444,0.8710
ṅg,Ng,Gg,ङ्ग,ङ्ग्,2,1,1,1,1,4,270,37,28243,0.8649
gn,gn,gn,ग्न,ग्न्,2,1,1,1,1,4,1919,38,27151,0.8314
ṇḍ,Rq,ND,ण्ड,ण्ड्,2,1,1,1,1,4,37,39,26854,0.8223
gr,gr,gr,ग्र,ग्र्,2,1,1,1,1,4,506,40,25649,0.7854
dhy,Dy,dhy,ध्य,ध्य्,2,1,1,1,1,4,486,41,25647,0.7854
ndr,ndr,ndr,न्द्र,न्द्र्,3,1,1,1,1,4,2941,42,24609,0.7536
ṣy,zy,Sy,ष्य,ष्य्,2,1,1,1,1,4,464,43,24586,0.7529
nd,nd,nd,न्द,न्द्,2,0,0,0,1,1,,44,23321,0.7142
pt,pt,pt,प्त,प्त्,2,1,1,1,1,4,307,45,23309,0.7138
tm,tm,tm,त्म,त्म्,2,1,1,1,1,4,131,46,23098,0.7073
hm,hm,hm,ह्म,ह्म्,2,1,1,1,1,4,401,47,22656,0.6938
ndh,nD,ndh,न्ध,न्ध्,2,0,0,0,1,1,,48,21161,0.6480
śy,Sy,zy,श्य,श्य्,2,1,1,1,1,4,320,49,20363,0.6236
rṣ,rz,rS,र्ष,र्ष्,2,1,1,1,1,4,539,50,19781,0.6057
jy,jy,jy,ज्य,ज्य्,2,1,1,1,1,4,538,51,18803,0.5758
ñc,Yc,Jc,ञ्च,ञ्च्,2,0,0,0,1,1,,52,18494,0.5663
py,py,py,प्य,प्य्,2,1,1,1,1,4,115,53,18467,0.5655
ṣṇ,zR,SN,ष्ण,ष्ण्,2,1,1,1,1,4,545,54,18266,0.5594
ts,ts,ts,त्स,त्स्,2,1,1,1,1,4,1151,55,18217,0.5579
hy,hy,hy,ह्य,ह्य्,2,1,1,1,1,4,387,56,16831,0.5154
my,my,my,म्य,म्य्,2,1,1,1,1,4,278,57,16218,0.4966
sr,sr,sr,स्र,स्र्,2,1,1,1,1,4,761,58,15896,0.4868
str,str,str,स्त्र,स्त्र्,3,1,1,1,1,4,122,59,15429,0.4725
nm,nm,nm,न्म,न्म्,2,0,0,0,1,1,,60,14371,0.4401
ṇy,Ry,Ny,ण्य,ण्य्,2,1,1,1,1,4,513,61,13630,0.4174
rg,rg,rg,र्ग,र्ग्,2,0,0,0,1,1,,62,13388,0.4100
nv,nv,nv,न्व,न्व्,2,0,0,0,1,1,,63,13023,0.3988
rdh,rD,rdh,र्ध,र्ध्,2,1,1,1,1,4,579,64,12442,0.3810
rj,rj,rj,र्ज,र्ज्,2,1,1,1,1,4,416,65,12251,0.3752
ttv,ttv,ttv,त्त्व,त्त्व्,3,1,1,1,1,4,63,66,12022,0.3681
khy,Ky,khy,ख्य,ख्य्,2,1,0,0,1,2,,67,11935,0.3655
rd,rd,rd,र्द,र्द्,2,1,1,1,1,4,565,68,11492,0.3519
tp,tp,tp,त्प,त्प्,2,1,1,1,1,4,444,69,11231,0.3439
bhr,Br,bhr,भ्र,भ्र्,2,1,1,1,1,4,296,70,11095,0.3398
mb,mb,mb,म्ब,म्ब्,2,1,1,1,1,4,45,71,11081,0.3393
cy,cy,cy,च्य,च्य्,2,1,1,1,1,4,295,72,10993,0.3366
vr,vr,vr,व्र,व्र्,2,1,1,1,1,4,398,73,10928,0.3346
rś,rS,rz,र्श,र्श्,2,1,1,1,1,4,107,74,10876,0.3331
cc,cc,cc,च्च,च्च्,2,1,1,1,1,4,205,75,10426,0.3193
ñj,Yj,Jj,ञ्ज,ञ्ज्,2,1,1,1,1,4,244,76,10232,0.3133
ntr,ntr,ntr,न्त्र,न्त्र्,3,1,1,1,1,4,49,77,10210,0.3127
ly,ly,ly,ल्य,ल्य्,2,1,1,1,1,4,16,78,10081,0.3087
mbh,mB,mbh,म्भ,म्भ्,2,1,1,1,1,4,192,79,10063,0.3082
sp,sp,sp,स्प,स्प्,2,1,1,1,1,4,672,80,9942,0.3045
rh,rh,rh,र्ह,र्ह्,2,1,1,1,1,4,543,81,9813,0.3005
rbh,rB,rbh,र्भ,र्भ्,2,1,1,1,1,4,414,82,9715,0.2975
kṣy,kzy,kSy,क्ष्य,क्ष्य्,3,1,1,1,1,4,50,83,9479,0.2903
lp,lp,lp,ल्प,ल्प्,2,1,1,1,1,4,23,84,8841,0.2707
dbh,dB,dbh,द्भ,द्भ्,2,1,1,1,1,4,388,85,8686,0.2660
dhv,Dv,dhv,ध्व,ध्व्,2,1,1,1,1,4,807,86,8546,0.2617
sn,sn,sn,स्न,स्न्,2,1,1,1,1,4,63,87,8363,0.2561
rp,rp,rp,र्प,र्प्,2,1,1,1,1,4,77,88,8154,0.2497
ṣm,zm,Sm,ष्म,ष्म्,2,1,1,1,1,4,371,89,8138,0.2492
ky,ky,ky,क्य,क्य्,2,1,1,1,1,4,26,90,7802,0.2389
tk,tk,tk,त्क,त्क्,2,1,1,1,1,4,165,91,7746,0.2372
tn,tn,tn,त्न,त्न्,2,1,1,1,1,4,336,92,7724,0.2365
ṅk,Nk,Gk,ङ्क,ङ्क्,2,1,1,1,1,4,44,93,7579,0.2321
ṣv,zv,Sv,ष्व,ष्व्,2,1,1,1,1,4,575,94,7325,0.2243
ṣṭv,zwv,STv,ष्ट्व,ष्ट्व्,3,1,1,1,1,4,29,95,6748,0.2066
sk,sk,sk,स्क,स्क्,2,1,1,1,1,4,136,96,6688,0.2048
nty,nty,nty,न्त्य,न्त्य्,3,1,1,1,1,4,257,97,6461,0.1979
ṣp,zp,Sp,ष्प,ष्प्,2,1,1,1,1,4,84,98,6442,0.1973
ll,ll,ll,ल्ल,ल्ल्,2,1,1,1,1,4,4,99,6116,0.1873
mp,mp,mp,म्प,म्प्,2,1,1,1,1,4,46,100,5659,0.1733
ṣk,zk,Sk,ष्क,ष्क्,2,1,1,1,1,4,169,101,5658,0.1733
tth,tT,tth,त्थ,त्थ्,2,1,1,1,1,4,93,102,5536,0.1695
rc,rc,rc,र्च,र्च्,2,1,1,1,1,4,226,103,5318,0.1629
rk,rk,rk,र्क,र्क्,2,1,1,1,1,4,149,104,5121,0.1568
dg,dg,dg,द्ग,द्ग्,2,1,1,1,1,4,122,105,5104,0.1563
hv,hv,hv,ह्व,ह्व्,2,1,1,1,1,4,314,106,4989,0.1528
kv,kv,kv,क्व,क्व्,2,1,1,1,1,4,126,107,4985,0.1527
ghn,Gn,ghn,घ्न,घ्न्,2,1,1,1,1,4,129,108,4835,0.1481
jj,jj,jj,ज्ज,ज्ज्,2,1,1,1,1,4,143,109,4697,0.1438
stv,stv,stv,स्त्व,स्त्व्,3,1,1,1,1,4,233,110,4676,0.1432
gdh,gD,gdh,ग्ध,ग्ध्,2,1,1,1,1,4,61,111,4663,0.1428
pn,pn,pn,प्न,प्न्,2,1,1,1,1,4,41,112,4645,0.1422
mn,mn,mn,म्न,म्न्,2,1,1,1,1,4,267,113,4536,0.1389
jv,jv,jv,ज्व,ज्व्,2,1,1,1,1,4,28,114,4522,0.1385
dd,dd,dd,द्द,द्द्,2,1,1,1,1,4,362,115,4488,0.1374
bd,bd,bd,ब्द,ब्द्,2,1,1,1,1,4,15,116,4451,0.1363
ṣṭr,zwr,STr,ष्ट्र,ष्ट्र्,3,1,1,1,1,4,43,117,4438,0.1359
ktv,ktv,ktv,क्त्व,क्त्व्,3,1,1,1,1,4,15,118,4209,0.1289
jr,jr,jr,ज्र,ज्र्,2,1,1,1,1,4,384,119,4172,0.1278
hṇ,hR,hN,ह्ण,ह्ण्,2,1,1,1,1,4,2,120,4106,0.1257
kṣm,kzm,kSm,क्ष्म,क्ष्म्,3,1,1,1,1,4,28,121,4080,0.1249
dhr,Dr,dhr,ध्र,ध्र्,2,1,1,1,1,4,236,122,3946,0.1208
kl,kl,kl,क्ल,क्ल्,2,1,1,1,1,4,1,123,3907,0.1196
bdh,bD,bdh,ब्ध,ब्ध्,2,1,1,1,1,4,56,124,3735,0.1144
hn,hn,hn,ह्न,ह्न्,2,1,1,1,1,4,166,125,3695,0.1132
rdhv,rDv,rdhv,र्ध्व,र्ध्व्,3,1,1,1,1,4,84,126,3665,0.1122
śm,Sm,zm,श्म,श्म्,2,1,1,1,1,4,162,127,3650,0.1118
mr,mr,mr,म्र,म्र्,2,1,1,1,1,4,77,128,3502,0.1072
thy,Ty,thy,थ्य,थ्य्,2,1,1,1,1,4,184,129,3454,0.1058
ghr,Gr,ghr,घ्र,घ्र्,2,1,1,1,1,4,6,130,3433,0.1051
cchr,cCr,cchr,च्छ्र,च्छ्र्,3,1,1,1,1,4,19,131,3354,0.1027
śl,Sl,zl,श्ल,श्ल्,2,1,1,1,1,4,39,132,3286,0.1006
dm,dm,dm,द्म,द्म्,2,1,1,1,1,4,109,133,3277,0.1004
ps,ps,ps,प्स,प्स्,2,1,1,1,1,4,210,134,3205,0.0981
tpr,tpr,tpr,त्प्र,त्प्र्,3,1,1,1,1,4,60,135,3028,0.0927
mpr,mpr,mpr,म्प्र,म्प्र्,3,1,1,1,1,4,2,136,2997,0.0918
ml,ml,ml,म्ल,म्ल्,2,1,1,1,1,4,3,137,2934,0.0898
śn,Sn,zn,श्न,श्न्,2,1,1,1,1,4,140,138,2909,0.0891
pl,pl,pl,प्ल,प्ल्,2,1,1,1,1,4,8,139,2868,0.0878
rgh,rG,rgh,र्घ,र्घ्,2,0,0,0,1,1,,140,2797,0.0857
kṣṇ,kzR,kSN,क्ष्ण,क्ष्ण्,3,1,1,1,1,4,10,141,2788,0.0854
try,try,try,त्र्य,त्र्य्,3,1,1,1,1,4,58,142,2663,0.0815
rn,rn,rn,र्न,र्न्,2,1,1,1,1,4,515,143,2650,0.0812
ttr,ttr,ttr,त्त्र,त्त्र्,3,1,1,1,1,4,6,144,2633,0.0806
gy,gy,gy,ग्य,ग्य्,2,1,1,1,1,4,43,145,2603,0.0797
nth,nT,nth,न्थ,न्थ्,2,0,0,0,1,1,,146,2542,0.0778
sph,sP,sph,स्फ,स्फ्,2,1,1,1,1,4,20,147,2519,0.0771
tsy,tsy,tsy,त्स्य,त्स्य्,3,1,1,1,1,4,12,148,2508,0.0768
hr,hr,hr,ह्र,ह्र्,2,1,1,1,1,4,59,149,2417,0.0740
yy,yy,yy,य्य,य्य्,2,1,1,1,1,4,82,150,2322,0.0711
sty,sty,sty,स्त्य,स्त्य्,3,1,1,1,1,4,97,151,2312,0.0708
rb,rb,rb,र्ब,र्ब्,2,1,1,1,1,4,101,152,2299,0.0704
lv,lv,lv,ल्व,ल्व्,2,1,1,1,1,4,3,153,2291,0.0702
lm,lm,lm,ल्म,ल्म्,2,1,1,1,1,4,4,154,2203,0.0675
ṅkh,NK,Gkh,ङ्ख,ङ्ख्,2,1,1,1,1,4,14,155,2194,0.0672
ddhy,dDy,ddhy,द्ध्य,द्ध्य्,3,1,1,1,1,4,12,156,1992,0.0610
kty,kty,kty,क्त्य,क्त्य्,3,1,1,1,1,4,8,157,1973,0.0604
ṇṭh,RW,NTh,ण्ठ,ण्ठ्,2,1,1,0,1,3,,158,1967,0.0602
rty,rty,rty,र्त्य,र्त्य्,3,1,1,1,1,4,274,159,1896,0.0581
gm,gm,gm,ग्म,ग्म्,2,1,1,1,1,4,177,160,1890,0.0579
lk,lk,lk,ल्क,ल्क्,2,1,1,1,1,4,5,161,1868,0.0572
ṣṭy,zwy,STy,ष्ट्य,ष्ट्य्,3,1,1,1,1,4,30,162,1810,0.0554
ṇv,Rv,Nv,ण्व,ण्व्,2,1,1,1,1,4,380,163,1693,0.0518
ddhv,dDv,ddhv,द्ध्व,द्ध्व्,3,1,1,1,1,4,3,164,1664,0.0510
dhm,Dm,dhm,ध्म,ध्म्,2,1,1,1,1,4,30,165,1638,0.0502
ṭṭ,ww,TT,ट्ट,ट्ट्,2,1,1,1,1,4,13,166,1502,0.0460
ks,ks,ks,क्स,क्स्,2,1,1,1,1,4,30,167,1453,0.0445
gv,gv,gv,ग्व,ग्व्,2,1,1,1,1,4,92,168,1452,0.0445
rśv,rSv,rzv,र्श्व,र्श्व्,3,1,1,1,1,4,1,169,1383,0.0424
db,db,db,द्ब,द्ब्,2,1,1,1,1,4,57,170,1381,0.0423
rl,rl,rl,र्ल,र्ल्,2,1,1,1,1,4,1,171,1371,0.0420
ṅkt,Nkt,Gkt,ङ्क्त,ङ्क्त्,3,1,1,1,1,4,20,172,1347,0.0412
ktr,ktr,ktr,क्त्र,क्त्र्,3,1,1,1,1,4,4,173,1315,0.0403
ptv,ptv,ptv,प्त्व,प्त्व्,3,1,1,0,1,3,,174,1296,0.0397
ṇṭ,Rw,NT,ण्ट,ण्ट्,2,1,1,0,1,3,,175,1275,0.0390
ṅm,Nm,Gm,ङ्म,ङ्म्,2,1,1,1,1,4,13,176,1257,0.0385
dhn,Dn,dhn,ध्न,ध्न्,2,1,1,1,1,4,73,177,1241,0.0380
tmy,tmy,tmy,त्म्य,त्म्य्,3,1,1,0,1,3,,178,1206,0.0369
tsn,tsn,tsn,त्स्न,त्स्न्,3,1,1,1,1,4,2,179,1185,0.0363
kk,kk,kk,क्क,क्क्,2,1,1,1,1,4,6,180,1135,0.0348
ndhy,nDy,ndhy,न्ध्य,न्ध्य्,3,1,1,1,1,4,10,181,1083,0.0332
tkṣ,tkz,tkS,त्क्ष,त्क्ष्,3,1,1,1,1,4,15,182,1081,0.0331
ṅkṣ,Nkz,GkS,ङ्क्ष,ङ्क्ष्,3,1,1,0,1,3,,183,1065,0.0326
ṭk,wk,Tk,ट्क,ट्क्,2,1,1,1,1,4,9,184,1055,0.0323
kth,kT,kth,क्थ,क्थ्,2,1,1,1,1,4,230,185,1034,0.0317
lb,lb,lb,ल्ब,ल्ब्,2,1,1,1,1,4,10,186,1033,0.0316
rdr,rdr,rdr,र्द्र,र्द्र्,3,1,1,1,1,4,15,187,1031,0.0316
tsv,tsv,tsv,त्स्व,त्स्व्,3,1,1,1,1,4,91,188,1020,0.0312
ntv,ntv,ntv,न्त्व,न्त्व्,3,1,1,1,1,4,101,189,1013,0.0310
rch,rC,rch,र्छ,र्छ्,2,1,1,0,1,3,,190,1013,0.0310
rvy,rvy,rvy,र्व्य,र्व्य्,3,1,1,1,1,4,138,191,1008,0.0309
psy,psy,psy,प्स्य,प्स्य्,3,1,1,0,1,3,,192,994,0.0304
ḍy,qy,Dy,ड्य,ड्य्,2,1,1,1,1,4,46,193,994,0.0304
ṅgh,NG,Ggh,ङ्घ,ङ्घ्,2,1,1,1,1,4,15,194,972,0.0298
kṣv,kzv,kSv,क्ष्व,क्ष्व्,3,1,1,1,1,4,41,195,970,0.0297
pm,pm,pm,प्म,प्म्,2,1,1,0,1,3,,196,933,0.0286
ḍg,qg,Dg,ड्ग,ड्ग्,2,1,1,1,1,4,1,197,932,0.0285
pp,pp,pp,प्प,प्प्,2,1,1,1,1,4,4,198,920,0.0282
ṇṇ,RR,NN,ण्ण,ण्ण्,2,1,1,0,1,3,,199,918,0.0281
ñch,YC,Jch,ञ्छ,ञ्छ्,2,0,0,0,1,1,,200,911,0.0279
lg,lg,lg,ल्ग,ल्ग्,2,1,1,1,1,4,12,201,910,0.0279
rṇy,rRy,rNy,र्ण्य,र्ण्य्,3,1,1,1,1,4,6,202,898,0.0275
km,km,km,क्म,क्म्,2,1,1,1,1,4,64,203,896,0.0274
ndy,ndy,ndy,न्द्य,न्द्य्,3,1,1,1,1,4,30,204,895,0.0274
ns,ns,ns,न्स,न्स्,2,0,0,0,1,1,,205,895,0.0274
dbhy,dBy,dbhy,द्भ्य,द्भ्य्,3,1,1,1,1,4,73,206,870,0.0266
ṇm,Rm,Nm,ण्म,ण्म्,2,1,1,1,1,4,4,207,868,0.0266
tty,tty,tty,त्त्य,त्त्य्,3,1,1,1,1,4,9,208,860,0.0263
ntry,ntry,ntry,न्त्र्य,न्त्र्य्,4,1,1,0,1,3,,209,859,0.0263
nddh,ndD,nddh,न्द्ध,न्द्ध्,3,1,1,0,1,3,,210,849,0.0260
ṣkr,zkr,Skr,ष्क्र,ष्क्र्,3,1,1,1,1,4,1,211,830,0.0254
ṭy,wy,Ty,ट्य,ट्य्,2,1,1,1,1,4,30,212,817,0.0250
gbh,gB,gbh,ग्भ,ग्भ्,2,1,1,1,1,4,27,213,797,0.0244
rdy,rdy,rdy,र्द्य,र्द्य्,3,1,1,1,1,4,38,214,776,0.0238
śch,SC,zch,श्छ,श्छ्,2,1,1,1,1,4,10,215,728,0.0223
dvy,dvy,dvy,द्व्य,द्व्य्,3,1,1,1,1,4,11,216,716,0.0219
tkr,tkr,tkr,त्क्र,त्क्र्,3,1,1,1,1,4,9,217,702,0.0215
ḍhy,Qy,Dhy,ढ्य,ढ्य्,2,1,1,1,1,4,12,218,700,0.0214
kp,kp,kp,क्प,क्प्,2,1,1,1,1,4,22,219,696,0.0213
hl,hl,hl,ह्ल,ह्ल्,2,1,1,1,1,4,2,220,659,0.0202
ṣṭhy,zWy,SThy,ष्ठ्य,ष्ठ्य्,3,1,1,1,1,4,19,221,652,0.0200
ḍv,qv,Dv,ड्व,ड्व्,2,1,1,1,1,4,15,222,644,0.0197
rdhn,rDn,rdhn,र्ध्न,र्ध्न्,3,1,1,1,1,4,2,223,643,0.0197
rmy,rmy,rmy,र्म्य,र्म्य्,3,1,1,1,1,4,31,224,604,0.0185
tny,tny,tny,त्न्य,त्न्य्,3,1,1,1,1,4,5,225,596,0.0183
np,np,np,न्प,न्प्,2,0,0,0,1,1,,226,587,0.0180
tph,tP,tph,त्फ,त्फ्,2,1,1,1,1,4,1,227,586,0.0179
rthy,rTy,rthy,र्थ्य,र्थ्य्,3,1,1,1,1,4,1,228,585,0.0179
gny,gny,gny,ग्न्य,ग्न्य्,3,1,1,1,1,4,2,229,567,0.0174
tsth,tsT,tsth,त्स्थ,त्स्थ्,3,1,1,1,1,4,11,230,563,0.0172
gry,gry,gry,ग्र्य,ग्र्य्,3,1,1,1,1,4,17,231,561,0.0172
bj,bj,bj,ब्ज,ब्ज्,2,1,1,1,1,4,13,232,546,0.0167
rtm,rtm,rtm,र्त्म,र्त्म्,3,1,1,1,1,4,1,233,545,0.0167
kn,kn,kn,क्न,क्न्,2,1,1,1,1,4,11,234,542,0.0166
rṣṇ,rzR,rSN,र्ष्ण,र्ष्ण्,3,1,1,1,1,4,14,235,514,0.0157
jjv,jjv,jjv,ज्ज्व,ज्ज्व्,3,1,1,0,1,3,,236,512,0.0157
gd,gd,gd,ग्द,ग्द्,2,1,1,1,1,4,12,237,505,0.0155
nk,nk,nk,न्क,न्क्,2,1,1,1,1,4,79,238,504,0.0154
ddv,ddv,ddv,द्द्व,द्द्व्,3,1,1,1,1,4,18,239,500,0.0153
ṣṇy,zRy,SNy,ष्ण्य,ष्ण्य्,3,1,1,1,1,4,51,240,499,0.0153
ṣpr,zpr,Spr,ष्प्र,ष्प्र्,3,1,1,1,1,4,1,241,486,0.0149
ndv,ndv,ndv,न्द्व,न्द्व्,3,1,1,1,1,4,3,242,482,0.0148
pty,pty,pty,प्त्य,प्त्य्,3,1,1,1,1,4,16,243,482,0.0148
rtt,rtt,rtt,र्त्त,र्त्त्,3,1,1,1,1,4,1,244,467,0.0143
rdv,rdv,rdv,र्द्व,र्द्व्,3,1,1,1,1,4,12,245,466,0.0143
rgy,rgy,rgy,र्ग्य,र्ग्य्,3,1,1,0,1,3,,246,447,0.0137
gl,gl,gl,ग्ल,ग्ल्,2,1,1,1,1,4,1,247,439,0.0134
jjñ,jjY,jjJ,ज्ज्ञ,ज्ज्ञ्,3,1,1,0,1,3,,248,435,0.0133
gg,gg,gg,ग्ग,ग्ग्,2,1,1,1,1,4,2,249,428,0.0131
rtr,rtr,rtr,र्त्र,र्त्र्,3,1,1,1,1,4,3,250,422,0.0129
ṇḍy,Rqy,NDy,ण्ड्य,ण्ड्य्,3,1,1,1,1,4,1,251,419,0.0128
bdhv,bDv,bdhv,ब्ध्व,ब्ध्व्,3,0,1,0,1,2,,252,412,0.0126
ḍbh,qB,Dbh,ड्भ,ड्भ्,2,1,1,1,1,4,11,253,412,0.0126
rghy,rGy,rghy,र्घ्य,र्घ्य्,3,1,1,0,1,3,,254,411,0.0126
dgh,dG,dgh,द्घ,द्घ्,2,1,1,1,1,4,17,255,409,0.0125
cchv,cCv,cchv,च्छ्व,च्छ्व्,3,1,1,1,1,4,8,256,402,0.0123
kthy,kTy,kthy,क्थ्य,क्थ्य्,3,1,1,1,1,4,57,257,394,0.0121
ndhr,nDr,ndhr,न्ध्र,न्ध्र्,3,1,1,1,1,4,1,258,393,0.0120
mṇ,mR,mN,म्ण,म्ण्,2,1,1,1,1,4,60,259,376,0.0115
npr,npr,npr,न्प्र,न्प्र्,3,1,1,1,1,4,60,260,374,0.0115
rcy,rcy,rcy,र्च्य,र्च्य्,3,1,1,0,1,3,,261,372,0.0114
rddh,rdD,rddh,र्द्ध,र्द्ध्,3,1,1,1,1,4,1,262,372,0.0114
tkh,tK,tkh,त्ख,त्ख्,2,1,1,1,1,4,3,263,361,0.0111
dgr,dgr,dgr,द्ग्र,द्ग्र्,3,1,1,1,1,4,2,264,350,0.0107
rtv,rtv,rtv,र्त्व,र्त्व्,3,1,1,1,1,4,18,265,340,0.0104
rjy,rjy,rjy,र्ज्य,र्ज्य्,3,1,1,1,1,4,22,266,333,0.0102
sry,sry,sry,स्र्य,स्र्य्,3,1,1,0,1,3,,267,328,0.0100
rcch,rcC,rcch,र्च्छ,र्च्छ्,3,1,1,0,1,3,,268,323,0.0099
ṭv,wv,Tv,ट्व,ट्व्,2,1,1,1,1,4,30,269,323,0.0099
ddr,ddr,ddr,द्द्र,द्द्र्,3,1,1,1,1,4,8,270,316,0.0097
rṣy,rzy,rSy,र्ष्य,र्ष्य्,3,1,1,1,1,4,12,271,315,0.0096
dbr,dbr,dbr,द्ब्र,द्ब्र्,3,1,1,1,1,4,14,272,311,0.0095
ñś,YS,Jz,ञ्श,ञ्श्,2,1,1,0,1,3,,273,308,0.0094
chr,Cr,chr,छ्र,छ्र्,2,0,0,0,1,1,,274,307,0.0094
rṣṭ,rzw,rST,र्ष्ट,र्ष्ट्,3,1,1,1,1,4,5,275,304,0.0093
ṅgy,Ngy,Ggy,ङ्ग्य,ङ्ग्य्,3,1,1,1,1,4,2,276,292,0.0089
lpy,lpy,lpy,ल्प्य,ल्प्य्,3,1,1,1,1,4,1,277,286,0.0088
nbh,nB,nbh,न्भ,न्भ्,2,0,0,0,1,1,,278,286,0.0088
kpr,kpr,kpr,क्प्र,क्प्र्,3,1,1,1,1,4,4,279,274,0.0084
thv,Tv,thv,थ्व,थ्व्,2,1,1,1,1,4,14,280,266,0.0081
ścy,Scy,zcy,श्च्य,श्च्य्,3,1,1,1,1,4,15,281,265,0.0081
rbhy,rBy,rbhy,र्भ्य,र्भ्य्,3,1,1,1,1,4,1,282,265,0.0081
ṭs,ws,Ts,ट्स,ट्स्,2,1,1,0,1,3,,283,258,0.0079
lky,lky,lky,ल्क्य,ल्क्य्,3,1,1,0,1,3,,284,250,0.0077
smy,smy,smy,स्म्य,स्म्य्,3,1,1,1,1,4,2,285,246,0.0075
gbhy,gBy,gbhy,ग्भ्य,ग्भ्य्,3,1,1,1,1,4,1,286,243,0.0074
sphy,sPy,sphy,स्फ्य,स्फ्य्,3,1,1,0,1,3,,287,241,0.0074
kś,kS,kz,क्श,क्श्,2,1,1,0,1,3,,288,239,0.0073
yv,yv,yv,य्व,य्व्,2,1,1,1,1,4,1,289,237,0.0073
rdhy,rDy,rdhy,र्ध्य,र्ध्य्,3,1,1,1,1,4,4,290,232,0.0071
ṇḍr,Rqr,NDr,ण्ड्र,ण्ड्र्,3,1,1,0,1,3,,291,230,0.0070
mm,mm,mm,म्म,म्म्,2,1,1,1,1,4,17,292,230,0.0070
lly,lly,lly,ल्ल्य,ल्ल्य्,3,1,1,0,1,3,,293,228,0.0070
rhy,rhy,rhy,र्ह्य,र्ह्य्,3,1,1,1,1,4,6,294,227,0.0070
ñjy,Yjy,Jjy,ञ्ज्य,ञ्ज्य्,3,1,1,1,1,4,14,295,226,0.0069
rkṣy,rkzy,rkSy,र्क्ष्य,र्क्ष्य्,4,1,1,1,1,4,2,296,223,0.0068
rṅg,rNg,rGg,र्ङ्ग,र्ङ्ग्,3,1,1,0,1,3,,297,222,0.0068
skh,sK,skh,स्ख,स्ख्,2,1,1,1,1,4,1,298,222,0.0068
kṣmy,kzmy,kSmy,क्ष्म्य,क्ष्म्य्,4,1,1,0,1,3,,299,221,0.0068
ṭp,wp,Tp,ट्प,ट्प्,2,1,1,0,1,3,,300,220,0.0067
sthy,sTy,sthy,स्थ्य,स्थ्य्,3,1,1,0,1,3,,301,214,0.0066
rśy,rSy,rzy,र्श्य,र्श्य्,3,1,1,1,1,4,5,302,212,0.0065
mby,mby,mby,म्ब्य,म्ब्य्,3,1,1,1,1,4,1,303,211,0.0065
ṅn,Nn,Gn,ङ्न,ङ्न्,2,1,1,1,1,4,13,304,208,0.0064
ṭtr,wtr,Ttr,ट्त्र,ट्त्र्,3,1,1,1,1,4,1,305,208,0.0064
rkh,rK,rkh,र्ख,र्ख्,2,0,0,0,1,1,,306,206,0.0063
ṅghr,NGr,Gghr,ङ्घ्र,ङ्घ्र्,3,1,1,0,1,3,,307,205,0.0063
rkṣ,rkz,rkS,र्क्ष,र्क्ष्,3,1,1,1,1,4,5,308,204,0.0062
jm,jm,jm,ज्म,ज्म्,2,1,1,1,1,4,98,309,203,0.0062
gdhv,gDv,gdhv,ग्ध्व,ग्ध्व्,3,1,1,1,1,4,12,310,196,0.0060
rbr,rbr,rbr,र्ब्र,र्ब्र्,3,1,1,1,1,4,12,311,192,0.0059
dry,dry,dry,द्र्य,द्र्य्,3,1,1,1,1,4,14,312,188,0.0058
ṣph,zP,Sph,ष्फ,ष्फ्,2,1,1,1,1,4,2,313,188,0.0058
ng,ng,ng,न्ग,न्ग्,2,0,0,0,1,1,,314,187,0.0057
gj,gj,gj,ग्ज,ग्ज्,2,1,1,1,1,4,9,315,184,0.0056
ṅṅ,NN,GG,ङ्ङ,ङ्ङ्,2,1,1,1,1,4,15,316,183,0.0056
dbhr,dBr,dbhr,द्भ्र,द्भ्र्,3,1,1,1,1,4,1,317,183,0.0056
jjh,jJ,jjh,ज्झ,ज्झ्,2,1,1,1,1,4,1,318,181,0.0055
ghy,Gy,ghy,घ्य,घ्य्,2,1,1,1,1,4,1,319,176,0.0054
ṭhy,Wy,Thy,ठ्य,ठ्य्,2,1,1,1,1,4,19,320,175,0.0054
rgr,rgr,rgr,र्ग्र,र्ग्र्,3,1,1,1,1,4,2,321,174,0.0053
tkl,tkl,tkl,त्क्ल,त्क्ल्,3,1,1,0,1,3,,322,169,0.0052
rpy,rpy,rpy,र्प्य,र्प्य्,3,1,1,1,1,4,1,323,164,0.0050
cchy,cCy,cchy,च्छ्य,च्छ्य्,3,1,1,1,1,4,11,324,162,0.0050
nr,nr,nr,न्र,न्र्,2,0,0,0,1,1,,325,161,0.0049
ñjñ,YjY,JjJ,ञ्ज्ञ,ञ्ज्ञ्,3,1,1,0,1,3,,326,160,0.0049
psv,psv,psv,प्स्व,प्स्व्,3,1,1,1,1,4,28,327,160,0.0049
rṣm,rzm,rSm,र्ष्म,र्ष्म्,3,1,1,1,1,4,12,328,159,0.0049
ss,ss,ss,स्स,स्स्,2,1,1,1,1,4,11,329,159,0.0049
ṇḍh,RQ,NDh,ण्ढ,ण्ढ्,2,1,1,0,1,3,,330,156,0.0048
nh,nh,nh,न्ह,न्ह्,2,0,0,0,1,1,,331,155,0.0047
ḍhr,Qr,Dhr,ढ्र,ढ्र्,2,1,1,0,1,3,,332,152,0.0047
kc,kc,kc,क्च,क्च्,2,1,1,1,1,4,7,333,150,0.0046
stry,stry,stry,स्त्र्य,स्त्र्य्,4,1,1,0,1,3,,334,146,0.0045
ghv,Gv,ghv,घ्व,घ्व्,2,1,1,1,1,4,4,335,145,0.0044
lph,lP,lph,ल्फ,ल्फ्,2,1,1,1,1,4,1,336,145,0.0044
vṇ,vR,vN,व्ण,व्ण्,2,1,1,1,1,4,23,337,143,0.0044
ḍr,qr,Dr,ड्र,ड्र्,2,1,1,0,1,3,,338,141,0.0043
ghny,Gny,ghny,घ्न्य,घ्न्य्,3,1,1,1,1,4,21,339,140,0.0043
ṅkṣv,Nkzv,GkSv,ङ्क्ष्व,ङ्क्ष्व्,4,1,1,0,1,3,,340,139,0.0043
tsm,tsm,tsm,त्स्म,त्स्म्,3,1,1,1,1,4,3,341,138,0.0042
rts,rts,rts,र्त्स,र्त्स्,3,1,1,1,1,4,1,342,136,0.0042
dn,dn,dn,द्न,द्न्,2,1,1,1,1,4,11,343,130,0.0040
bhv,Bv,bhv,भ्व,भ्व्,2,1,1,1,1,4,87,344,129,0.0040
ddhr,dDr,ddhr,द्ध्र,द्ध्र्,3,1,1,1,1,4,5,345,128,0.0039
rjñ,rjY,rjJ,र्ज्ञ,र्ज्ञ्,3,1,1,0,1,3,,346,125,0.0038
ḍḍh,qQ,DDh,ड्ढ,ड्ढ्,2,1,1,1,1,4,13,347,124,0.0038
ṇḍv,Rqv,NDv,ण्ड्व,ण्ड्व्,3,1,1,0,1,3,,348,120,0.0037
bhn,Bn,bhn,भ्न,भ्न्,2,1,1,1,1,4,20,349,118,0.0036
gb,gb,gb,ग्ब,ग्ब्,2,1,1,1,1,4,3,350,117,0.0036
ptr,ptr,ptr,प्त्र,प्त्र्,3,1,1,1,1,4,5,351,117,0.0036
ḍḍ,qq,DD,ड्ड,ड्ड्,2,1,1,0,1,3,,352,115,0.0035
by,by,by,ब्य,ब्य्,2,1,1,1,1,4,1,353,114,0.0035
tpl,tpl,tpl,त्प्ल,त्प्ल्,3,1,1,0,1,3,,354,112,0.0034
ṇṭhy,RWy,NThy,ण्ठ्य,ण्ठ्य्,3,1,1,0,1,3,,355,109,0.0033
nb,nb,nb,न्ब,न्ब्,2,0,0,0,1,1,,356,108,0.0033
ṅkhy,NKy,Gkhy,ङ्ख्य,ङ्ख्य्,3,1,1,0,1,3,,357,106,0.0032
tsr,tsr,tsr,त्स्र,त्स्र्,3,1,1,1,1,4,1,358,106,0.0032
ccy,ccy,ccy,च्च्य,च्च्य्,3,1,1,1,1,4,5,359,104,0.0032
jjy,jjy,jjy,ज्ज्य,ज्ज्य्,3,1,1,1,1,4,17,360,102,0.0031
thn,Tn,thn,थ्न,थ्न्,2,1,1,1,1,4,5,361,101,0.0031
ṭś,wS,Tz,ट्श,ट्श्,2,1,1,0,1,3,,362,101,0.0031
rjh,rJ,rjh,र्झ,र्झ्,2,0,0,0,1,1,,363,100,0.0031
rtsny,rtsny,rtsny,र्त्स्न्य,र्त्स्न्य्,5,1,1,0,1,3,,364,99,0.0030
dvr,dvr,dvr,द्व्र,द्व्र्,3,1,1,1,1,4,3,365,98,0.0030
lbh,lB,lbh,ल्भ,ल्भ्,2,1,1,0,1,3,,366,98,0.0030
mbhy,mBy,mbhy,म्भ्य,म्भ्य्,3,1,1,0,1,3,,367,98,0.0030
bhṇ,BR,bhN,भ्ण,भ्ण्,2,1,1,1,1,4,27,368,96,0.0029
ṅkr,Nkr,Gkr,ङ्क्र,ङ्क्र्,3,1,1,1,1,4,2,369,95,0.0029
tst,tst,tst,त्स्त,त्स्त्,3,1,1,1,1,4,24,370,94,0.0029
ñcy,Ycy,Jcy,ञ्च्य,ञ्च्य्,3,1,1,1,1,4,1,371,91,0.0028
ggh,gG,ggh,ग्घ,ग्घ्,2,1,1,1,1,4,7,372,88,0.0027
ṅky,Nky,Gky,ङ्क्य,ङ्क्य्,3,1,1,0,1,3,,373,87,0.0027
nsv,nsv,nsv,न्स्व,न्स्व्,3,1,1,1,1,4,30,374,87,0.0027
nny,nny,nny,न्न्य,न्न्य्,3,1,1,1,1,4,8,375,86,0.0026
tṣ,tz,tS,त्ष,त्ष्,2,1,1,0,1,3,,376,86,0.0026
ṅghy,NGy,Gghy,ङ्घ्य,ङ्घ्य्,3,1,1,0,1,3,,377,85,0.0026
rky,rky,rky,र्क्य,र्क्य्,3,1,1,0,1,3,,378,85,0.0026
tkv,tkv,tkv,त्क्व,त्क्व्,3,1,1,1,1,4,2,379,85,0.0026
ḍhv,Qv,Dhv,ढ्व,ढ्व्,2,1,1,1,1,4,18,380,84,0.0026
rvr,rvr,rvr,र्व्र,र्व्र्,3,1,1,1,1,4,7,381,83,0.0025
spr,spr,spr,स्प्र,स्प्र्,3,1,1,0,1,3,,382,83,0.0025
gjy,gjy,gjy,ग्ज्य,ग्ज्य्,3,1,1,1,1,4,1,383,82,0.0025
ṭph,wP,Tph,ट्फ,ट्फ्,2,1,1,0,1,3,,384,80,0.0024
cchl,cCl,cchl,च्छ्ल,च्छ्ल्,3,1,1,1,1,4,1,385,79,0.0024
rḍhy,rQy,rDhy,र्ढ्य,र्ढ्य्,3,1,1,0,1,3,,386,79,0.0024
rhr,rhr,rhr,र्ह्र,र्ह्र्,3,1,1,1,1,4,1,387,79,0.0024
ṣṇv,zRv,SNv,ष्ण्व,ष्ण्व्,3,1,1,1,1,4,10,388,78,0.0024
lh,lh,lh,ल्ह,ल्ह्,2,1,1,0,1,3,,389,77,0.0024
sjhjh,sJJ,sjhjh,स्झ्झ,स्झ्झ्,3,0,0,0,1,1,,390,77,0.0024
rṣṇy,rzRy,rSNy,र्ष्ण्य,र्ष्ण्य्,4,1,1,1,1,4,2,391,76,0.0023
rtsy,rtsy,rtsy,र्त्स्य,र्त्स्य्,4,1,1,0,1,3,,392,75,0.0023
dhny,Dny,dhny,ध्न्य,ध्न्य्,3,1,1,1,1,4,15,393,74,0.0023
ñchr,YCr,Jchr,ञ्छ्र,ञ्छ्र्,3,1,1,1,1,4,6,394,73,0.0022
hny,hny,hny,ह्न्य,ह्न्य्,3,1,1,1,1,4,8,395,73,0.0022
nnv,nnv,nnv,न्न्व,न्न्व्,3,1,1,1,1,4,15,396,73,0.0022
ksr,ksr,ksr,क्स्र,क्स्र्,3,1,1,1,1,4,1,397,72,0.0022
mny,mny,mny,म्न्य,म्न्य्,3,1,1,1,1,4,6,398,71,0.0022
nkṣ,nkz,nkS,न्क्ष,न्क्ष्,3,1,1,1,1,4,13,399,71,0.0022
rdhr,rDr,rdhr,र्ध्र,र्ध्र्,3,1,1,1,1,4,5,400,70,0.0021
sthn,sTn,sthn,स्थ्न,स्थ्न्,3,1,1,0,1,3,,401,69,0.0021
ṅgr,Ngr,Ggr,ङ्ग्र,ङ्ग्र्,3,1,1,0,1,3,,402,68,0.0021
ddy,ddy,ddy,द्द्य,द्द्य्,3,1,1,1,1,4,28,403,68,0.0021
rṣv,rzv,rSv,र्ष्व,र्ष्व्,3,1,1,1,1,4,6,404,67,0.0021
skr,skr,skr,स्क्र,स्क्र्,3,1,1,1,1,4,3,405,67,0.0021
ñśr,YSr,Jzr,ञ्श्र,ञ्श्र्,3,1,1,0,1,3,,406,66,0.0020
mbhr,mBr,mbhr,म्भ्र,म्भ्र्,3,1,1,0,1,3,,407,66,0.0020
nthy,nTy,nthy,न्थ्य,न्थ्य्,3,1,1,0,1,3,,408,66,0.0020
nbr,nbr,nbr,न्ब्र,न्ब्र्,3,1,1,1,1,4,12,409,66,0.0020
ssv,ssv,ssv,स्स्व,स्स्व्,3,1,1,1,1,4,2,410,66,0.0020
gṇ,gR,gN,ग्ण,ग्ण्,2,1,1,1,1,4,3,411,65,0.0020
rbhr,rBr,rbhr,र्भ्र,र्भ्र्,3,1,1,1,1,4,4,412,65,0.0020
ṅkty,Nkty,Gkty,ङ्क्त्य,ङ्क्त्य्,4,1,1,0,1,3,,413,64,0.0020
ḍd,qd,Dd,ड्द,ड्द्,2,1,1,1,1,4,6,414,64,0.0020
rjv,rjv,rjv,र्ज्व,र्ज्व्,3,1,1,0,1,3,,415,63,0.0019
hmy,hmy,hmy,ह्म्य,ह्म्य्,3,1,1,0,1,3,,416,62,0.0019
nvy,nvy,nvy,न्व्य,न्व्य्,3,1,1,1,1,4,8,417,62,0.0019
hvy,hvy,hvy,ह्व्य,ह्व्य्,3,1,1,1,1,4,2,418,61,0.0019
njh,nJ,njh,न्झ,न्झ्,2,0,0,0,1,1,,419,60,0.0018
ṅgv,Ngv,Ggv,ङ्ग्व,ङ्ग्व्,3,1,1,0,1,3,,420,59,0.0018
śp,Sp,zp,श्प,श्प्,2,1,1,1,1,4,41,421,59,0.0018
cm,cm,cm,च्म,च्म्,2,1,1,1,1,4,1,422,59,0.0018
kkr,kkr,kkr,क्क्र,क्क्र्,3,1,1,0,1,3,,423,59,0.0018
mbv,mbv,mbv,म्ब्व,म्ब्व्,3,1,1,1,1,4,1,424,59,0.0018
śvy,Svy,zvy,श्व्य,श्व्य्,3,1,1,1,1,4,51,425,58,0.0018
mpl,mpl,mpl,म्प्ल,म्प्ल्,3,1,1,0,1,3,,426,57,0.0017
kkṣ,kkz,kkS,क्क्ष,क्क्ष्,3,1,1,0,1,3,,427,55,0.0017
gdv,gdv,gdv,ग्द्व,ग्द्व्,3,1,1,1,1,4,1,428,53,0.0016
tsp,tsp,tsp,त्स्प,त्स्प्,3,1,1,1,1,4,2,429,52,0.0016
ggr,ggr,ggr,ग्ग्र,ग्ग्र्,3,1,1,0,1,3,,430,51,0.0016
jñy,jYy,jJy,ज्ञ्य,ज्ञ्य्,3,1,1,0,1,3,,431,51,0.0016
lś,lS,lz,ल्श,ल्श्,2,1,1,1,1,4,4,432,50,0.0015
kṇ,kR,kN,क्ण,क्ण्,2,0,0,0,1,1,,433,48,0.0015
mpy,mpy,mpy,म्प्य,म्प्य्,3,1,1,0,1,3,,434,47,0.0014
mv,mv,mv,म्व,म्व्,2,1,1,1,1,4,29,435,47,0.0014
bbh,bB,bbh,ब्भ,ब्भ्,2,1,1,0,1,3,,436,46,0.0014
kṣṇy,kzRy,kSNy,क्ष्ण्य,क्ष्ण्य्,4,1,1,0,1,3,,437,46,0.0014
vn,vn,vn,व्न,व्न्,2,1,1,1,1,4,21,438,46,0.0014
gdhy,gDy,gdhy,ग्ध्य,ग्ध्य्,3,1,1,1,1,4,6,439,45,0.0014
tstr,tstr,tstr,त्स्त्र,त्स्त्र्,4,1,1,1,1,4,2,440,45,0.0014
tsph,tsP,tsph,त्स्फ,त्स्फ्,3,1,1,0,1,3,,441,44,0.0013
ṭc,wc,Tc,ट्च,ट्च्,2,1,1,0,1,3,,442,44,0.0013
dhry,Dry,dhry,ध्र्य,ध्र्य्,3,1,1,1,1,4,23,443,43,0.0013
rdhny,rDny,rdhny,र्ध्न्य,र्ध्न्य्,4,1,1,0,1,3,,444,42,0.0013
ṅkṣy,Nkzy,GkSy,ङ्क्ष्य,ङ्क्ष्य्,4,1,1,0,1,3,,445,41,0.0013
lbhy,lBy,lbhy,ल्भ्य,ल्भ्य्,3,1,1,0,1,3,,446,41,0.0013
ḍbhy,qBy,Dbhy,ड्भ्य,ड्भ्य्,3,1,1,1,1,4,1,447,41,0.0013
ndry,ndry,ndry,न्द्र्य,न्द्र्य्,4,1,1,0,1,3,,448,40,0.0012
pś,pS,pz,प्श,प्श्,2,1,1,1,1,4,21,449,40,0.0012
pny,pny,pny,प्न्य,प्न्य्,3,1,1,1,1,4,8,450,40,0.0012
kch,kC,kch,क्छ,क्छ्,2,1,1,1,1,4,4,451,39,0.0012
ksth,ksT,ksth,क्स्थ,क्स्थ्,3,1,1,1,1,4,1,452,39,0.0012
cñ,cY,cJ,च्ञ,च्ञ्,2,1,1,0,1,3,,453,38,0.0012
ḍgr,qgr,Dgr,ड्ग्र,ड्ग्र्,3,1,1,0,1,3,,454,38,0.0012
svy,svy,svy,स्व्य,स्व्य्,3,1,1,1,1,4,1,455,38,0.0012
ṣkv,zkv,Skv,ष्क्व,ष्क्व्,3,1,1,0,1,3,,456,38,0.0012
ṅktv,Nktv,Gktv,ङ्क्त्व,ङ्क्त्व्,4,1,1,0,1,3,,457,37,0.0011
pch,pC,pch,प्छ,प्छ्,2,1,1,0,1,3,,458,37,0.0011
vl,vl,vl,व्ल,व्ल्,2,1,1,1,1,4,3,459,37,0.0011
ṭch,wC,Tch,ट्छ,ट्छ्,2,1,1,0,1,3,,460,37,0.0011
gvy,gvy,gvy,ग्व्य,ग्व्य्,3,1,1,0,1,3,,461,36,0.0011
ḍm,qm,Dm,ड्म,ड्म्,2,1,1,0,1,3,,462,36,0.0011
rdhm,rDm,rdhm,र्ध्म,र्ध्म्,3,1,1,0,1,3,,463,36,0.0011
rmm,rmm,rmm,र्म्म,र्म्म्,3,0,0,0,1,1,,464,36,0.0011
dhvy,Dvy,dhvy,ध्व्य,ध्व्य्,3,1,1,1,1,4,1,465,35,0.0011
ḍb,qb,Db,ड्ब,ड्ब्,2,1,1,1,1,4,6,466,35,0.0011
ttry,ttry,ttry,त्त्र्य,त्त्र्य्,4,1,1,0,1,3,,467,35,0.0011
gdr,gdr,gdr,ग्द्र,ग्द्र्,3,1,1,0,1,3,,468,34,0.0010
pv,pv,pv,प्व,प्व्,2,1,1,1,1,4,8,469,34,0.0010
śry,Sry,zry,श्र्य,श्र्य्,3,1,1,0,1,3,,470,33,0.0010
thvy,Tvy,thvy,थ्व्य,थ्व्य्,3,1,1,0,1,3,,471,33,0.0010
gdhr,gDr,gdhr,ग्ध्र,ग्ध्र्,3,1,1,0,1,3,,472,33,0.0010
kthn,kTn,kthn,क्थ्न,क्थ्न्,3,1,1,0,1,3,,473,32,0.0010
ḍdh,qD,Ddh,ड्ध,ड्ध्,2,1,1,0,1,3,,474,32,0.0010
rny,rny,rny,र्न्य,र्न्य्,3,1,1,1,1,4,9,475,32,0.0010
ryy,ryy,ryy,र्य्य,र्य्य्,3,1,1,0,1,3,,476,32,0.0010
ṅdh,ND,Gdh,ङ्ध,ङ्ध्,2,1,1,1,1,4,6,477,31,0.0009
ḍj,qj,Dj,ड्ज,ड्ज्,2,1,1,1,1,4,2,478,31,0.0009
chy,Cy,chy,छ्य,छ्य्,2,1,1,1,1,4,14,479,30,0.0009
ksv,ksv,ksv,क्स्व,क्स्व्,3,1,1,1,1,4,3,480,30,0.0009
vv,vv,vv,व्व,व्व्,2,0,0,0,1,1,,481,30,0.0009
bdhy,bDy,bdhy,ब्ध्य,ब्ध्य्,3,1,1,0,1,3,,482,29,0.0009
bb,bb,bb,ब्ब,ब्ब्,2,1,1,0,1,3,,483,29,0.0009
rkhy,rKy,rkhy,र्ख्य,र्ख्य्,3,1,1,0,1,3,,484,29,0.0009
rṣṭy,rzwy,rSTy,र्ष्ट्य,र्ष्ट्य्,4,1,1,0,1,3,,485,29,0.0009
tvy,tvy,tvy,त्व्य,त्व्य्,3,1,1,1,1,4,24,486,29,0.0009
ṭpr,wpr,Tpr,ट्प्र,ट्प्र्,3,1,1,0,1,3,,487,29,0.0009
ṣṣ,zz,SS,ष्ष,ष्ष्,2,1,1,1,1,4,21,488,29,0.0009
kśr,kSr,kzr,क्श्र,क्श्र्,3,1,1,0,1,3,,489,28,0.0009
ṭsv,wsv,Tsv,ट्स्व,ट्स्व्,3,1,1,0,1,3,,490,28,0.0009
śrv,Srv,zrv,श्र्व,श्र्व्,3,1,1,1,1,4,1,491,27,0.0008
gjñ,gjY,gjJ,ग्ज्ञ,ग्ज्ञ्,3,1,1,0,1,3,,492,26,0.0008
śmy,Smy,zmy,श्म्य,श्म्य्,3,1,1,1,1,4,1,493,25,0.0008
ṅgdh,NgD,Ggdh,ङ्ग्ध,ङ्ग्ध्,3,1,1,1,1,4,5,494,24,0.0007
dmy,dmy,dmy,द्म्य,द्म्य्,3,1,1,1,1,4,1,495,24,0.0007
nkr,nkr,nkr,न्क्र,न्क्र्,3,1,1,1,1,4,9,496,24,0.0007
rjm,rjm,rjm,र्ज्म,र्ज्म्,3,1,1,1,1,4,2,497,24,0.0007
nmr,nmr,nmr,न्म्र,न्म्र्,3,1,1,1,1,4,1,498,23,0.0007
ntvy,ntvy,ntvy,न्त्व्य,न्त्व्य्,4,1,1,0,1,3,,499,23,0.0007
ṭt,wt,Tt,ट्त,ट्त्,2,1,1,1,1,4,1,500,23,0.0007
ṣpy,zpy,Spy,ष्प्य,ष्प्य्,3,1,1,0,1,3,,501,23,0.0007
ghry,Gry,ghry,घ्र्य,घ्र्य्,3,1,1,0,1,3,,502,22,0.0007
ngh,nG,ngh,न्घ,न्घ्,2,0,0,0,1,1,,503,22,0.0007
nts,nts,nts,न्त्स,न्त्स्,3,1,1,1,1,4,5,504,22,0.0007
rddhy,rdDy,rddhy,र्द्ध्य,र्द्ध्य्,4,1,1,0,1,3,,505,22,0.0007
ṭtv,wtv,Ttv,ट्त्व,ट्त्व्,3,1,1,0,1,3,,506,22,0.0007
nmy,nmy,nmy,न्म्य,न्म्य्,3,1,1,0,1,3,,507,21,0.0006
kph,kP,kph,क्फ,क्फ्,2,1,1,0,1,3,,508,20,0.0006
ḍbhr,qBr,Dbhr,ड्भ्र,ड्भ्र्,3,1,1,1,1,4,1,509,20,0.0006
ḍl,ql,Dl,ड्ल,ड्ल्,2,1,1,0,1,3,,510,20,0.0006
rḍ,rq,rD,र्ड,र्ड्,2,0,0,0,1,1,,511,20,0.0006
rvv,rvv,rvv,र्व्व,र्व्व्,3,0,0,0,1,1,,512,20,0.0006
ṅy,Ny,Gy,ङ्य,ङ्य्,2,1,1,1,1,4,1,513,19,0.0006
ñcv,Ycv,Jcv,ञ्च्व,ञ्च्व्,3,1,1,0,1,3,,514,19,0.0006
cchm,cCm,cchm,च्छ्म,च्छ्म्,3,1,1,1,1,4,1,515,19,0.0006
ñy,Yy,Jy,ञ्य,ञ्य्,2,0,0,0,1,1,,516,18,0.0006
nj,nj,nj,न्ज,न्ज्,2,0,0,0,1,1,,517,18,0.0006
nml,nml,nml,न्म्ल,न्म्ल्,3,1,1,0,1,3,,518,18,0.0006
nsth,nsT,nsth,न्स्थ,न्स्थ्,3,1,1,0,1,3,,519,18,0.0006
śś,SS,zz,श्श,श्श्,2,1,1,0,1,3,,520,17,0.0005
ñchv,YCv,Jchv,ञ्छ्व,ञ्छ्व्,3,1,1,1,1,4,1,521,17,0.0005
bl,bl,bl,ब्ल,ब्ल्,2,1,1,0,1,3,,522,17,0.0005
rdm,rdm,rdm,र्द्म,र्द्म्,3,1,1,0,1,3,,523,17,0.0005
ṣṭry,zwry,STry,ष्ट्र्य,ष्ट्र्य्,4,1,1,1,1,4,2,524,17,0.0005
chv,Cv,chv,छ्व,छ्व्,2,0,0,0,1,1,,525,16,0.0005
gjv,gjv,gjv,ग्ज्व,ग्ज्व्,3,1,1,0,1,3,,526,16,0.0005
mph,mP,mph,म्फ,म्फ्,2,1,1,0,1,3,,527,16,0.0005
pph,pP,pph,प्फ,प्फ्,2,1,1,0,1,3,,528,16,0.0005
rṇv,rRv,rNv,र्ण्व,र्ण्व्,3,1,1,1,1,4,4,529,16,0.0005
ṭkr,wkr,Tkr,ट्क्र,ट्क्र्,3,1,1,0,1,3,,530,16,0.0005
ṇn,Rn,Nn,ण्न,ण्न्,2,1,1,1,1,4,1,531,15,0.0005
bdy,bdy,bdy,ब्द्य,ब्द्य्,3,1,1,0,1,3,,532,15,0.0005
bv,bv,bv,ब्व,ब्व्,2,1,1,1,1,4,1,533,15,0.0005
drv,drv,drv,द्र्व,द्र्व्,3,1,1,1,1,4,5,534,15,0.0005
ksn,ksn,ksn,क्स्न,क्स्न्,3,1,1,0,1,3,,535,15,0.0005
nbhr,nBr,nbhr,न्भ्र,न्भ्र्,3,1,1,1,1,4,1,536,15,0.0005
ndhry,nDry,ndhry,न्ध्र्य,न्ध्र्य्,4,1,1,0,1,3,,537,15,0.0005
ṅv,Nv,Gv,ङ्व,ङ्व्,2,1,1,1,1,4,5,538,14,0.0004
ṇḍhy,RQy,NDhy,ण्ढ्य,ण्ढ्य्,3,1,1,0,1,3,,539,14,0.0004
ndhv,nDv,ndhv,न्ध्व,न्ध्व्,3,1,1,1,1,4,3,540,14,0.0004
nvr,nvr,nvr,न्व्र,न्व्र्,3,1,1,1,1,4,3,541,14,0.0004
ḍjv,qjv,Djv,ड्ज्व,ड्ज्व्,3,0,0,0,1,1,,542,14,0.0004
ṅny,Nny,Gny,ङ्न्य,ङ्न्य्,3,1,1,1,1,4,2,543,13,0.0004
ñjh,YJ,Jjh,ञ्झ,ञ्झ्,2,1,1,0,1,3,,544,13,0.0004
ñjv,Yjv,Jjv,ञ्ज्व,ञ्ज्व्,3,1,1,0,1,3,,545,13,0.0004
ddhm,dDm,ddhm,द्ध्म,द्ध्म्,3,1,1,0,1,3,,546,13,0.0004
gbr,gbr,gbr,ग्ब्र,ग्ब्र्,3,1,1,1,1,4,2,547,13,0.0004
nś,nS,nz,न्श,न्श्,2,0,0,0,1,1,,548,13,0.0004
nddhy,ndDy,nddhy,न्द्ध्य,न्द्ध्य्,4,1,1,0,1,3,,549,13,0.0004
rs,rs,rs,र्स,र्स्,2,1,1,1,1,4,6,550,13,0.0004
rtn,rtn,rtn,र्त्न,र्त्न्,3,1,1,1,1,4,3,551,13,0.0004
ṭkṣ,wkz,TkS,ट्क्ष,ट्क्ष्,3,1,1,0,1,3,,552,13,0.0004
bhry,Bry,bhry,भ्र्य,भ्र्य्,3,1,1,0,1,3,,553,12,0.0004
ṅl,Nl,Gl,ङ्ल,ङ्ल्,2,0,0,0,1,1,,554,12,0.0004
ñchy,YCy,Jchy,ञ्छ्य,ञ्छ्य्,3,1,1,1,1,4,3,555,12,0.0004
kmy,kmy,kmy,क्म्य,क्म्य्,3,1,1,1,1,4,12,556,12,0.0004
ppr,ppr,ppr,प्प्र,प्प्र्,3,1,1,0,1,3,,557,12,0.0004
rmr,rmr,rmr,र्म्र,र्म्र्,3,1,1,1,1,4,1,558,12,0.0004
tś,tS,tz,त्श,त्श्,2,0,0,0,1,1,,559,12,0.0004
ṭṣ,wz,TS,ट्ष,ट्ष्,2,1,1,0,1,3,,560,12,0.0004
ñśv,YSv,Jzv,ञ्श्व,ञ्श्व्,3,1,1,0,1,3,,561,11,0.0003
gghy,gGy,gghy,ग्घ्य,ग्घ्य्,3,1,1,0,1,3,,562,11,0.0003
jry,jry,jry,ज्र्य,ज्र्य्,3,1,1,1,1,4,3,563,11,0.0003
kny,kny,kny,क्न्य,क्न्य्,3,1,1,1,1,4,3,564,11,0.0003
nkh,nK,nkh,न्ख,न्ख्,2,0,0,0,1,1,,565,11,0.0003
nsn,nsn,nsn,न्स्न,न्स्न्,3,1,1,0,1,3,,566,11,0.0003
pṇ,pR,pN,प्ण,प्ण्,2,1,1,1,1,4,6,567,11,0.0003
psny,psny,psny,प्स्न्य,प्स्न्य्,4,1,1,1,1,4,4,568,11,0.0003
tsk,tsk,tsk,त्स्क,त्स्क्,3,0,1,0,1,2,,569,11,0.0003
jjhy,jJy,jjhy,ज्झ्य,ज्झ्य्,3,1,1,0,1,3,,570,10,0.0003
kkl,kkl,kkl,क्क्ल,क्क्ल्,3,1,1,0,1,3,,571,10,0.0003
nph,nP,nph,न्फ,न्फ्,2,0,0,0,1,1,,572,10,0.0003
ngr,ngr,ngr,न्ग्र,न्ग्र्,3,1,1,1,1,4,5,573,10,0.0003
nsy,nsy,nsy,न्स्य,न्स्य्,3,1,1,1,1,4,7,574,10,0.0003
ḍḍhy,qQy,DDhy,ड्ढ्य,ड्ढ्य्,3,1,1,1,1,4,1,575,10,0.0003
ṭkh,wK,Tkh,ट्ख,ट्ख्,2,1,1,0,1,3,,576,10,0.0003
ṣṣv,zzv,SSv,ष्ष्व,ष्ष्व्,3,0,0,0,1,1,,577,10,0.0003
śny,Sny,zny,श्न्य,श्न्य्,3,1,1,1,1,4,4,578,9,0.0003
ñśl,YSl,Jzl,ञ्श्ल,ञ्श्ल्,3,1,1,0,1,3,,579,9,0.0003
ñjm,Yjm,Jjm,ञ्ज्म,ञ्ज्म्,3,1,1,1,1,4,1,580,9,0.0003
kśv,kSv,kzv,क्श्व,क्श्व्,3,1,1,0,1,3,,581,9,0.0003
kst,kst,kst,क्स्त,क्स्त्,3,1,1,1,1,4,2,582,9,0.0003
ḍdv,qdv,Ddv,ड्द्व,ड्द्व्,3,1,1,1,1,4,1,583,9,0.0003
rghn,rGn,rghn,र्घ्न,र्घ्न्,3,1,1,0,1,3,,584,9,0.0003
rghr,rGr,rghr,र्घ्र,र्घ्र्,3,1,1,0,1,3,,585,9,0.0003
rddhv,rdDv,rddhv,र्द्ध्व,र्द्ध्व्,4,0,0,0,1,1,,586,9,0.0003
rks,rks,rks,र्क्स,र्क्स्,3,1,1,0,1,3,,587,9,0.0003
ṣkh,zK,Skh,ष्ख,ष्ख्,2,1,1,0,1,3,,588,9,0.0003
ṇvy,Rvy,Nvy,ण्व्य,ण्व्य्,3,1,1,1,1,4,3,589,8,0.0002
bjy,bjy,bjy,ब्ज्य,ब्ज्य्,3,1,1,0,1,3,,590,8,0.0002
ck,ck,ck,च्क,च्क्,2,0,0,0,1,1,,591,8,0.0002
cmy,cmy,cmy,च्म्य,च्म्य्,3,0,0,0,1,1,,592,8,0.0002
cv,cv,cv,च्व,च्व्,2,1,1,0,1,3,,593,8,0.0002
gvr,gvr,gvr,ग्व्र,ग्व्र्,3,1,1,1,1,4,1,594,8,0.0002
kṅ,kN,kG,क्ङ,क्ङ्,2,0,0,0,1,1,,595,8,0.0002
lvy,lvy,lvy,ल्व्य,ल्व्य्,3,1,1,0,1,3,,596,8,0.0002
myv,myv,myv,म्य्व,म्य्व्,3,0,0,0,1,1,,597,8,0.0002
nl,nl,nl,न्ल,न्ल्,2,0,0,0,1,1,,598,8,0.0002
ntsy,ntsy,ntsy,न्त्स्य,न्त्स्य्,4,1,1,1,1,4,1,599,8,0.0002
ntt,ntt,ntt,न्त्त,न्त्त्,3,1,1,0,1,3,,600,8,0.0002
rgl,rgl,rgl,र्ग्ल,र्ग्ल्,3,1,1,0,1,3,,601,8,0.0002
rgv,rgv,rgv,र्ग्व,र्ग्व्,3,1,1,0,1,3,,602,8,0.0002
ṣkṣ,zkz,SkS,ष्क्ष,ष्क्ष्,3,1,1,0,1,3,,603,8,0.0002
bhrv,Brv,bhrv,भ्र्व,भ्र्व्,3,1,1,0,1,3,,604,7,0.0002
gbhr,gBr,gbhr,ग्भ्र,ग्भ्र्,3,1,1,0,1,3,,605,7,0.0002
gghr,gGr,gghr,ग्घ्र,ग्घ्र्,3,1,1,0,1,3,,606,7,0.0002
gmy,gmy,gmy,ग्म्य,ग्म्य्,3,1,1,1,1,4,6,607,7,0.0002
kkh,kK,kkh,क्ख,क्ख्,2,1,1,0,1,3,,608,7,0.0002
lgv,lgv,lgv,ल्ग्व,ल्ग्व्,3,1,1,1,1,4,2,609,7,0.0002
nṣ,nz,nS,न्ष,न्ष्,2,0,0,0,1,1,,610,7,0.0002
ḍgh,qG,Dgh,ड्घ,ड्घ्,2,1,1,0,1,3,,611,7,0.0002
rph,rP,rph,र्फ,र्फ्,2,1,1,1,1,4,5,612,7,0.0002
rsr,rsr,rsr,र्स्र,र्स्र्,3,1,1,1,1,4,5,613,7,0.0002
ṣmy,zmy,Smy,ष्म्य,ष्म्य्,3,1,1,1,1,4,6,614,7,0.0002
khn,Kn,khn,ख्न,ख्न्,2,1,1,0,1,3,,615,6,0.0002
ṅgdhv,NgDv,Ggdhv,ङ्ग्ध्व,ङ्ग्ध्व्,4,1,1,1,1,4,4,616,6,0.0002
ṅkv,Nkv,Gkv,ङ्क्व,ङ्क्व्,3,1,1,0,1,3,,617,6,0.0002
ṅpr,Npr,Gpr,ङ्प्र,ङ्प्र्,3,1,1,1,1,4,2,618,6,0.0002
ṇk,Rk,Nk,ण्क,ण्क्,2,0,0,0,1,1,,619,6,0.0002
bbhr,bBr,bbhr,ब्भ्र,ब्भ्र्,3,0,0,0,1,1,,620,6,0.0002
bbhy,bBy,bbhy,ब्भ्य,ब्भ्य्,3,1,1,0,1,3,,621,6,0.0002
kly,kly,kly,क्ल्य,क्ल्य्,3,1,1,0,1,3,,622,6,0.0002
nsm,nsm,nsm,न्स्म,न्स्म्,3,1,1,0,1,3,,623,6,0.0002
pth,pT,pth,प्थ,प्थ्,2,0,0,0,1,1,,624,6,0.0002
pc,pc,pc,प्च,प्च्,2,1,1,0,1,3,,625,6,0.0002
pk,pk,pk,प्क,प्क्,2,1,1,0,1,3,,626,6,0.0002
ḍḍhv,qQv,DDhv,ड्ढ्व,ड्ढ्व्,3,1,1,0,1,3,,627,6,0.0002
rtry,rtry,rtry,र्त्र्य,र्त्र्य्,4,1,1,0,1,3,,628,6,0.0002
rvl,rvl,rvl,र्व्ल,र्व्ल्,3,1,1,0,1,3,,629,6,0.0002
rṭ,rw,rT,र्ट,र्ट्,2,0,0,0,1,1,,630,6,0.0002
trv,trv,trv,त्र्व,त्र्व्,3,1,1,1,1,4,1,631,6,0.0002
chl,Cl,chl,छ्ल,छ्ल्,2,0,0,0,1,1,,632,5,0.0002
ṅghry,NGry,Gghry,ङ्घ्र्य,ङ्घ्र्य्,4,1,1,0,1,3,,633,5,0.0002
ṇḍhr,RQr,NDhr,ण्ढ्र,ण्ढ्र्,3,1,1,0,1,3,,634,5,0.0002
ṇṭy,Rwy,NTy,ण्ट्य,ण्ट्य्,3,1,1,0,1,3,,635,5,0.0002
ñchl,YCl,Jchl,ञ्छ्ल,ञ्छ्ल्,3,1,1,1,1,4,2,636,5,0.0002
ñv,Yv,Jv,ञ्व,ञ्व्,2,0,0,0,1,1,,637,5,0.0002
dghr,dGr,dghr,द्घ्र,द्घ्र्,3,1,1,0,1,3,,638,5,0.0002
ddvy,ddvy,ddvy,द्द्व्य,द्द्व्य्,4,1,1,0,1,3,,639,5,0.0002
ksy,ksy,ksy,क्स्य,क्स्य्,3,1,1,0,1,3,,640,5,0.0002
lby,lby,lby,ल्ब्य,ल्ब्य्,3,1,1,0,1,3,,641,5,0.0002
ḍbr,qbr,Dbr,ड्ब्र,ड्ब्र्,3,1,1,1,1,4,1,642,5,0.0002
ḍvy,qvy,Dvy,ड्व्य,ड्व्य्,3,1,1,1,1,4,1,643,5,0.0002
rjmy,rjmy,rjmy,र्ज्म्य,र्ज्म्य्,4,1,1,0,1,3,,644,5,0.0002
rtny,rtny,rtny,र्त्न्य,र्त्न्य्,4,1,1,0,1,3,,645,5,0.0002
sj,sj,sj,स्ज,स्ज्,2,0,0,0,1,1,,646,5,0.0002
tthy,tTy,tthy,त्थ्य,त्थ्य्,3,1,1,0,1,3,,647,5,0.0002
tnv,tnv,tnv,त्न्व,त्न्व्,3,1,1,1,1,4,5,648,5,0.0002
ṣṣṭ,zzw,SST,ष्ष्ट,ष्ष्ट्,3,0,0,0,1,1,,649,5,0.0002
bhm,Bm,bhm,भ्म,भ्म्,2,1,1,1,1,4,3,650,4,0.0001
ghvy,Gvy,ghvy,घ्व्य,घ्व्य्,3,1,1,0,1,3,,651,4,0.0001
ṅbhy,NBy,Gbhy,ङ्भ्य,ङ्भ्य्,3,0,0,0,1,1,,652,4,0.0001
ṅp,Np,Gp,ङ्प,ङ्प्,2,1,1,1,1,4,2,653,4,0.0001
ṅsth,NsT,Gsth,ङ्स्थ,ङ्स्थ्,3,0,0,0,1,1,,654,4,0.0001
phr,Pr,phr,फ्र,फ्र्,2,0,0,0,1,1,,655,4,0.0001
śśr,SSr,zzr,श्श्र,श्श्र्,3,0,0,0,1,1,,656,4,0.0001
ñbhy,YBy,Jbhy,ञ्भ्य,ञ्भ्य्,3,0,0,0,1,1,,657,4,0.0001
ñgbh,YgB,Jgbh,ञ्ग्भ,ञ्ग्भ्,3,0,0,0,1,1,,658,4,0.0001
ñm,Ym,Jm,ञ्म,ञ्म्,2,0,0,0,1,1,,659,4,0.0001
cp,cp,cp,च्प,च्प्,2,0,0,0,1,1,,660,4,0.0001
cvy,cvy,cvy,च्व्य,च्व्य्,3,0,0,0,1,1,,661,4,0.0001
gdhm,gDm,gdhm,ग्ध्म,ग्ध्म्,3,0,0,0,1,1,,662,4,0.0001
grv,grv,grv,ग्र्व,ग्र्व्,3,1,1,0,1,3,,663,4,0.0001
jñv,jYv,jJv,ज्ञ्व,ज्ञ्व्,3,1,1,1,1,4,2,664,4,0.0001
jmy,jmy,jmy,ज्म्य,ज्म्य्,3,1,1,0,1,3,,665,4,0.0001
kśl,kSl,kzl,क्श्ल,क्श्ल्,3,1,1,0,1,3,,666,4,0.0001
kpl,kpl,kpl,क्प्ल,क्प्ल्,3,1,1,0,1,3,,667,4,0.0001
kstr,kstr,kstr,क्स्त्र,क्स्त्र्,4,1,1,0,1,3,,668,4,0.0001
kṣl,kzl,kSl,क्ष्ल,क्ष्ल्,3,0,0,0,1,1,,669,4,0.0001
lhy,lhy,lhy,ल्ह्य,ल्ह्य्,3,1,1,0,1,3,,670,4,0.0001
nśr,nSr,nzr,न्श्र,न्श्र्,3,0,0,0,1,1,,671,4,0.0001
nkv,nkv,nkv,न्क्व,न्क्व्,3,1,1,0,1,3,,672,4,0.0001
nsk,nsk,nsk,न्स्क,न्स्क्,3,1,1,0,1,3,,673,4,0.0001
psn,psn,psn,प्स्न,प्स्न्,3,1,1,1,1,4,4,674,4,0.0001
ḍdr,qdr,Ddr,ड्द्र,ड्द्र्,3,0,0,0,1,1,,675,4,0.0001
ḍgl,qgl,Dgl,ड्ग्ल,ड्ग्ल्,3,0,0,0,1,1,,676,4,0.0001
rḍh,rQ,rDh,र्ढ,र्ढ्,2,0,0,0,1,1,,677,4,0.0001
rgbh,rgB,rgbh,र्ग्भ,र्ग्भ्,3,1,1,1,1,4,1,678,4,0.0001
ttm,ttm,ttm,त्त्म,त्त्म्,3,1,1,0,1,3,,679,4,0.0001
tṣṭh,tzW,tSTh,त्ष्ठ,त्ष्ठ्,3,0,0,0,1,1,,680,4,0.0001
ṭṇ,wR,TN,ट्ण,ट्ण्,2,1,1,0,1,3,,681,4,0.0001
ṭśr,wSr,Tzr,ट्श्र,ट्श्र्,3,1,1,0,1,3,,682,4,0.0001
ṭśv,wSv,Tzv,ट्श्व,ट्श्व्,3,0,0,0,1,1,,683,4,0.0001
ṣpl,zpl,Spl,ष्प्ल,ष्प्ल्,3,1,1,0,1,3,,684,4,0.0001
bhl,Bl,bhl,भ्ल,भ्ल्,2,1,1,0,1,3,,685,3,0.0001
bhvy,Bvy,bhvy,भ्व्य,भ्व्य्,3,1,1,0,1,3,,686,3,0.0001
ghm,Gm,ghm,घ्म,घ्म्,2,1,1,1,1,4,2,687,3,0.0001
ṅj,Nj,Gj,ङ्ज,ङ्ज्,2,1,1,0,1,3,,688,3,0.0001
ṅkth,NkT,Gkth,ङ्क्थ,ङ्क्थ्,3,1,1,0,1,3,,689,3,0.0001
ṅs,Ns,Gs,ङ्स,ङ्स्,2,1,1,1,1,4,4,690,3,0.0001
ṅt,Nt,Gt,ङ्त,ङ्त्,2,1,1,1,1,4,1,691,3,0.0001
ñṇ,YR,JN,ञ्ण,ञ्ण्,2,0,0,0,1,1,,692,3,0.0001
ñn,Yn,Jn,ञ्न,ञ्न्,2,0,0,0,1,1,,693,3,0.0001
ñp,Yp,Jp,ञ्प,ञ्प्,2,0,0,0,1,1,,694,3,0.0001
dghn,dGn,dghn,द्घ्न,द्घ्न्,3,1,1,1,1,4,1,695,3,0.0001
hṇy,hRy,hNy,ह्ण्य,ह्ण्य्,3,0,0,0,1,1,,696,3,0.0001
jd,jd,jd,ज्द,ज्द्,2,0,0,0,1,1,,697,3,0.0001
kkv,kkv,kkv,क्क्व,क्क्व्,3,1,1,0,1,3,,698,3,0.0001
kry,kry,kry,क्र्य,क्र्य्,3,1,1,1,1,4,2,699,3,0.0001
ksph,ksP,ksph,क्स्फ,क्स्फ्,3,1,1,0,1,3,,700,3,0.0001
lt,lt,lt,ल्त,ल्त्,2,0,0,0,1,1,,701,3,0.0001
mś,mS,mz,म्श,म्श्,2,0,0,0,1,1,,702,3,0.0001
mvy,mvy,mvy,म्व्य,म्व्य्,3,0,0,0,1,1,,703,3,0.0001
nc,nc,nc,न्च,न्च्,2,0,0,0,1,1,,704,3,0.0001
nsp,nsp,nsp,न्स्प,न्स्प्,3,1,1,1,1,4,3,705,3,0.0001
nst,nst,nst,न्स्त,न्स्त्,3,1,1,1,1,4,12,706,3,0.0001
pry,pry,pry,प्र्य,प्र्य्,3,1,1,1,1,4,2,707,3,0.0001
rñj,rYj,rJj,र्ञ्ज,र्ञ्ज्,3,1,1,1,1,4,1,708,3,0.0001
rdd,rdd,rdd,र्द्द,र्द्द्,3,0,0,0,1,1,,709,3,0.0001
rjj,rjj,rjj,र्ज्ज,र्ज्ज्,3,0,0,0,1,1,,710,3,0.0001
rml,rml,rml,र्म्ल,र्म्ल्,3,1,1,0,1,3,,711,3,0.0001
rmmy,rmmy,rmmy,र्म्म्य,र्म्म्य्,4,0,0,0,1,1,,712,3,0.0001
sṅ,sN,sG,स्ङ,स्ङ्,2,0,0,0,1,1,,713,3,0.0001
ssth,ssT,ssth,स्स्थ,स्स्थ्,3,0,0,0,1,1,,714,3,0.0001
tbh,tB,tbh,त्भ,त्भ्,2,0,0,0,1,1,,715,3,0.0001
tkhy,tKy,tkhy,त्ख्य,त्ख्य्,3,1,1,0,1,3,,716,3,0.0001
tc,tc,tc,त्च,त्च्,2,0,0,0,1,1,,717,3,0.0001
tskh,tsK,tskh,त्स्ख,त्स्ख्,3,1,1,0,1,3,,718,3,0.0001
tsthy,tsTy,tsthy,त्स्थ्य,त्स्थ्य्,4,1,1,0,1,3,,719,3,0.0001
tyv,tyv,tyv,त्य्व,त्य्व्,3,1,1,0,1,3,,720,3,0.0001
ṭkl,wkl,Tkl,ट्क्ल,ट्क्ल्,3,0,0,0,1,1,,721,3,0.0001
ṭst,wst,Tst,ट्स्त,ट्स्त्,3,1,1,0,1,3,,722,3,0.0001
ṭṭy,wwy,TTy,ट्ट्य,ट्ट्य्,3,1,1,0,1,3,,723,3,0.0001
ṣṭhv,zWv,SThv,ष्ठ्व,ष्ठ्व्,3,1,1,0,1,3,,724,3,0.0001
ṣky,zky,Sky,ष्क्य,ष्क्य्,3,1,1,0,1,3,,725,3,0.0001
ṣt,zt,St,ष्त,ष्त्,2,0,0,0,1,1,,726,3,0.0001
jhy,Jy,jhy,झ्य,झ्य्,2,0,0,0,1,1,,727,2,0.0001
khv,Kv,khv,ख्व,ख्व्,2,1,1,1,1,4,1,728,2,0.0001
ṅbh,NB,Gbh,ङ्भ,ङ्भ्,2,1,1,0,1,3,,729,2,0.0001
ṅś,NS,Gz,ङ्श,ङ्श्,2,1,1,0,1,3,,730,2,0.0001
ṅkṣṇ,NkzR,GkSN,ङ्क्ष्ण,ङ्क्ष्ण्,4,1,1,0,1,3,,731,2,0.0001
ṅkṣm,Nkzm,GkSm,ङ्क्ष्म,ङ्क्ष्म्,4,1,1,0,1,3,,732,2,0.0001
ṇd,Rd,Nd,ण्द,ण्द्,2,0,0,0,1,1,,733,2,0.0001
ṇṭv,Rwv,NTv,ण्ट्व,ण्ट्व्,3,0,0,0,1,1,,734,2,0.0001
thr,Tr,thr,थ्र,थ्र्,2,1,1,1,1,4,2,735,2,0.0001
ñśm,YSm,Jzm,ञ्श्म,ञ्श्म्,3,1,1,0,1,3,,736,2,0.0001
ññ,YY,JJ,ञ्ञ,ञ्ञ्,2,0,0,0,1,1,,737,2,0.0001
ñk,Yk,Jk,ञ्क,ञ्क्,2,0,0,0,1,1,,738,2,0.0001
ñs,Ys,Js,ञ्स,ञ्स्,2,0,0,0,1,1,,739,2,0.0001
bdr,bdr,bdr,ब्द्र,ब्द्र्,3,0,0,0,1,1,,740,2,0.0001
bg,bg,bg,ब्ग,ब्ग्,2,1,1,1,1,4,1,741,2,0.0001
cph,cP,cph,च्फ,च्फ्,2,0,0,0,1,1,,742,2,0.0001
cl,cl,cl,च्ल,च्ल्,2,0,0,0,1,1,,743,2,0.0001
cpr,cpr,cpr,च्प्र,च्प्र्,3,0,0,0,1,1,,744,2,0.0001
cr,cr,cr,च्र,च्र्,2,1,1,1,1,4,2,745,2,0.0001
ct,ct,ct,च्त,च्त्,2,0,0,0,1,1,,746,2,0.0001
dbhv,dBv,dbhv,द्भ्व,द्भ्व्,3,1,1,0,1,3,,747,2,0.0001
hly,hly,hly,ह्ल्य,ह्ल्य्,3,0,0,0,1,1,,748,2,0.0001
hry,hry,hry,ह्र्य,ह्र्य्,3,0,0,0,1,1,,749,2,0.0001
jbh,jB,jbh,ज्भ,ज्भ्,2,0,0,0,1,1,,750,2,0.0001
jbhy,jBy,jbhy,ज्भ्य,ज्भ्य्,3,0,0,0,1,1,,751,2,0.0001
kchr,kCr,kchr,क्छ्र,क्छ्र्,3,0,0,0,1,1,,752,2,0.0001
kṭh,kW,kTh,क्ठ,क्ठ्,2,0,0,0,1,1,,753,2,0.0001
ksk,ksk,ksk,क्स्क,क्स्क्,3,0,0,0,1,1,,754,2,0.0001
ksm,ksm,ksm,क्स्म,क्स्म्,3,1,1,0,1,3,,755,2,0.0001
ktry,ktry,ktry,क्त्र्य,क्त्र्य्,4,1,1,0,1,3,,756,2,0.0001
lth,lT,lth,ल्थ,ल्थ्,2,0,0,0,1,1,,757,2,0.0001
lṭ,lw,lT,ल्ट,ल्ट्,2,0,0,0,1,1,,758,2,0.0001
mbl,mbl,mbl,म्ब्ल,म्ब्ल्,3,0,0,0,1,1,,759,2,0.0001
ms,ms,ms,म्स,म्स्,2,0,0,0,1,1,,760,2,0.0001
mt,mt,mt,म्त,म्त्,2,0,0,0,1,1,,761,2,0.0001
nkhy,nKy,nkhy,न्ख्य,न्ख्य्,3,1,1,0,1,3,,762,2,0.0001
nśl,nSl,nzl,न्श्ल,न्श्ल्,3,0,0,0,1,1,,763,2,0.0001
njñ,njY,njJ,न्ज्ञ,न्ज्ञ्,3,0,0,0,1,1,,764,2,0.0001
ntsv,ntsv,ntsv,न्त्स्व,न्त्स्व्,4,1,1,0,1,3,,765,2,0.0001
nttv,nttv,nttv,न्त्त्व,न्त्त्व्,4,1,1,0,1,3,,766,2,0.0001
nṭ,nw,nT,न्ट,न्ट्,2,0,0,0,1,1,,767,2,0.0001
pśy,pSy,pzy,प्श्य,प्श्य्,3,1,1,1,1,4,1,768,2,0.0001
pcch,pcC,pcch,प्च्छ,प्च्छ्,3,0,0,0,1,1,,769,2,0.0001
ptry,ptry,ptry,प्त्र्य,प्त्र्य्,4,1,1,0,1,3,,770,2,0.0001
ḍḍy,qqy,DDy,ड्ड्य,ड्ड्य्,3,0,0,0,1,1,,771,2,0.0001
rbhv,rBv,rbhv,र्भ्व,र्भ्व्,3,1,1,0,1,3,,772,2,0.0001
rṅgy,rNgy,rGgy,र्ङ्ग्य,र्ङ्ग्य्,4,1,1,0,1,3,,773,2,0.0001
rhv,rhv,rhv,र्ह्व,र्ह्व्,3,1,1,0,1,3,,774,2,0.0001
rkt,rkt,rkt,र्क्त,र्क्त्,3,1,1,1,1,4,2,775,2,0.0001
rkv,rkv,rkv,र्क्व,र्क्व्,3,0,0,0,1,1,,776,2,0.0001
rpt,rpt,rpt,र्प्त,र्प्त्,3,0,0,0,1,1,,777,2,0.0001
rtsn,rtsn,rtsn,र्त्स्न,र्त्स्न्,4,1,1,0,1,3,,778,2,0.0001
rtty,rtty,rtty,र्त्त्य,र्त्त्य्,4,0,0,0,1,1,,779,2,0.0001
rvṇ,rvR,rvN,र्व्ण,र्व्ण्,3,0,0,0,1,1,,780,2,0.0001
rvvy,rvvy,rvvy,र्व्व्य,र्व्व्य्,4,0,0,0,1,1,,781,2,0.0001
ryv,ryv,ryv,र्य्व,र्य्व्,3,0,0,0,1,1,,782,2,0.0001
sthny,sTny,sthny,स्थ्न्य,स्थ्न्य्,4,1,1,0,1,3,,783,2,0.0001
tśr,tSr,tzr,त्श्र,त्श्र्,3,0,0,0,1,1,,784,2,0.0001
tg,tg,tg,त्ग,त्ग्,2,0,0,0,1,1,,785,2,0.0001
tkṣm,tkzm,tkSm,त्क्ष्म,त्क्ष्म्,4,1,1,0,1,3,,786,2,0.0001
tsty,tsty,tsty,त्स्त्य,त्स्त्य्,4,0,0,0,1,1,,787,2,0.0001
ṭśl,wSl,Tzl,ट्श्ल,ट्श्ल्,3,1,1,0,1,3,,788,2,0.0001
ṭsph,wsP,Tsph,ट्स्फ,ट्स्फ्,3,0,0,0,1,1,,789,2,0.0001
ṭsr,wsr,Tsr,ट्स्र,ट्स्र्,3,0,0,0,1,1,,790,2,0.0001
yl,yl,yl,य्ल,य्ल्,2,0,0,0,1,1,,791,2,0.0001
ṣn,zn,Sn,ष्न,ष्न्,2,1,1,0,1,3,,792,2,0.0001
bhj,Bj,bhj,भ्ज,भ्ज्,2,0,0,0,1,1,,793,1,0.0000
bhrt,Brt,bhrt,भ्र्त,भ्र्त्,3,0,0,0,1,1,,794,1,0.0000
jhmry,Jmry,jhmry,झ्म्र्य,झ्म्र्य्,4,0,0,0,1,1,,795,1,0.0000
jhv,Jv,jhv,झ्व,झ्व्,2,0,0,0,1,1,,796,1,0.0000
khkh,KK,khkh,ख्ख,ख्ख्,2,1,0,0,1,2,,797,1,0.0000
khr,Kr,khr,ख्र,ख्र्,2,0,0,0,1,1,,798,1,0.0000
ṅdhv,NDv,Gdhv,ङ्ध्व,ङ्ध्व्,3,0,0,0,1,1,,799,1,0.0000
ṅdhy,NDy,Gdhy,ङ्ध्य,ङ्ध्य्,3,1,1,1,1,4,1,800,1,0.0000
ṅghn,NGn,Gghn,ङ्घ्न,ङ्घ्न्,3,1,1,1,1,4,1,801,1,0.0000
ṅṇ,NR,GN,ङ्ण,ङ्ण्,2,0,0,0,1,1,,802,1,0.0000
ṅc,Nc,Gc,ङ्च,ङ्च्,2,1,1,1,1,4,1,803,1,0.0000
ṅgdhy,NgDy,Ggdhy,ङ्ग्ध्य,ङ्ग्ध्य्,4,1,1,0,1,3,,804,1,0.0000
ṅgl,Ngl,Ggl,ङ्ग्ल,ङ्ग्ल्,3,0,0,0,1,1,,805,1,0.0000
ṅh,Nh,Gh,ङ्ह,ङ्ह्,2,1,1,1,1,4,5,806,1,0.0000
ṅhr,Nhr,Ghr,ङ्ह्र,ङ्ह्र्,3,0,0,0,1,1,,807,1,0.0000
ṅkl,Nkl,Gkl,ङ्क्ल,ङ्क्ल्,3,1,1,0,1,3,,808,1,0.0000
ṅks,Nks,Gks,ङ्क्स,ङ्क्स्,3,1,1,0,1,3,,809,1,0.0000
ṅml,Nml,Gml,ङ्म्ल,ङ्म्ल्,3,0,0,0,1,1,,810,1,0.0000
ṅnr,Nnr,Gnr,ङ्न्र,ङ्न्र्,3,1,1,0,1,3,,811,1,0.0000
ṅr,Nr,Gr,ङ्र,ङ्र्,2,1,1,0,1,3,,812,1,0.0000
ṅsv,Nsv,Gsv,ङ्स्व,ङ्स्व्,3,1,1,1,1,4,2,813,1,0.0000
pht,Pt,pht,फ्त,फ्त्,2,0,0,0,1,1,,814,1,0.0000
ṇṇy,RRy,NNy,ण्ण्य,ण्ण्य्,3,0,0,0,1,1,,815,1,0.0000
ṇc,Rc,Nc,ण्च,ण्च्,2,0,0,0,1,1,,816,1,0.0000
ṇjy,Rjy,Njy,ण्ज्य,ण्ज्य्,3,0,0,0,1,1,,817,1,0.0000
ṇkṣ,Rkz,NkS,ण्क्ष,ण्क्ष्,3,0,0,0,1,1,,818,1,0.0000
ṇl,Rl,Nl,ण्ल,ण्ल्,2,0,0,0,1,1,,819,1,0.0000
ṇpr,Rpr,Npr,ण्प्र,ण्प्र्,3,0,0,0,1,1,,820,1,0.0000
śśv,SSv,zzv,श्श्व,श्श्व्,3,0,0,0,1,1,,821,1,0.0000
śg,Sg,zg,श्ग,श्ग्,2,0,0,0,1,1,,822,1,0.0000
śj,Sj,zj,श्ज,श्ज्,2,0,0,0,1,1,,823,1,0.0000
śk,Sk,zk,श्क,श्क्,2,0,0,0,1,1,,824,1,0.0000
śkṣ,Skz,zkS,श्क्ष,श्क्ष्,3,0,0,0,1,1,,825,1,0.0000
śrdh,SrD,zrdh,श्र्ध,श्र्ध्,3,0,0,0,1,1,,826,1,0.0000
śrṅg,SrNg,zrGg,श्र्ङ्ग,श्र्ङ्ग्,4,0,0,0,1,1,,827,1,0.0000
śt,St,zt,श्त,श्त्,2,0,0,0,1,1,,828,1,0.0000
śtr,Str,ztr,श्त्र,श्त्र्,3,0,0,0,1,1,,829,1,0.0000
śvr,Svr,zvr,श्व्र,श्व्र्,3,0,0,0,1,1,,830,1,0.0000
thch,TC,thch,थ्छ,थ्छ्,2,0,0,0,1,1,,831,1,0.0000
ṭhṭh,WW,ThTh,ठ्ठ,ठ्ठ्,2,0,0,0,1,1,,832,1,0.0000
ṭhs,Ws,Ths,ठ्स,ठ्स्,2,0,0,0,1,1,,833,1,0.0000
ñchn,YCn,Jchn,ञ्छ्न,ञ्छ्न्,3,1,1,1,1,4,1,834,1,0.0000
ñjhv,YJv,Jjhv,ञ्झ्व,ञ्झ्व्,3,0,0,0,1,1,,835,1,0.0000
ñkh,YK,Jkh,ञ्ख,ञ्ख्,2,0,0,0,1,1,,836,1,0.0000
ñṇy,YRy,JNy,ञ्ण्य,ञ्ण्य्,3,0,0,0,1,1,,837,1,0.0000
ñśy,YSy,Jzy,ञ्श्य,ञ्श्य्,3,1,1,0,1,3,,838,1,0.0000
ñṭh,YW,JTh,ञ्ठ,ञ्ठ्,2,0,0,0,1,1,,839,1,0.0000
ññy,YYy,JJy,ञ्ञ्य,ञ्ञ्य्,3,0,0,0,1,1,,840,1,0.0000
ñd,Yd,Jd,ञ्द,ञ्द्,2,0,0,0,1,1,,841,1,0.0000
ñdv,Ydv,Jdv,ञ्द्व,ञ्द्व्,3,0,0,0,1,1,,842,1,0.0000
ñgr,Ygr,Jgr,ञ्ग्र,ञ्ग्र्,3,0,0,0,1,1,,843,1,0.0000
ñkt,Ykt,Jkt,ञ्क्त,ञ्क्त्,3,0,0,0,1,1,,844,1,0.0000
ñkv,Ykv,Jkv,ञ्क्व,ञ्क्व्,3,0,0,0,1,1,,845,1,0.0000
ñpr,Ypr,Jpr,ञ्प्र,ञ्प्र्,3,0,0,0,1,1,,846,1,0.0000
ñr,Yr,Jr,ञ्र,ञ्र्,2,0,0,0,1,1,,847,1,0.0000
ñsn,Ysn,Jsn,ञ्स्न,ञ्स्न्,3,0,0,0,1,1,,848,1,0.0000
bdhr,bDr,bdhr,ब्ध्र,ब्ध्र्,3,0,0,0,1,1,,849,1,0.0000
bgh,bG,bgh,ब्घ,ब्घ्,2,0,0,0,1,1,,850,1,0.0000
bn,bn,bn,ब्न,ब्न्,2,1,1,0,1,3,,851,1,0.0000
bvy,bvy,bvy,ब्व्य,ब्व्य्,3,1,1,0,1,3,,852,1,0.0000
ckh,cK,ckh,च्ख,च्ख्,2,0,0,0,1,1,,853,1,0.0000
cñy,cYy,cJy,च्ञ्य,च्ञ्य्,3,1,1,0,1,3,,854,1,0.0000
ckt,ckt,ckt,च्क्त,च्क्त्,3,0,0,0,1,1,,855,1,0.0000
cs,cs,cs,च्स,च्स्,2,0,0,0,1,1,,856,1,0.0000
csv,csv,csv,च्स्व,च्स्व्,3,0,0,0,1,1,,857,1,0.0000
ddhyv,dDyv,ddhyv,द्ध्य्व,द्ध्य्व्,4,0,0,0,1,1,,858,1,0.0000
dddr,dddr,dddr,द्द्द्र,द्द्द्र्,4,0,0,0,1,1,,859,1,0.0000
dmn,dmn,dmn,द्म्न,द्म्न्,3,0,0,0,1,1,,860,1,0.0000
dpr,dpr,dpr,द्प्र,द्प्र्,3,0,0,0,1,1,,861,1,0.0000
dḍ,dq,dD,द्ड,द्ड्,2,0,0,0,1,1,,862,1,0.0000
dym,dym,dym,द्य्म,द्य्म्,3,0,0,0,1,1,,863,1,0.0000
dyv,dyv,dyv,द्य्व,द्य्व्,3,0,0,0,1,1,,864,1,0.0000
gghn,gGn,gghn,ग्घ्न,ग्घ्न्,3,0,0,0,1,1,,865,1,0.0000
gddhv,gdDv,gddhv,ग्द्ध्व,ग्द्ध्व्,4,0,0,0,1,1,,866,1,0.0000
ggl,ggl,ggl,ग्ग्ल,ग्ग्ल्,3,0,0,0,1,1,,867,1,0.0000
gk,gk,gk,ग्क,ग्क्,2,0,0,0,1,1,,868,1,0.0000
gvv,gvv,gvv,ग्व्व,ग्व्व्,3,0,0,0,1,1,,869,1,0.0000
hh,hh,hh,ह्ह,ह्ह्,2,0,0,0,1,1,,870,1,0.0000
hnv,hnv,hnv,ह्न्व,ह्न्व्,3,0,0,0,1,1,,871,1,0.0000
hslvy,hslvy,hslvy,ह्स्ल्व्य,ह्स्ल्व्य्,5,0,0,0,1,1,,872,1,0.0000
jbhr,jBr,jbhr,ज्भ्र,ज्भ्र्,3,0,0,0,1,1,,873,1,0.0000
jjhr,jJr,jjhr,ज्झ्र,ज्झ्र्,3,0,0,0,1,1,,874,1,0.0000
jś,jS,jz,ज्श,ज्श्,2,0,0,0,1,1,,875,1,0.0000
jb,jb,jb,ज्ब,ज्ब्,2,0,0,0,1,1,,876,1,0.0000
jk,jk,jk,ज्क,ज्क्,2,0,0,0,1,1,,877,1,0.0000
jmr,jmr,jmr,ज्म्र,ज्म्र्,3,0,0,0,1,1,,878,1,0.0000
jn,jn,jn,ज्न,ज्न्,2,0,0,0,1,1,,879,1,0.0000
js,js,js,ज्स,ज्स्,2,0,0,0,1,1,,880,1,0.0000
jsn,jsn,jsn,ज्स्न,ज्स्न्,3,0,0,0,1,1,,881,1,0.0000
jvy,jvy,jvy,ज्व्य,ज्व्य्,3,1,1,0,1,3,,882,1,0.0000
kdhr,kDr,kdhr,क्ध्र,क्ध्र्,3,0,0,0,1,1,,883,1,0.0000
kkhy,kKy,kkhy,क्ख्य,क्ख्य्,3,0,0,0,1,1,,884,1,0.0000
kcy,kcy,kcy,क्च्य,क्च्य्,3,0,0,0,1,1,,885,1,0.0000
krṭ,krw,krT,क्र्ट,क्र्ट्,3,0,0,0,1,1,,886,1,0.0000
ksp,ksp,ksp,क्स्प,क्स्प्,3,1,1,0,1,3,,887,1,0.0000
ktvy,ktvy,ktvy,क्त्व्य,क्त्व्य्,4,1,1,1,1,4,1,888,1,0.0000
kṭ,kw,kT,क्ट,क्ट्,2,0,0,0,1,1,,889,1,0.0000
kṭv,kwv,kTv,क्ट्व,क्ट्व्,3,0,0,0,1,1,,890,1,0.0000
kṣṭh,kzW,kSTh,क्ष्ठ,क्ष्ठ्,3,0,0,0,1,1,,891,1,0.0000
kṣmr,kzmr,kSmr,क्ष्म्र,क्ष्म्र्,4,0,0,0,1,1,,892,1,0.0000
kṣr,kzr,kSr,क्ष्र,क्ष्र्,3,1,1,0,1,3,,893,1,0.0000
lgh,lG,lgh,ल्घ,ल्घ्,2,0,0,0,1,1,,894,1,0.0000
lkh,lK,lkh,ल्ख,ल्ख्,2,0,0,0,1,1,,895,1,0.0000
lṅ,lN,lG,ल्ङ,ल्ङ्,2,0,0,0,1,1,,896,1,0.0000
lṅy,lNy,lGy,ल्ङ्य,ल्ङ्य्,3,0,0,0,1,1,,897,1,0.0000
ld,ld,ld,ल्द,ल्द्,2,1,1,1,1,4,1,898,1,0.0000
ldv,ldv,ldv,ल्द्व,ल्द्व्,3,0,0,0,1,1,,899,1,0.0000
lpsy,lpsy,lpsy,ल्प्स्य,ल्प्स्य्,4,0,0,0,1,1,,900,1,0.0000
lr,lr,lr,ल्र,ल्र्,2,0,0,0,1,1,,901,1,0.0000
mdhv,mDv,mdhv,म्ध्व,म्ध्व्,3,0,0,0,1,1,,902,1,0.0000
mṅy,mNy,mGy,म्ङ्य,म्ङ्य्,3,0,0,0,1,1,,903,1,0.0000
mc,mc,mc,म्च,म्च्,2,0,0,0,1,1,,904,1,0.0000
mdrp,mdrp,mdrp,म्द्र्प,म्द्र्प्,4,0,0,0,1,1,,905,1,0.0000
mk,mk,mk,म्क,म्क्,2,0,0,0,1,1,,906,1,0.0000
mkr,mkr,mkr,म्क्र,म्क्र्,3,0,0,0,1,1,,907,1,0.0000
mḍ,mq,mD,म्ड,म्ड्,2,0,0,0,1,1,,908,1,0.0000
nbhy,nBy,nbhy,न्भ्य,न्भ्य्,3,0,0,0,1,1,,909,1,0.0000
ndhm,nDm,ndhm,न्ध्म,न्ध्म्,3,1,1,0,1,3,,910,1,0.0000
nghn,nGn,nghn,न्घ्न,न्घ्न्,3,1,1,0,1,3,,911,1,0.0000
nghr,nGr,nghr,न्घ्र,न्घ्र्,3,1,1,0,1,3,,912,1,0.0000
nṅ,nN,nG,न्ङ,न्ङ्,2,0,0,0,1,1,,913,1,0.0000
nṇv,nRv,nNv,न्ण्व,न्ण्व्,3,0,0,0,1,1,,914,1,0.0000
nśv,nSv,nzv,न्श्व,न्श्व्,3,0,0,0,1,1,,915,1,0.0000
ncy,ncy,ncy,न्च्य,न्च्य्,3,0,0,0,1,1,,916,1,0.0000
ndd,ndd,ndd,न्द्द,न्द्द्,3,0,0,0,1,1,,917,1,0.0000
nhr,nhr,nhr,न्ह्र,न्ह्र्,3,1,1,0,1,3,,918,1,0.0000
nhy,nhy,nhy,न्ह्य,न्ह्य्,3,1,1,1,1,4,3,919,1,0.0000
nkl,nkl,nkl,न्क्ल,न्क्ल्,3,1,1,0,1,3,,920,1,0.0000
nkt,nkt,nkt,न्क्त,न्क्त्,3,0,0,0,1,1,,921,1,0.0000
nkṣm,nkzm,nkSm,न्क्ष्म,न्क्ष्म्,4,0,0,0,1,1,,922,1,0.0000
nkṣv,nkzv,nkSv,न्क्ष्व,न्क्ष्व्,4,0,0,0,1,1,,923,1,0.0000
nnn,nnn,nnn,न्न्न,न्न्न्,3,0,0,0,1,1,,924,1,0.0000
npl,npl,npl,न्प्ल,न्प्ल्,3,1,1,0,1,3,,925,1,0.0000
nḍ,nq,nD,न्ड,न्ड्,2,0,0,0,1,1,,926,1,0.0000
nsph,nsP,nsph,न्स्फ,न्स्फ्,3,1,1,0,1,3,,927,1,0.0000
nstr,nstr,nstr,न्स्त्र,न्स्त्र्,4,1,1,1,1,4,1,928,1,0.0000
ntst,ntst,ntst,न्त्स्त,न्त्स्त्,4,1,1,0,1,3,,929,1,0.0000
nvl,nvl,nvl,न्व्ल,न्व्ल्,3,0,0,0,1,1,,930,1,0.0000
nyk,nyk,nyk,न्य्क,न्य्क्,3,0,0,0,1,1,,931,1,0.0000
nyv,nyv,nyv,न्य्व,न्य्व्,3,1,1,0,1,3,,932,1,0.0000
nṣṭh,nzW,nSTh,न्ष्ठ,न्ष्ठ्,3,0,0,0,1,1,,933,1,0.0000
pṭh,pW,pTh,प्ठ,प्ठ्,2,0,0,0,1,1,,934,1,0.0000
pjñ,pjY,pjJ,प्ज्ञ,प्ज्ञ्,3,0,0,0,1,1,,935,1,0.0000
pmn,pmn,pmn,प्म्न,प्म्न्,3,0,0,0,1,1,,936,1,0.0000
ppl,ppl,ppl,प्प्ल,प्प्ल्,3,0,0,0,1,1,,937,1,0.0000
psth,psT,psth,प्स्थ,प्स्थ्,3,0,0,0,1,1,,938,1,0.0000
ḍdhy,qDy,Ddhy,ड्ध्य,ड्ध्य्,3,0,0,0,1,1,,939,1,0.0000
ḍghn,qGn,Dghn,ड्घ्न,ड्घ्न्,3,0,0,0,1,1,,940,1,0.0000
ḍghr,qGr,Dghr,ड्घ्र,ड्घ्र्,3,1,1,0,1,3,,941,1,0.0000
ḍḍhr,qQr,DDhr,ड्ढ्र,ड्ढ्र्,3,0,0,0,1,1,,942,1,0.0000
ḍc,qc,Dc,ड्च,ड्च्,2,0,0,0,1,1,,943,1,0.0000
ḍjñ,qjY,DjJ,ड्ज्ञ,ड्ज्ञ्,3,1,1,0,1,3,,944,1,0.0000
rṅm,rNm,rGm,र्ङ्म,र्ङ्म्,3,0,0,0,1,1,,945,1,0.0000
rśm,rSm,rzm,र्श्म,र्श्म्,3,1,1,0,1,3,,946,1,0.0000
rcc,rcc,rcc,र्च्च,र्च्च्,3,0,0,0,1,1,,947,1,0.0000
rdn,rdn,rdn,र्द्न,र्द्न्,3,0,0,0,1,1,,948,1,0.0000
rdvy,rdvy,rdvy,र्द्व्य,र्द्व्य्,4,1,1,0,1,3,,949,1,0.0000
rggh,rgG,rggh,र्ग्घ,र्ग्घ्,3,1,1,0,1,3,,950,1,0.0000
rht,rht,rht,र्ह्त,र्ह्त्,3,0,0,0,1,1,,951,1,0.0000
rkpr,rkpr,rkpr,र्क्प्र,र्क्प्र्,4,0,0,0,1,1,,952,1,0.0000
rlv,rlv,rlv,र्ल्व,र्ल्व्,3,0,0,0,1,1,,953,1,0.0000
rpr,rpr,rpr,र्प्र,र्प्र्,3,0,0,0,1,1,,954,1,0.0000
rpsy,rpsy,rpsy,र्प्स्य,र्प्स्य्,4,0,0,0,1,1,,955,1,0.0000
rr,rr,rr,र्र,र्र्,2,0,0,0,1,1,,956,1,0.0000
rsv,rsv,rsv,र्स्व,र्स्व्,3,1,1,0,1,3,,957,1,0.0000
rtsv,rtsv,rtsv,र्त्स्व,र्त्स्व्,4,0,0,0,1,1,,958,1,0.0000
rtvy,rtvy,rtvy,र्त्व्य,र्त्व्य्,4,1,1,0,1,3,,959,1,0.0000
rṣṭv,rzwv,rSTv,र्ष्ट्व,र्ष्ट्व्,4,0,0,0,1,1,,960,1,0.0000
sdhv,sDv,sdhv,स्ध्व,स्ध्व्,3,0,0,0,1,1,,961,1,0.0000
sjh,sJ,sjh,स्झ,स्झ्,2,0,0,0,1,1,,962,1,0.0000
sphr,sPr,sphr,स्फ्र,स्फ्र्,3,0,0,0,1,1,,963,1,0.0000
sṇ,sR,sN,स्ण,स्ण्,2,0,0,0,1,1,,964,1,0.0000
sc,sc,sc,स्च,स्च्,2,0,0,0,1,1,,965,1,0.0000
sd,sd,sd,स्द,स्द्,2,0,0,0,1,1,,966,1,0.0000
sh,sh,sh,स्ह,स्ह्,2,0,0,0,1,1,,967,1,0.0000
smv,smv,smv,स्म्व,स्म्व्,3,0,0,0,1,1,,968,1,0.0000
sny,sny,sny,स्न्य,स्न्य्,3,1,1,1,1,4,5,969,1,0.0000
srv,srv,srv,स्र्व,स्र्व्,3,0,0,0,1,1,,970,1,0.0000
sst,sst,sst,स्स्त,स्स्त्,3,0,0,0,1,1,,971,1,0.0000
stm,stm,stm,स्त्म,स्त्म्,3,1,1,1,1,4,7,972,1,0.0000
sts,sts,sts,स्त्स,स्त्स्,3,1,1,0,1,3,,973,1,0.0000
stvy,stvy,stvy,स्त्व्य,स्त्व्य्,4,0,0,0,1,1,,974,1,0.0000
tḍh,tQ,tDh,त्ढ,त्ढ्,2,0,0,0,1,1,,975,1,0.0000
tdv,tdv,tdv,त्द्व,त्द्व्,3,0,0,0,1,1,,976,1,0.0000
tj,tj,tj,त्ज,त्ज्,2,0,0,0,1,1,,977,1,0.0000
tl,tl,tl,त्ल,त्ल्,2,0,0,0,1,1,,978,1,0.0000
trp,trp,trp,त्र्प,त्र्प्,3,0,0,0,1,1,,979,1,0.0000
vbhy,vBy,vbhy,व्भ्य,व्भ्य्,3,0,0,0,1,1,,980,1,0.0000
vjh,vJ,vjh,व्झ,व्झ्,2,0,0,0,1,1,,981,1,0.0000
vh,vh,vh,व्ह,व्ह्,2,0,0,0,1,1,,982,1,0.0000
ṭśvy,wSvy,Tzvy,ट्श्व्य,ट्श्व्य्,4,0,0,0,1,1,,983,1,0.0000
ṭd,wd,Td,ट्द,ट्द्,2,0,0,0,1,1,,984,1,0.0000
ṭdvy,wdvy,Tdvy,ट्द्व्य,ट्द्व्य्,4,0,0,0,1,1,,985,1,0.0000
ṭg,wg,Tg,ट्ग,ट्ग्,2,0,0,0,1,1,,986,1,0.0000
ṭl,wl,Tl,ट्ल,ट्ल्,2,0,0,0,1,1,,987,1,0.0000
ṭm,wm,Tm,ट्म,ट्म्,2,1,1,0,1,3,,988,1,0.0000
ṭn,wn,Tn,ट्न,ट्न्,2,0,0,0,1,1,,989,1,0.0000
ṭsth,wsT,Tsth,ट्स्थ,ट्स्थ्,3,1,1,0,1,3,,990,1,0.0000
ṭvy,wvy,Tvy,ट्व्य,ट्व्य्,3,0,0,0,1,1,,991,1,0.0000
yj,yj,yj,य्ज,य्ज्,2,0,0,0,1,1,,992,1,0.0000
ym,ym,ym,य्म,य्म्,2,0,0,0,1,1,,993,1,0.0000
ṣc,zc,Sc,ष्च,ष्च्,2,0,0,0,1,1,,994,1,0.0000
ṣkl,zkl,Skl,ष्क्ल,ष्क्ल्,3,1,1,0,1,3,,995,1,0.0000
ṣr,zr,Sr,ष्र,ष्र्,2,1,1,1,1,4,1,996,1,0.0000
ṣsth,zsT,Ssth,ष्स्थ,ष्स्थ्,3,0,0,0,1,1,,997,1,0.0000
ṣsv,zsv,Ssv,ष्स्व,ष्स्व्,3,0,0,0,1,1,,998,1,0.0000
ṣṭṭ,zww,STT,ष्ट्ट,ष्ट्ट्,3,0,0,0,1,1,,999,1,0.0000
bbr,bbr,bbr,ब्ब्र,ब्ब्र्,3,1,1,0,0,2,,,,
bgr,bgr,bgr,ब्ग्र,ब्ग्र्,3,1,1,0,0,2,,,,
ch,C,ch,छ,छ्,1,1,1,1,0,3,982,,,
dgl,dgl,dgl,द्ग्ल,द्ग्ल्,3,1,1,0,0,2,,,,
dhvr,Dvr,dhvr,ध्व्र,ध्व्र्,3,1,1,0,0,2,,,,
gdhry,gDry,gdhry,ग्ध्र्य,ग्ध्र्य्,4,1,1,0,0,2,,,,
gdvy,gdvy,gdvy,ग्द्व्य,ग्द्व्य्,4,1,1,0,0,2,,,,
gdy,gdy,gdy,ग्द्य,ग्द्य्,3,1,1,0,0,2,,,,
gh,G,gh,घ,घ्,1,1,1,1,0,3,1461,,,
gḍ,gq,gD,ग्ड,ग्ड्,2,1,1,0,0,2,,,,
jh,J,jh,झ,झ्,1,1,1,1,0,3,1,,,
jhñ,JY,jhJ,झ्ञ,झ्ञ्,2,1,1,0,0,2,,,,
kh,K,kh,ख,ख्,1,0,1,1,0,2,697,,,
kśm,kSm,kzm,क्श्म,क्श्म्,3,1,1,0,0,2,,,,
kṇkt,kRkt,kNkt,क्ण्क्त,क्ण्क्त्,4,1,1,0,0,2,,,,
lgvy,lgvy,lgvy,ल्ग्व्य,ल्ग्व्य्,4,1,1,0,0,2,,,,
mbr,mbr,mbr,म्ब्र,म्ब्र्,3,1,1,0,0,2,,,,
mml,mml,mml,म्म्ल,म्म्ल्,3,1,1,0,0,2,,,,
mmr,mmr,mmr,म्म्र,म्म्र्,3,1,1,0,0,2,,,,
mmy,mmy,mmy,म्म्य,म्म्य्,3,1,1,0,0,2,,,,
mps,mps,mps,म्प्स,म्प्स्,3,1,1,0,0,2,,,,
mry,mry,mry,म्र्य,म्र्य्,3,1,1,0,0,2,,,,
nddhv,ndDv,nddhv,न्द्ध्व,न्द्ध्व्,4,1,1,0,0,2,,,,
ndm,ndm,ndm,न्द्म,न्द्म्,3,1,1,0,0,2,,,,
ndvy,ndvy,ndvy,न्द्व्य,न्द्व्य्,4,1,1,0,0,2,,,,
ngl,ngl,ngl,न्ग्ल,न्ग्ल्,3,1,1,0,0,2,,,,
nhv,nhv,nhv,न्ह्व,न्ह्व्,3,1,1,0,0,2,,,,
nkn,nkn,nkn,न्क्न,न्क्न्,3,1,1,0,0,2,,,,
nps,nps,nps,न्प्स,न्प्स्,3,1,1,0,0,2,,,,
nskh,nsK,nskh,न्स्ख,न्स्ख्,3,1,1,0,0,2,,,,
nsphy,nsPy,nsphy,न्स्फ्य,न्स्फ्य्,4,1,1,0,0,2,,,,
nsr,nsr,nsr,न्स्र,न्स्र्,3,1,1,1,0,3,1,,,
ntm,ntm,ntm,न्त्म,न्त्म्,3,1,1,1,0,3,4,,,
ntsn,ntsn,ntsn,न्त्स्न,न्त्स्न्,4,1,1,0,0,2,,,,
ntsp,ntsp,ntsp,न्त्स्प,न्त्स्प्,4,1,1,0,0,2,,,,
ntsr,ntsr,ntsr,न्त्स्र,न्त्स्र्,4,1,1,0,0,2,,,,
ntsth,ntsT,ntsth,न्त्स्थ,न्त्स्थ्,4,1,1,0,0,2,,,,
ntth,ntT,ntth,न्त्थ,न्त्थ्,3,1,1,0,0,2,,,,
phn,Pn,phn,फ्न,फ्न्,2,1,1,0,0,2,,,,
pkh,pK,pkh,प्ख,प्ख्,2,1,1,0,0,2,,,,
pkṣ,pkz,pkS,प्क्ष,प्क्ष्,3,1,1,0,0,2,,,,
pṭ,pw,pT,प्ट,प्ट्,2,1,1,0,0,2,,,,
rdry,rdry,rdry,र्द्र्य,र्द्र्य्,4,1,1,0,0,2,,,,
rgg,rgg,rgg,र्ग्ग,र्ग्ग्,3,1,1,0,0,2,,,,
rgj,rgj,rgj,र्ग्ज,र्ग्ज्,3,1,1,0,0,2,,,,
rhl,rhl,rhl,र्ह्ल,र्ह्ल्,3,1,1,0,0,2,,,,
rkc,rkc,rkc,र्क्च,र्क्च्,3,1,1,0,0,2,,,,
rkp,rkp,rkp,र्क्प,र्क्प्,3,1,1,0,0,2,,,,
rksv,rksv,rksv,र्क्स्व,र्क्स्व्,4,1,1,0,0,2,,,,
rkth,rkT,rkth,र्क्थ,र्क्थ्,3,1,1,0,0,2,,,,
rkṣṇ,rkzR,rkSN,र्क्ष्ण,र्क्ष्ण्,4,1,1,0,0,2,,,,
rnv,rnv,rnv,र्न्व,र्न्व्,3,1,1,1,0,3,2,,,
rttr,rttr,rttr,र्त्त्र,र्त्त्र्,4,1,1,0,0,2,,,,
rśvy,rSvy,rzvy,र्श्व्य,र्श्व्य्,4,1,1,0,0,2,,,,
rḍy,rqy,rDy,र्ड्य,र्ड्य्,3,1,1,0,0,2,,,,
rṅkh,rNK,rGkh,र्ङ्ख,र्ङ्ख्,3,1,1,0,0,2,,,,
rṇṇ,rRR,rNN,र्ण्ण,र्ण्ण्,3,1,1,0,0,2,,,,
rṣṭh,rzW,rSTh,र्ष्ठ,र्ष्ठ्,3,1,1,0,0,2,,,,
snh,snh,snh,स्न्ह,स्न्ह्,3,1,1,0,0,2,,,,
ssy,ssy,ssy,स्स्य,स्स्य्,3,1,1,0,0,2,,,,
thny,Tny,thny,थ्न्य,थ्न्य्,3,1,1,0,0,2,,,,
tky,tky,tky,त्क्य,त्क्य्,3,1,1,0,0,2,,,,
tkṣv,tkzv,tkSv,त्क्ष्व,त्क्ष्व्,4,1,1,0,0,2,,,,
tsphy,tsPy,tsphy,त्स्फ्य,त्स्फ्य्,4,1,1,0,0,2,,,,
tspr,tspr,tspr,त्स्प्र,त्स्प्र्,4,1,1,0,0,2,,,,
ttn,ttn,ttn,त्त्न,त्त्न्,3,1,1,0,0,2,,,,
tts,tts,tts,त्त्स,त्त्स्,3,1,1,1,0,3,3,,,
vny,vny,vny,व्न्य,व्न्य्,3,1,1,1,0,3,1,,,
yn,yn,yn,य्न,य्न्,2,1,1,0,0,2,,,,
ñcm,Ycm,Jcm,ञ्च्म,ञ्च्म्,3,1,1,0,0,2,,,,
ḍgy,qgy,Dgy,ड्ग्य,ड्ग्य्,3,1,1,0,0,2,,,,
ḍh,Q,Dh,ढ,ढ्,1,1,1,1,0,3,42,,,
ḍjy,qjy,Djy,ड्ज्य,ड्ज्य्,3,1,1,0,0,2,,,,
ṅd,Nd,Gd,ङ्द,ङ्द्,2,1,1,1,0,3,1,,,
ṅktr,Nktr,Gktr,ङ्क्त्र,ङ्क्त्र्,4,1,1,0,0,2,,,,
ṅtr,Ntr,Gtr,ङ्त्र,ङ्त्र्,3,1,1,1,0,3,1,,,
ṅtv,Ntv,Gtv,ङ्त्व,ङ्त्व्,3,1,1,0,0,2,,,,
ṅvr,Nvr,Gvr,ङ्व्र,ङ्व्र्,3,1,1,0,0,2,,,,
ṅvy,Nvy,Gvy,ङ्व्य,ङ्व्य्,3,1,1,1,0,3,1,,,
ṇḍḍh,RqQ,NDDh,ण्ड्ढ,ण्ड्ढ्,3,1,1,0,0,2,,,,
ṭr,wr,Tr,ट्र,ट्र्,2,1,1,1,0,3,43,,,
ṭsn,wsn,Tsn,ट्स्न,ट्स्न्,3,1,1,0,0,2,,,,
ṭsp,wsp,Tsp,ट्स्प,ट्स्प्,3,1,1,0,0,2,,,,
