iast,file_order
rtsny,1
ktry,2
ktvy,3
kṣṇy,4
kṣmy,5
kstr,6
gdvy,7
gdhry,8
ṅkty,9
ṅktr,10
ṅktv,11
ṅkṣṇ,12
ṅkṣm,13
ṅkṣy,14
ṅkṣv,15
ṅgdhy,16
ṅgdhv,17
ṅghry,18
tkṣm,19
tkṣv,20
ttry,21
tstr,22
tsthy,23
tspr,24
tsphy,25
ddvy,26
nttv,27
ntry,28
ntvy,29
ntst,30
ntsth,31
ntsn,32
ntsp,33
ntsy,34
ntsr,35
ntsv,36
nddhy,37
nddhv,38
ndry,39
ndvy,40
ndhry,41
nstr,42
nsphy,43
ptry,44
psny,45
rkṣṇ,46
rkṣy,47
rksv,48
rṅgy,49
rjmy,50
rttr,51
rtny,52
rtry,53
rtvy,54
rtsn,55
rtsy,56
rddhy,57
rdry,58
rdvy,59
rdhny,60
rśvy,61
rṣṭy,62
rṣṇy,63
lgvy,64
ṣṭry,65
stry,66
sthny,67
kkr,68
kkl,69
kkv,70
kkṣ,71
kty,72
ktr,73
ktv,74
kthn,75
kthy,76
kny,77
kpr,78
kpl,79
kmy,80
kry,81
kly,82
kśm,83
kśr,84
kśl,85
kśv,86
kṣṇ,87
kṣm,88
kṣy,89
kṣr,90
kṣv,91
kst,92
ksth,93
ksn,94
ksp,95
ksph,96
ksm,97
ksy,98
ksr,99
ksv,100
ggr,101
gghy,102
gghr,103
gjñ,104
gjy,105
gjv,106
gdy,107
gdr,108
gdv,109
gdhy,110
gdhr,111
gdhv,112
gny,113
gbr,114
gbhy,115
gbhr,116
gmy,117
gry,118
grv,119
gvy,120
gvr,121
ghny,122
ghry,123
ghvy,124
ṅkt,125
ṅkth,126
ṅky,127
ṅkr,128
ṅkl,129
ṅkv,130
ṅkṣ,131
ṅks,132
ṅkhy,133
ṅgdh,134
ṅgy,135
ṅgr,136
ṅgv,137
ṅghn,138
ṅghy,139
ṅghr,140
ṅtr,141
ṅtv,142
ṅdhy,143
ṅny,144
ṅnr,145
ṅpr,146
ṅvy,147
ṅvr,148
ṅsv,149
ccy,150
cchm,151
cchy,152
cchr,153
cchl,154
cchv,155
cñy,156
jjñ,157
jjy,158
jjv,159
jjhy,160
jñy,161
jñv,162
jmy,163
jry,164
jvy,165
ñcm,166
ñcy,167
ñcv,168
ñchn,169
ñchy,170
ñchr,171
ñchl,172
ñchv,173
ñjñ,174
ñjm,175
ñjy,176
ñjv,177
ñśm,178
ñśy,179
ñśr,180
ñśl,181
ñśv,182
ṭkr,183
ṭkṣ,184
ṭṭy,185
ṭtr,186
ṭtv,187
ṭpr,188
ṭśr,189
ṭśl,190
ṭst,191
ṭsth,192
ṭsn,193
ṭsp,194
ṭsv,195
ḍgy,196
ḍgr,197
ḍghr,198
ḍjñ,199
ḍjy,200
ḍḍhy,201
ḍḍhv,202
ḍdv,203
ḍbr,204
ḍbhy,205
ḍbhr,206
ḍvy,207
ṇṭy,208
ṇṭhy,209
ṇḍḍh,210
ṇḍy,211
ṇḍr,212
ṇḍv,213
ṇḍhy,214
ṇḍhr,215
ṇvy,216
tky,217
tkr,218
tkl,219
tkv,220
tkṣ,221
tkhy,222
ttn,223
ttm,224
tty,225
ttr,226
ttv,227
tts,228
tthy,229
tny,230
tnv,231
tpr,232
tpl,233
tmy,234
tyv,235
try,236
trv,237
tvy,238
tsk,239
tskh,240
tst,241
tsth,242
tsn,243
tsp,244
tsph,245
tsm,246
tsy,247
tsr,248
tsv,249
thny,250
thvy,251
dgr,252
dgl,253
dghn,254
dghr,255
ddy,256
ddr,257
ddv,258
ddhm,259
ddhy,260
ddhr,261
ddhv,262
dbr,263
dbhy,264
dbhr,265
dbhv,266
dmy,267
dry,268
drv,269
dvy,270
dvr,271
dhny,272
dhry,273
dhvy,274
dhvr,275
nkr,276
nkl,277
nkv,278
nkṣ,279
nkhy,280
ngr,281
ngl,282
nghn,283
nghr,284
ntt,285
ntth,286
ntm,287
nty,288
ntr,289
ntv,290
nts,291
nthy,292
nddh,293
ndm,294
ndy,295
ndr,296
ndv,297
ndhm,298
ndhy,299
ndhr,300
ndhv,301
nny,302
nnv,303
npr,304
npl,305
nps,306
nbr,307
nbhr,308
nmy,309
nmr,310
nml,311
nyv,312
nvy,313
nvr,314
nsk,315
nskh,316
nst,317
nsth,318
nsn,319
nsp,320
nsph,321
nsm,322
nsy,323
nsr,324
nsv,325
nhy,326
nhr,327
nhv,328
pkṣ,329
pty,330
ptr,331
ptv,332
pny,333
ppr,334
pry,335
pśy,336
psn,337
psy,338
psv,339
bgr,340
bjy,341
bdy,342
bdhy,343
bdhv,344
bbr,345
bbhy,346
bvy,347
bhry,348
bhrv,349
bhvy,350
mny,351
mpy,352
mpr,353
mpl,354
mps,355
mby,356
mbr,357
mbv,358
mbhy,359
mbhr,360
mmy,361
mmr,362
mml,363
mry,364
rkc,365
rkt,366
rkth,367
rkp,368
rky,369
rkṣ,370
rks,371
rkhy,372
rgg,373
rggh,374
rgj,375
rgbh,376
rgy,377
rgr,378
rgl,379
rgv,380
rghn,381
rghy,382
rghr,383
rṅkh,384
rṅg,385
rcch,386
rcy,387
rjñ,388
rjm,389
rjy,390
rjv,391
rñj,392
rḍy,393
rḍhy,394
rṇṇ,395
rṇy,396
rṇv,397
rtt,398
rtn,399
rtm,400
rty,401
rtr,402
rtv,403
rts,404
rthy,405
rddh,406
rdm,407
rdy,408
rdr,409
rdv,410
rdhn,411
rdhm,412
rdhy,413
rdhr,414
rdhv,415
rny,416
rnv,417
rpy,418
rbr,419
rbhy,420
rbhr,421
rbhv,422
rmy,423
rmr,424
rml,425
ryy,426
rvy,427
rvr,428
rvl,429
rśm,430
rśy,431
rśv,432
rṣṭ,433
rṣṭh,434
rṣṇ,435
rṣm,436
rṣy,437
rṣv,438
rsr,439
rsv,440
rhy,441
rhr,442
rhl,443
rhv,444
lky,445
lgv,446
lpy,447
lby,448
lbhy,449
lly,450
lvy,451
lhy,452
vny,453
ścy,454
śny,455
śmy,456
śry,457
śrv,458
śvy,459
ṣky,460
ṣkr,461
ṣkl,462
ṣkv,463
ṣkṣ,464
ṣṭy,465
ṣṭr,466
ṣṭv,467
ṣṭhy,468
ṣṭhv,469
ṣṇy,470
ṣṇv,471
ṣpy,472
ṣpr,473
ṣpl,474
ṣmy,475
skr,476
stm,477
sty,478
str,479
stv,480
sts,481
sthn,482
sthy,483
sny,484
spr,485
sphy,486
smy,487
sry,488
svy,489
ssy,490
ssv,491
hny,492
hmy,493
hvy,494
kk,495
kkh,496
kc,497
kch,498
kṇkt,499
kth,500
kn,501
kp,502
kph,503
km,504
ky,505
kr,506
kl,507
kv,508
kś,509
kṣ,510
ks,511
kh,512
nk,513
hy,514
khv,515
gg,516
ggh,517
gj,518
gḍ,519
gṇ,520
gd,521
gdh,522
gn,523
gb,524
gbh,525
gm,526
gy,527
gr,528
gl,529
gv,530
ghn,531
ghm,532
ghy,533
ghr,534
ghv,535
ṅk,536
ṅkh,537
ṅg,538
ṅgh,539
ṅṅ,540
ṅc,541
ṅj,542
ṅt,543
ṅd,544
ṅdh,545
ṅn,546
ṅp,547
ṅbh,548
ṅm,549
ṅy,550
ṅr,551
ṅv,552
ṅś,553
ṅs,554
ṅh,555
cc,556
cch,557
cñ,558
cm,559
cy,560
cr,561
cv,562
chy,563
jj,564
jjh,565
jñ,566
jm,567
jy,568
jr,569
jv,570
jh,571
jhñ,572
ch,573
ñj,574
ñjh,575
ñś,576
ṭk,577
ṭkh,578
ṭc,579
ṭch,580
ṭṭ,581
ṭṇ,582
ṭt,583
ṭp,584
ṭph,585
ṭm,586
ṭy,587
ṭv,588
ṭś,589
ṭṣ,590
ṭs,591
ṭhy,592
ḍg,593
ḍgh,594
ḍj,595
ḍḍ,596
ḍḍh,597
ḍd,598
ḍdh,599
ḍb,600
ḍbh,601
ḍm,602
ḍy,603
ḍr,604
ḍl,605
ḍv,606
ḍhy,607
ḍhr,608
ḍhv,609
ṇṭ,610
ṇṭh,611
ṇḍ,612
ṇḍh,613
ṇṇ,614
ṇn,615
ṇm,616
ṇy,617
ṇv,618
tk,619
tkh,620
tt,621
tth,622
tn,623
tp,624
tph,625
tm,626
ty,627
tr,628
tv,629
tṣ,630
ts,631
thn,632
thy,633
thr,634
thv,635
dg,636
dgh,637
dd,638
ddh,639
dn,640
db,641
dbh,642
dm,643
dy,644
dr,645
dv,646
dhn,647
dhm,648
dhy,649
dhr,650
dhv,651
nkn,652
khn,653
nn,654
pn,655
phn,656
bn,657
bhn,658
mn,659
yn,660
rn,661
vn,662
ṣn,663
snh,664
pk,665
pkh,666
pc,667
pch,668
pṭ,669
pṇ,670
pt,671
pp,672
pph,673
pm,674
py,675
pr,676
pl,677
pv,678
pś,679
ps,680
bg,681
bj,682
bd,683
bdh,684
bb,685
bbh,686
by,687
br,688
bl,689
bv,690
bhṇ,691
bhm,692
bhy,693
bhr,694
bhl,695
bhv,696
mṇ,697
mp,698
mph,699
mb,700
mbh,701
mm,702
my,703
mr,704
ml,705
mv,706
yy,707
yv,708
rk,709
hr,710
gh,711
rc,712
rch,713
rj,714
ṭr,715
ḍh,716
rṇ,717
rt,718
rth,719
rd,720
rdh,721
rp,722
rph,723
rb,724
rbh,725
rm,726
ry,727
rl,728
rv,729
rś,730
rṣ,731
rs,732
rh,733
lk,734
lg,735
ld,736
lp,737
lph,738
lb,739
lbh,740
lm,741
ly,742
ll,743
lv,744
lś,745
lh,746
vṇ,747
vy,748
vr,749
vl,750
śc,751
śch,752
śn,753
śp,754
śm,755
śy,756
śr,757
śl,758
śv,759
śś,760
ṣk,761
ṣkh,762
ṣṭ,763
ṣṭh,764
ṣṇ,765
ṣp,766
ṣph,767
ṣm,768
ṣy,769
ṣr,770
ṣv,771
ṣṣ,772
sk,773
skh,774
st,775
sth,776
sn,777
sp,778
sph,779
sm,780
sy,781
sr,782
sv,783
ss,784
hṇ,785
hn,786
hm,787
hl,788
hv,789
