iast,devanagari,group_n_consonants
rtsny,र्त्स्न्य्,5
ktry,क्त्र्य्,4
ktvy,क्त्व्य्,4
kṣṇy,क्ष्ण्य्,4
kṣmy,क्ष्म्य्,4
kstr,क्स्त्र्,4
gdvy,ग्द्व्य्,4
gdhry,ग्ध्र्य्,4
ṅkty,ङ्क्त्य्,4
ṅktr,ङ्क्त्र्,4
ṅktv,ङ्क्त्व्,4
ṅkṣṇ,ङ्क्ष्ण्,4
ṅkṣm,ङ्क्ष्म्,4
ṅkṣy,ङ्क्ष्य्,4
ṅkṣv,ङ्क्ष्व्,4
ṅgdhy,ङ्ग्ध्य्,4
ṅgdhv,ङ्ग्ध्व्,4
ṅghry,ङ्घ्र्य्,4
tkṣm,त्क्ष्म्,4
tkṣv,त्क्ष्व्,4
ttry,त्त्र्य्,4
tstr,त्स्त्र्,4
tsthy,त्स्थ्य्,4
tspr,त्स्प्र्,4
tsphy,त्स्फ्य्,4
ddvy,द्द्व्य्,4
nttv,न्त्त्व्,4
ntry,न्त्र्य्,4
ntvy,न्त्व्य्,4
ntst,न्त्स्त्,4
ntsth,न्त्स्थ्,4
ntsn,न्त्स्न्,4
ntsp,न्त्स्प्,4
ntsy,न्त्स्य्,4
ntsr,न्त्स्र्,4
ntsv,न्त्स्व्,4
nddhy,न्द्ध्य्,4
nddhv,न्द्ध्व्,4
ndry,न्द्र्य्,4
ndvy,न्द्व्य्,4
ndhry,न्ध्र्य्,4
nstr,न्स्त्र्,4
nsphy,न्स्फ्य्,4
ptry,प्त्र्य्,4
psny,प्स्न्य्,4
rkṣṇ,र्क्ष्ण्,4
rkṣy,र्क्ष्य्,4
rksv,र्क्स्व्,4
rṅgy,र्ङ्ग्य्,4
rjmy,र्ज्म्य्,4
rttr,र्त्त्र्,4
rtny,र्त्न्य्,4
rtry,र्त्र्य्,4
rtvy,र्त्व्य्,4
rtsn,र्त्स्न्,4
rtsy,र्त्स्य्,4
rddhy,र्द्ध्य्,4
rdry,र्द्र्य्,4
rdvy,र्द्व्य्,4
rdhny,र्ध्न्य्,4
rśvy,र्श्व्य्,4
rṣṭy,र्ष्ट्य्,4
rṣṇy,र्ष्ण्य्,4
lgvy,ल्ग्व्य्,4
ṣṭry,ष्ट्र्य्,4
stry,स्त्र्य्,4
sthny,स्थ्न्य्,4
kkr,क्क्र्,3
kkl,क्क्ल्,3
kkv,क्क्व्,3
kkṣ,क्क्ष्,3
kty,क्त्य्,3
ktr,क्त्र्,3
ktv,क्त्व्,3
kthn,क्थ्न्,3
kthy,क्थ्य्,3
kny,क्न्य्,3
kpr,क्प्र्,3
kpl,क्प्ल्,3
kmy,क्म्य्,3
kry,क्र्य्,3
kly,क्ल्य्,3
kśm,क्श्म्,3
kśr,क्श्र्,3
kśl,क्श्ल्,3
kśv,क्श्व्,3
kṣṇ,क्ष्ण्,3
kṣm,क्ष्म्,3
kṣy,क्ष्य्,3
kṣr,क्ष्र्,3
kṣv,क्ष्व्,3
kst,क्स्त्,3
ksth,क्स्थ्,3
ksn,क्स्न्,3
ksp,क्स्प्,3
ksph,क्स्फ्,3
ksm,क्स्म्,3
ksy,क्स्य्,3
ksr,क्स्र्,3
ksv,क्स्व्,3
ggr,ग्ग्र्,3
gghy,ग्घ्य्,3
gghr,ग्घ्र्,3
gjñ,ग्ज्ञ्,3
gjy,ग्ज्य्,3
gjv,ग्ज्व्,3
gdy,ग्द्य्,3
gdr,ग्द्र्,3
gdv,ग्द्व्,3
gdhy,ग्ध्य्,3
gdhr,ग्ध्र्,3
gdhv,ग्ध्व्,3
gny,ग्न्य्,3
gbr,ग्ब्र्,3
gbhy,ग्भ्य्,3
gbhr,ग्भ्र्,3
gmy,ग्म्य्,3
gry,ग्र्य्,3
grv,ग्र्व्,3
gvy,ग्व्य्,3
gvr,ग्व्र्,3
ghny,घ्न्य्,3
ghry,घ्र्य्,3
ghvy,घ्व्य्,3
ṅkt,ङ्क्त्,3
ṅkth,ङ्क्थ्,3
ṅky,ङ्क्य्,3
ṅkr,ङ्क्र्,3
ṅkl,ङ्क्ल्,3
ṅkv,ङ्क्व्,3
ṅkṣ,ङ्क्ष्,3
ṅks,ङ्क्स्,3
ṅkhy,ङ्ख्य्,3
ṅgdh,ङ्ग्ध्,3
ṅgy,ङ्ग्य्,3
ṅgr,ङ्ग्र्,3
ṅgv,ङ्ग्व्,3
ṅghn,ङ्घ्न्,3
ṅghy,ङ्घ्य्,3
ṅghr,ङ्घ्र्,3
ṅtr,ङ्त्र्,3
ṅtv,ङ्त्व्,3
ṅdhy,ङ्ध्य्,3
ṅny,ङ्न्य्,3
ṅnr,ङ्न्र्,3
ṅpr,ङ्प्र्,3
ṅvy,ङ्व्य्,3
ṅvr,ङ्व्र्,3
ṅsv,ङ्स्व्,3
ccy,च्च्य्,3
cchm,च्छ्म्,3
cchy,च्छ्य्,3
cchr,च्छ्र्,3
cchl,च्छ्ल्,3
cchv,च्छ्व्,3
cñy,च्ञ्य्,3
jjñ,ज्ज्ञ्,3
jjy,ज्ज्य्,3
jjv,ज्ज्व्,3
jjhy,ज्झ्य्,3
jñy,ज्ञ्य्,3
jñv,ज्ञ्व्,3
jmy,ज्म्य्,3
jry,ज्र्य्,3
jvy,ज्व्य्,3
ñcm,ञ्च्म्,3
ñcy,ञ्च्य्,3
ñcv,ञ्च्व्,3
ñchn,ञ्छ्न्,3
ñchy,ञ्छ्य्,3
ñchr,ञ्छ्र्,3
ñchl,ञ्छ्ल्,3
ñchv,ञ्छ्व्,3
ñjñ,ञ्ज्ञ्,3
ñjm,ञ्ज्म्,3
ñjy,ञ्ज्य्,3
ñjv,ञ्ज्व्,3
ñśm,ञ्श्म्,3
ñśy,ञ्श्य्,3
ñśr,ञ्श्र्,3
ñśl,ञ्श्ल्,3
ñśv,ञ्श्व्,3
ṭkr,ट्क्र्,3
ṭkṣ,ट्क्ष्,3
ṭṭy,ट्ट्य्,3
ṭtr,ट्त्र्,3
ṭtv,ट्त्व्,3
ṭpr,ट्प्र्,3
ṭśr,ट्श्र्,3
ṭśl,ट्श्ल्,3
ṭst,ट्स्त्,3
ṭsth,ट्स्थ्,3
ṭsn,ट्स्न्,3
ṭsp,ट्स्प्,3
ṭsv,ट्स्व्,3
ḍgy,ड्ग्य्,3
ḍgr,ड्ग्र्,3
ḍghr,ड्घ्र्,3
ḍjñ,ड्ज्ञ्,3
ḍjy,ड्ज्य्,3
ḍḍhy,ड्ढ्य्,3
ḍḍhv,ड्ढ्व्,3
ḍdv,ड्द्व्,3
ḍbr,ड्ब्र्,3
ḍbhy,ड्भ्य्,3
ḍbhr,ड्भ्र्,3
ḍvy,ड्व्य्,3
ṇṭy,ण्ट्य्,3
ṇṭhy,ण्ठ्य्,3
ṇḍḍh,ण्ड्ढ्,3
ṇḍy,ण्ड्य्,3
ṇḍr,ण्ड्र्,3
ṇḍv,ण्ड्व्,3
ṇḍhy,ण्ढ्य्,3
ṇḍhr,ण्ढ्र्,3
ṇvy,ण्व्य्,3
tky,त्क्य्,3
tkr,त्क्र्,3
tkl,त्क्ल्,3
tkv,त्क्व्,3
tkṣ,त्क्ष्,3
tkhy,त्ख्य्,3
ttn,त्त्न्,3
ttm,त्त्म्,3
tty,त्त्य्,3
ttr,त्त्र्,3
ttv,त्त्व्,3
tts,त्त्स्,3
tthy,त्थ्य्,3
tny,त्न्य्,3
tnv,त्न्व्,3
tpr,त्प्र्,3
tpl,त्प्ल्,3
tmy,त्म्य्,3
tyv,त्य्व्,3
try,त्र्य्,3
trv,त्र्व्,3
tvy,त्व्य्,3
tskh,त्स्क्,3
tst,त्स्त्,3
tsth,त्स्थ्,3
tsn,त्स्न्,3
tsp,त्स्प्,3
tsph,त्स्फ्,3
tsm,त्स्म्,3
tsy,त्स्य्,3
tsr,त्स्र्,3
tsv,त्स्व्,3
thny,थ्न्य्,3
thvy,थ्व्य्,3
dgr,द्ग्र्,3
dgl,द्ग्ल्,3
dghn,द्घ्न्,3
dghr,द्घ्र्,3
ddy,द्द्य्,3
ddr,द्द्र्,3
ddv,द्द्व्,3
ddhm,द्ध्म्,3
ddhy,द्ध्य्,3
ddhr,द्ध्र्,3
ddhv,द्ध्व्,3
dbr,द्ब्र्,3
dbhy,द्भ्य्,3
dbhr,द्भ्र्,3
dbhv,द्भ्व्,3
dmy,द्म्य्,3
dry,द्र्य्,3
drv,द्र्व्,3
dvy,द्व्य्,3
dvr,द्व्र्,3
dhny,ध्न्य्,3
dhry,ध्र्य्,3
dhvy,ध्व्य्,3
dhvr,ध्व्र्,3
nkr,न्क्र्,3
nkl,न्क्ल्,3
nkv,न्क्व्,3
nkṣ,न्क्ष्,3
nkhy,न्ख्य्,3
ngr,न्ग्र्,3
ngl,न्ग्ल्,3
nghn,न्घ्न्,3
nghr,न्घ्र्,3
ntt,न्त्त्,3
ntth,न्त्थ्,3
ntm,न्त्म्,3
nty,न्त्य्,3
ntr,न्त्र्,3
ntv,न्त्व्,3
nts,न्त्स्,3
nthy,न्थ्य्,3
nddh,न्द्ध्,3
ndm,न्द्म्,3
ndy,न्द्य्,3
ndr,न्द्र्,3
ndv,न्द्व्,3
ndhm,न्ध्म्,3
ndhy,न्ध्य्,3
ndhr,न्ध्र्,3
ndhv,न्ध्व्,3
nny,न्न्य्,3
nnv,न्न्व्,3
npr,न्प्र्,3
npl,न्प्ल्,3
nps,न्प्स्,3
nbr,न्ब्र्,3
nbhr,न्भ्र्,3
nmy,न्म्य्,3
nmr,न्म्र्,3
nml,न्म्ल्,3
nyv,न्य्व्,3
nvy,न्व्य्,3
nvr,न्व्र्,3
nsk,न्स्क्,3
nskh,न्स्ख्,3
nst,न्स्त्,3
nsth,न्स्थ्,3
nsn,न्स्न्,3
nsp,न्स्प्,3
nsph,न्स्फ्,3
nsm,न्स्म्,3
nsy,न्स्य्,3
nsr,न्स्र्,3
nsv,न्स्व्,3
nhy,न्ह्य्,3
nhr,न्ह्र्,3
nhv,न्ह्व्,3
pkṣ,प्क्ष्,3
pty,प्त्य्,3
ptr,प्त्र्,3
ptv,प्त्व्,3
pny,प्न्य्,3
ppr,प्प्र्,3
pry,प्र्य्,3
pśy,प्श्य्,3
psn,प्स्न्,3
psy,प्स्य्,3
psv,प्स्व्,3
bgr,ब्ग्र्,3
bjy,ब्ज्य्,3
bdy,ब्द्य्,3
bdhy,ब्ध्य्,3
bbr,ब्ध्व्,3
bbhy,ब्भ्य्,3
bvy,ब्व्य्,3
bhry,भ्र्य्,3
bhrv,भ्र्व्,3
bhvy,भ्व्य्,3
mny,म्न्य्,3
mpy,म्प्य्,3
mpr,म्प्र्,3
mpl,म्प्ल्,3
mps,म्प्स्,3
mby,म्ब्य्,3
mbr,म्ब्र्,3
mbv,म्ब्व्,3
mbhy,म्भ्य्,3
mbhr,म्भ्र्,3
mmy,म्म्य्,3
mmr,म्म्र्,3
mml,म्म्ल्,3
mry,म्र्य्,3
rkc,र्क्च्,3
rkt,र्क्त्,3
rkth,र्क्थ्,3
rkp,र्क्प्,3
rky,र्क्य्,3
rkṣ,र्क्ष्,3
rks,र्क्स्,3
rkhy,र्ख्य्,3
rgg,र्ग्ग्,3
rggh,र्ग्घ्,3
rgj,र्ग्ज्,3
rgbh,र्ग्भ्,3
rgy,र्ग्य्,3
rgr,र्ग्र्,3
rgl,र्ग्ल्,3
rgv,र्ग्व्,3
rghn,र्घ्न्,3
rghy,र्घ्य्,3
rghr,र्घ्र्,3
rṅkh,र्ङ्ख्,3
rṅg,र्ङ्ग्,3
rcch,र्च्छ्,3
rcy,र्च्य्,3
rjñ,र्ज्ञ्,3
rjm,र्ज्म्,3
rjy,र्ज्य्,3
rjv,र्ज्व्,3
rñj,र्ञ्ज्,3
rḍy,र्ड्य्,3
rḍhy,र्ढ्य्,3
rṇṇ,र्ण्ण्,3
rṇy,र्ण्य्,3
rṇv,र्ण्व्,3
rtt,र्त्त्,3
rtn,र्त्न्,3
rtm,र्त्म्,3
rty,र्त्य्,3
rtr,र्त्र्,3
rtv,र्त्व्,3
rts,र्त्स्,3
rthy,र्थ्य्,3
rddh,र्द्ध्,3
rdm,र्द्म्,3
rdy,र्द्य्,3
rdr,र्द्र्,3
rdv,र्द्व्,3
rdhn,र्ध्न्,3
rdhm,र्ध्म्,3
rdhy,र्ध्य्,3
rdhr,र्ध्र्,3
rdhv,र्ध्व्,3
rny,र्न्य्,3
rnv,र्न्व्,3
rpy,र्प्य्,3
rbr,र्ब्र्,3
rbhy,र्भ्य्,3
rbhr,र्भ्र्,3
rbhv,र्भ्व्,3
rmy,र्म्य्,3
rmr,र्म्र्,3
rml,र्म्ल्,3
ryy,र्य्य्,3
rvy,र्व्य्,3
rvr,र्व्र्,3
rvl,र्व्ल्,3
rśm,र्श्म्,3
rśy,र्श्य्,3
rśv,र्श्व्,3
rṣṭ,र्ष्ट्,3
rṣṭh,र्ष्ठ्,3
rṣṇ,र्ष्ण्,3
rṣm,र्ष्म्,3
rṣy,र्ष्य्,3
rṣv,र्ष्व्,3
rsr,र्स्र्,3
rsv,र्स्व्,3
rhy,र्ह्य्,3
rhr,र्ह्र्,3
rhl,र्ह्ल्,3
rhv,र्ह्व्,3
lky,ल्क्य्,3
lgv,ल्ग्व्,3
lpy,ल्प्य्,3
lby,ल्ब्य्,3
lbhy,ल्भ्य्,3
lly,ल्ल्य्,3
lvy,ल्व्य्,3
lhy,ल्ह्य्,3
vny,व्न्य्,3
ścy,श्च्य्,3
śny,श्न्य्,3
śmy,श्म्य्,3
śry,श्र्य्,3
śrv,श्र्व्,3
śvy,श्व्य्,3
ṣky,ष्क्य्,3
ṣkr,ष्क्र्,3
ṣkl,ष्क्ल्,3
ṣkv,ष्क्व्,3
ṣkṣ,ष्क्ष्,3
ṣṭy,ष्ट्य्,3
ṣṭr,ष्ट्र्,3
ṣṭv,ष्ट्व्,3
ṣṭhy,ष्ठ्य्,3
ṣṭhv,ष्ठ्व्,3
ṣṇy,ष्ण्य्,3
ṣṇv,ष्ण्व्,3
ṣpy,ष्प्य्,3
ṣpr,ष्प्र्,3
ṣpl,ष्प्ल्,3
ṣmy,ष्म्य्,3
skr,स्क्र्,3
stm,स्त्म्,3
sty,स्त्य्,3
str,स्त्र्,3
stv,स्त्व्,3
sts,स्त्स्,3
sthn,स्थ्न्,3
sthy,स्थ्य्,3
sny,स्न्य्,3
spr,स्प्र्,3
sphy,स्फ्य्,3
smy,स्म्य्,3
sry,स्र्य्,3
svy,स्व्य्,3
ssy,स्स्य्,3
ssv,स्स्व्,3
hny,ह्न्य्,3
hmy,ह्म्य्,3
hvy,ह्व्य्,3
kk,क्क्,2
kkh,क्ख्,2
kc,क्च्,2
kch,क्छ्,2
kṇkt,क्ण्क्त्,2
kth,क्थ्,2
kn,क्न्,2
kp,क्प्,2
kph,क्फ्,2
km,क्म्,2
ky,क्य्,2
kr,क्र्,2
kl,क्ल्,2
kv,क्व्,2
kś,क्श्,2
kṣ,क्ष्,2
ks,क्स्,2
khkh,ख्ख्,2
khn,ख्न्,2
khy,ख्य्,2
khv,ख्व्,2
nk,न्क्,2
hy,ह्य्,2
gg,ग्ग्,2
ggh,ग्घ्,2
gj,ग्ज्,2
gḍ,ग्ड्,2
gṇ,ग्ण्,2
gd,ग्द्,2
gdh,ग्ध्,2
gn,ग्न्,2
gb,ग्ब्,2
gbh,ग्भ्,2
gm,ग्म्,2
gy,ग्य्,2
gr,ग्र्,2
gl,ग्ल्,2
gv,ग्व्,2
ghn,घ्न्,2
ghm,घ्म्,2
ghy,घ्य्,2
ghr,घ्र्,2
ghv,घ्व्,2
ṅk,ङ्क्,2
ṅkh,ङ्ख्,2
ṅg,ङ्ग्,2
ṅgh,ङ्घ्,2
ṅṅ,ङ्ङ्,2
ṅc,ङ्च्,2
ṅj,ङ्ज्,2
ṅt,ङ्त्,2
ṅd,ङ्द्,2
ṅdh,ङ्ध्,2
ṅn,ङ्न्,2
ṅp,ङ्प्,2
ṅbh,ङ्भ्,2
ṅm,ङ्म्,2
ṅy,ङ्य्,2
ṅr,ङ्र्,2
ṅv,ङ्व्,2
ṅś,ङ्श्,2
ṅs,ङ्स्,2
ṅh,ङ्ह्,2
cc,च्च्,2
cch,च्छ्,2
cñ,च्ञ्,2
cm,च्म्,2
cy,च्य्,2
cr,च्र्,2
cv,च्व्,2
chy,छ्य्,2
jj,ज्ज्,2
jjh,ज्झ्,2
jñ,ज्ञ्,2
jm,ज्म्,2
jy,ज्य्,2
jr,ज्र्,2
jv,ज्व्,2
jh,झ्,2
jhñ,झ्ञ्,2
ch,छ्,2
ñj,ञ्ज्,2
ñjh,ञ्झ्,2
ñś,ञ्श्,2
ṭk,ट्क्,2
ṭkh,ट्ख्,2
ṭc,ट्च्,2
ṭch,ट्छ्,2
ṭṭ,ट्ट्,2
ṭṇ,ट्ण्,2
ṭt,ट्त्,2
ṭp,ट्प्,2
ṭph,ट्फ्,2
ṭm,ट्म्,2
ṭy,ट्य्,2
ṭv,ट्व्,2
ṭś,ट्श्,2
ṭṣ,ट्ष्,2
ṭs,ट्स्,2
ṭhy,ठ्य्,2
ḍg,ड्ग्,2
ḍgh,ड्घ्,2
ḍj,ड्ज्,2
ḍḍ,ड्ड्,2
ḍḍh,ड्ढ्,2
ḍd,ड्द्,2
ḍdh,ड्ध्,2
ḍb,ड्ब्,2
ḍbh,ड्भ्,2
ḍm,ड्म्,2
ḍy,ड्य्,2
ḍr,ड्र्,2
ḍl,ड्ल्,2
ḍv,ड्व्,2
ḍhy,ढ्य्,2
ḍhr,ढ्र्,2
ḍhv,ढ्व्,2
ṇṭ,ण्ट्,2
ṇṭh,ण्ठ्,2
ṇḍ,ण्ड्,2
ṇḍh,ण्ढ्,2
ṇṇ,ण्ण्,2
ṇn,ण्न्,2
ṇm,ण्म्,2
ṇy,ण्य्,2
ṇv,ण्व्,2
tk,त्क्,2
tkh,त्ख्,2
tt,त्त्,2
tth,त्थ्,2
tn,त्न्,2
tp,त्प्,2
tph,त्फ्,2
tm,त्म्,2
ty,त्य्,2
tr,त्र्,2
tv,त्व्,2
tṣ,त्ष्,2
ts,त्स्,2
thn,थ्न्,2
thy,थ्य्,2
thr,थ्र्,2
thv,थ्व्,2
dg,द्ग्,2
dgh,द्घ्,2
dd,द्द्,2
ddh,द्ध्,2
dn,द्न्,2
db,द्ब्,2
dbh,द्भ्,2
dm,द्म्,2
dy,द्य्,2
dr,द्र्,2
dv,द्व्,2
dhn,ध्न्,2
dhm,ध्म्,2
dhy,ध्य्,2
dhr,ध्र्,2
dhv,ध्व्,2
nkn,न्क्न्,2
nn,न्न्,2
pn,प्न्,2
phn,फ्न्,2
bn,ब्न्,2
bhn,भ्न्,2
mn,म्न्,2
yn,य्न्,2
rn,र्न्,2
vn,व्न्,2
ṣn,ष्न्,2
snh,स्न्ह्,2
pk,प्क्,2
pkh,प्ख्,2
pc,प्च्,2
pch,प्छ्,2
pṭ,प्ट्,2
pṇ,प्ण्,2
pt,प्त्,2
pp,प्प्,2
pph,प्फ्,2
pm,प्म्,2
py,प्य्,2
pr,प्र्,2
pl,प्ल्,2
pv,प्व्,2
pś,प्श्,2
ps,प्स्,2
bg,ब्ग्,2
bj,ब्ज्,2
bd,ब्द्,2
bdh,ब्ध्,2
bb,ब्ब्,2
bbh,ब्भ्,2
by,ब्य्,2
br,ब्र्,2
bl,ब्ल्,2
bv,ब्व्,2
bhṇ,भ्ण्,2
bhm,भ्म्,2
bhy,भ्य्,2
bhr,भ्र्,2
bhl,भ्ल्,2
bhv,भ्व्,2
mṇ,म्ण्,2
mp,म्प्,2
mph,म्फ्,2
mb,म्ब्,2
mbh,म्भ्,2
mm,म्म्,2
my,म्य्,2
mr,म्र्,2
ml,म्ल्,2
mv,म्व्,2
yy,य्य्,2
yv,य्व्,2
rk,र्क्,2
hr,ह्र्,2
gh,घ्,2
rc,र्च्,2
rch,र्छ्,2
rj,र्ज्,2
ṭr,ट्र्,2
ḍh,ढ्,2
rṇ,र्ण्,2
rt,र्त्,2
rth,र्थ्,2
rd,र्द्,2
rdh,र्ध्,2
rp,र्प्,2
rph,र्फ्,2
rb,र्ब्,2
rbh,र्भ्,2
rm,र्म्,2
ry,र्य्,2
rl,र्ल्,2
rv,र्व्,2
rś,र्श्,2
rṣ,र्ष्,2
rs,र्स्,2
rh,र्ह्,2
lk,ल्क्,2
lg,ल्ग्,2
ld,ल्द्,2
lp,ल्प्,2
lph,ल्फ्,2
lb,ल्ब्,2
lbh,ल्भ्,2
lm,ल्म्,2
ly,ल्य्,2
ll,ल्ल्,2
lv,ल्व्,2
lś,ल्श्,2
lh,ल्ह्,2
vṇ,व्ण्,2
vy,व्य्,2
vr,व्र्,2
vl,व्ल्,2
śc,श्च्,2
śch,श्छ्,2
śn,श्न्,2
śp,श्प्,2
śm,श्म्,2
śy,श्य्,2
śr,श्र्,2
śl,श्ल्,2
śv,श्व्,2
śś,श्श्,2
ṣk,ष्क्,2
ṣkh,ष्ख्,2
ṣṭ,ष्ट्,2
ṣṭh,ष्ठ्,2
ṣṇ,ष्ण्,2
ṣp,ष्प्,2
ṣph,ष्फ्,2
ṣm,ष्म्,2
ṣy,ष्य्,2
ṣr,ष्र्,2
ṣv,ष्व्,2
ṣṣ,ष्ष्,2
sk,स्क्,2
skh,स्ख्,2
st,स्त्,2
sth,स्थ्,2
sn,स्न्,2
sp,स्प्,2
sph,स्फ्,2
sm,स्म्,2
sy,स्य्,2
sr,स्र्,2
sv,स्व्,2
ss,स्स्,2
hṇ,ह्ण्,2
hn,ह्न्,2
hm,ह्म्,2
hl,ह्ल्,2
hv,ह्व्,2
