ToḍalT, 1: 1;1 1;śrīdevy uvāca |;
ToḍalT, 1: 1;1 2;brūhi me jagatāṁ nātha sarvavidyāmaya prabho |;
ToḍalT, 1: 1;1 3;mahāvidyāsu sarvāsu pūjyāsu bhuvanatraye ||;
ToḍalT, 1: 1;2 1;etāsāṁ dakṣiṇe bhāge nānārūpaṁ pinākadhṛk |;
ToḍalT, 1: 1;2 2;pṛthak pṛthak mahādeva kathayasva mayi prabho ||;
ToḍalT, 1: 1;3 1;śrīśiva uvāca |;
ToḍalT, 1: 1;3 2;śṛṇu cārvaṅgi subhage kālikāyāśca bhairavam |;
ToḍalT, 1: 1;3 3;mahākālaṁ dakṣiṇāyā dakṣabhāge prapūjayet ||;
ToḍalT, 1: 1;4 1;mahākālena vai sārdhaṁ dakṣiṇā ramate sadā |;
ToḍalT, 1: 1;4 2;tārāyā dakṣiṇe bhāge akṣobhyaṁ paripūjayet ||;
ToḍalT, 1: 1;5 1;samudramathane devi kālakūṭaṁ samutthitam |;
ToḍalT, 1: 1;5 2;sarve devāḥ sadārāśca mahākṣobham avāpnuyuḥ ||;
ToḍalT, 1: 1;6 1;kṣobhādirahitaṁ yasmāt pītaṁ hālāhalaṁ viṣam |;
ToḍalT, 1: 1;6 2;ata eva maheśāni akṣobhyaḥ parikīrtitaḥ ||;
ToḍalT, 1: 1;7 1;tena sārdhaṁ mahāmāyā tāriṇī ramate sadā |;
ToḍalT, 1: 1;7 2;mahātripurasundaryā dakṣiṇe pūjayecchivam ||;
ToḍalT, 1: 1;8 1;pañcavaktraṁ trinetraṁ ca prativaktre sureśvari |;
ToḍalT, 1: 1;8 2;tena sārdhaṁ mahādevī sadā kāmakutūhalā ||;
ToḍalT, 1: 1;9 1;ata eva maheśāni pañcamīti prakīrtitā |;
ToḍalT, 1: 1;9 2;śrīmadbhuvanasundaryā dakṣiṇe tryambakaṁ yajet ||;
ToḍalT, 1: 1;10 1;svarge martye ca pātāle yā cādyā bhuvaneśvarī |;
ToḍalT, 1: 1;10 2;etāsu ramate yena tryambakastena kathyate ||;
ToḍalT, 1: 1;11 1;saśaktiśca samākhyātaḥ sarvatantraprapūjitaḥ |;
ToḍalT, 1: 1;11 2;bhairavyā dakṣiṇe bhāge dakṣiṇāmūrtisaṁjñakam ||;
ToḍalT, 1: 1;12 1;pūjayet parayatnena pañcavaktraṁ tameva hi |;
ToḍalT, 1: 1;12 2;chinnamastādakṣiṇāṁśe kabandhaṁ pūjayecchivam ||;
ToḍalT, 1: 1;13 1;kabandhapūjanāddevi sarvasiddhīśvaro bhavet |;
ToḍalT, 1: 1;13 2;dhūmāvatī mahāvidyā vidhavārūpadhāriṇī ||;
ToḍalT, 1: 1;14 1;vagalāyā dakṣabhāge ekavaktraṁ prapūjayet |;
ToḍalT, 1: 1;14 2;mahārudreti vikhyātaṁ jagatsaṁhārakārakam ||;
ToḍalT, 1: 1;15 1;mātaṁgīdakṣiṇāṁśe ca mataṁgaṁ pūjayecchivam |;
ToḍalT, 1: 1;15 2;tameva dakṣiṇāmūrtiṁ jagadānandarūpakam ||;
ToḍalT, 1: 1;16 1;kamalāyā dakṣiṇāṁśe viṣṇurūpaṁ sadāśivam |;
ToḍalT, 1: 1;16 2;pūjayet parameśāni sa siddho nātra saṁśayaḥ ||;
ToḍalT, 1: 1;17 1;pūjayedannapūrṇāyā dakṣiṇe brahmarūpakam |;
ToḍalT, 1: 1;17 2;mahāmokṣapradaṁ devaṁ daśavaktraṁ maheśvaram ||;
ToḍalT, 1: 1;18 1;durgāyā dakṣiṇe deśe nāradaṁ paripūjayet |;
ToḍalT, 1: 1;18 2;nākāraḥ sṛṣṭikartā ca dakāraḥ pālakaḥ sadā ||;
ToḍalT, 1: 1;19 1;rephaḥ saṁhārarūpatvānnāradaḥ parikīrtitaḥ |;
ToḍalT, 1: 1;19 2;anyāsu sarvavidyāsu ṛṣir yaḥ parikīrtitaḥ ||;
ToḍalT, 1: 1;20 1;sa eva tasyā bhartā ca dakṣabhāge prapūjayet |;
ToḍalT, 1: 1;20 2;śrīdevī uvāca |;
ToḍalT, 1: 1;20 3;yā cādyā paramā vidyā dvitīyā bhairavī parā |;
ToḍalT, 1: 1;20 4;trailokyajananī nityā sā kathaṁ śavavāhanā ||;
ToḍalT, 1: 1;21 1;śrīśiva uvāca |;
ToḍalT, 1: 1;21 2;yā cādyā parameśāni svayaṁ kālasvarūpiṇī |;
ToḍalT, 1: 1;21 3;śrīśivasya hṛdambhoje sthitā saṁhārarūpiṇī ||;
ToḍalT, 1: 1;22 1;ata eva mahākālo jagatsaṁhārakārakaḥ |;
ToḍalT, 1: 1;22 2;saṁhārarūpiṇī kālī yadā vyaktasvarūpiṇī ||;
ToḍalT, 1: 1;23 1;tadaiva sahasā devi śavarūpaḥ sadāśivaḥ |;
ToḍalT, 1: 1;23 2;tatkṣaṇāc cañcalāpāṅgi sā devī śavavāhanā ||;
ToḍalT, 1: 1;24 1;śrīdevī uvāca |;
ToḍalT, 1: 1;24 2;śavarūpo mahādeva mṛtadehaḥ sadāśivaḥ |;
ToḍalT, 1: 1;24 3;mṛtadehaṁ mahādeva salilaṁ vā kathaṁ nahi ||;
ToḍalT, 1: 1;25 1;śrīśiva uvāca |;
ToḍalT, 1: 1;25 2;yasmin vyaktā mahākālī śaktihīnaḥ sadāśivaḥ |;
ToḍalT, 1: 1;25 3;śaktyā yukto yadā devi tadaiva śivarūpakaḥ |;
ToḍalT, 1: 1;25 4;śaktihīnaḥ śavaḥ sākṣāt puruṣatvaṁ na muñcati ||;
ToḍalT, 2: 2;1 1;śrīśiva uvāca |;
ToḍalT, 2: 2;1 2;śṛṇu devi pravakṣyāmi yogasāraṁ samāsataḥ |;
ToḍalT, 2: 2;1 3;ūrdhvamūlam adhaḥśākhaṁ vṛkṣākāraṁ kalevaram ||;
ToḍalT, 2: 2;2 1;brahmāṇḍe yāni tīrthāni tāni santi kalevare |;
ToḍalT, 2: 2;2 2;bṛhadbrahmāṇḍaṁ yadrūpaṁ tadrūpaṁ kṣudrarūpakam ||;
ToḍalT, 2: 2;3 1;brahmāṇḍe vartate tīrthaṁ sārdhakoṭitrayātmakam |;
ToḍalT, 2: 2;3 2;dvisaptatisahasrāṇi prakāśaṁ vīravandite ||;
ToḍalT, 2: 2;4 1;caturdaśaṁ tu tanmadhye tanmadhye tritayaṁ śubham |;
ToḍalT, 2: 2;4 2;tanmadhye parameśāni mahādhīrā ca muktidā ||;
ToḍalT, 2: 2;5 1;vāsukī yā mahāmāyā bhujagākārarūpiṇī |;
ToḍalT, 2: 2;5 2;sārdhatrivalayākārā pātālatalavāsinī ||;
ToḍalT, 2: 2;6 1;saptasvargaṁ pareśāni krameṇa śṛṇu sādaram |;
ToḍalT, 2: 2;6 2;bhūrlokaṁ ca bhuvarlokaṁ svarlokaṁ mahasaṁ tathā ||;
ToḍalT, 2: 2;7 1;janalokaṁ tapaścaiva satyalokaṁ varānane |;
ToḍalT, 2: 2;7 2;saptasvargamidaṁ bhadre pātālaṁ śṛṇu yatnataḥ ||;
ToḍalT, 2: 2;8 1;atalaṁ vitalaṁ caiva sutalaṁ ca talātalam |;
ToḍalT, 2: 2;8 2;mahātalaṁ ca pātālaṁ rasātalamataḥ param ||;
ToḍalT, 2: 2;9 1;rasātalācca satyāntaṁ mahādhīrā pratiṣṭhitā |;
ToḍalT, 2: 2;9 2;merumadhyasthitā nāḍī mahādhīrā ca muktidā ||;
ToḍalT, 2: 2;10 1;satyaloke mahāviṣṇuṁ śivaṁ brahmāṇḍasaṁjñakam |;
ToḍalT, 2: 2;10 2;tasya saṁdarśanārthāya vāsukī vyākulā sadā ||;
ToḍalT, 2: 2;11 1;svargaṣaṭkaṁ bhedayitvā utthitā vāsukī yadā |;
ToḍalT, 2: 2;11 2;sarvāḥ samudragāminya ūrdhvasrotā bhavanti hi ||;
ToḍalT, 2: 2;12 1;evaṁ krameṇa deveśi śarīre nāḍayaḥ sthitāḥ |;
ToḍalT, 2: 2;12 2;iḍā ca piṅgalā caiva suṣumṇā madhyavartinī ||;
ToḍalT, 2: 2;13 1;nāḍīdvayena deveśi samīraṁ pūrayed yadi |;
ToḍalT, 2: 2;13 2;tatastu prāṇamantreṇa kuṇḍalī ca kramaṁ caret ||;
ToḍalT, 2: 2;14 1;sahasrāre mahāpadme nitye cāvyayapaṅkaje |;
ToḍalT, 2: 2;14 2;trāsayuktā kuṇḍalinī praviśennityamandiram ||;
ToḍalT, 2: 2;15 1;sarvāḥ pātālagāminya ūrdhvasrotā bhavanti hi |;
ToḍalT, 2: 2;15 2;etasmin samaye devi varṇamālāṁ vicintayet ||;
ToḍalT, 2: 2;16 1;aṣṭottaraśataṁ mūlamantraṁ jñānena saṁjapet |;
ToḍalT, 2: 2;16 2;ānayettena mārgeṇa mūlādhāre punaḥ sudhīḥ ||;
ToḍalT, 2: 2;17 1;ṣaṭcakradevatāstatra saṁtarpyāmṛtadhārayā |;
ToḍalT, 2: 2;17 2;athānyat sampravakṣyāmi yonimudrāsanaṁ priye ||;
ToḍalT, 2: 2;18 1;upaviśyāsane mantrī prāṅmukho vāpyudaṅmukhaḥ |;
ToḍalT, 2: 2;18 2;jānudvayaṁ karābhyāṁ ca prakuryād dṛḍhabandhanam ||;
ToḍalT, 2: 2;19 1;ṛjukāyena deveśi ājānu nāsikāṁ nayet |;
ToḍalT, 2: 2;19 2;prāṇamantreṇa deveśi samīraṁ bahuyatnataḥ ||;
ToḍalT, 2: 2;20 1;pūrayet parameśāni kiṁcid vāyuṁ na recayet |;
ToḍalT, 2: 2;20 2;ṛjukāyaṁ pareśāni viparītaṁ prayatnataḥ ||;
ToḍalT, 2: 2;21 1;pūrvoktenaiva vidhinā aṣṭottaraśataṁ japet |;
ToḍalT, 2: 2;21 2;ṣaṭcakradevatāstatra saṁtarpyāmṛtadhārayā ||;
ToḍalT, 2: 2;22 1;ānayettena mārgeṇa mūlādhāre varānane |;
ToḍalT, 2: 2;22 2;aśeṣarogaśamanaṁ yonimudrāsanaṁ priye ||;
ToḍalT, 2: 2;23 1;bahu kiṁ kathyate devi mahāvyādhivināśanam |;
ToḍalT, 2: 2;23 2;bahu kiṁ kathyate devi mantracaitanyakāraṇam ||;
ToḍalT, 2: 2;24 1;ātmasākṣātkarī mudrā mahāmokṣapradāyinī |;
ToḍalT, 2: 2;24 2;śatavaktraṁ yadi bhavet tadā vaktuṁ na śakyate ||;
ToḍalT, 2: 2;25 1;pañcavaktreṇa deveśi kiṁ mayā kathyate.dhunā |;
ToḍalT, 2: 2;25 2;kuṣṭharogaviśiṣṭo.pi sa bhavet kāmarūpakaḥ ||;
ToḍalT, 3: 3;1 1;śrīdevī uvāca |;
ToḍalT, 3: 3;1 2;devadeva mahādeva saṁsārārṇavatāraka |;
ToḍalT, 3: 3;1 3;baddhayoniṁ mahāmudrāṁ kathayasva dayānidhe ||;
ToḍalT, 3: 3;2 1;śrīśiva uvāca |;
ToḍalT, 3: 3;2 2;śṛṇu devi pravakṣyāmi baddhayoniṁ samāsataḥ |;
ToḍalT, 3: 3;2 3;upaviśyāsane mantrī prāṅmukho vāpyudaṅmukhaḥ ||;
ToḍalT, 3: 3;3 1;gudacchidre maheśāni svaliṅgāgraṁ niveśayet |;
ToḍalT, 3: 3;3 2;śrotre caiva tathā netre nāsāyāṁ ca tato mukhe ||;
ToḍalT, 3: 3;4 1;aṅguṣṭhādi maheśāni krameṇa yojayet sudhīḥ |;
ToḍalT, 3: 3;4 2;nāsikāyāṁ mukhe caiva samīraṁ bahuyatnataḥ ||;
ToḍalT, 3: 3;5 1;pūrayet parameśāni kiṁcid api na recayet |;
ToḍalT, 3: 3;5 2;śabdapratyakṣatāṁ kṛtvā varṇamālāṁ vicintayet ||;
ToḍalT, 3: 3;6 1;aṣṭottaraśataṁ mūlamantraṁ tu prajapet sudhīḥ |;
ToḍalT, 3: 3;6 2;so .haṁmantreṇa deveśi ānayettena vartmanā ||;
ToḍalT, 3: 3;7 1;ṣaṭcakradevatāstatra saṁtarpyāmṛtadhārayā |;
ToḍalT, 3: 3;7 2;kṛte phalaṁ maheśāni kathayiṣyāmi te .naghe ||;
ToḍalT, 3: 3;8 1;śrīpārvatī uvāca |;
ToḍalT, 3: 3;8 2;vada īśāna sarvajña sarvatattvavidāṁ vara |;
ToḍalT, 3: 3;8 3;mantramārgeṇa deveśa kālikāyāḥ sudurlabham ||;
ToḍalT, 3: 3;9 1;śrīśiva uvāca |;
ToḍalT, 3: 3;9 2;śṛṇu devi sadānande kālikāmantramuttamam |;
ToḍalT, 3: 3;9 3;yasyāḥ prasaṅgamātreṇa jīvanmukto bhavennaraḥ ||;
ToḍalT, 3: 3;10 1;śivādyaṁ bindunādāḍhyaṁ vāmanetrāgnisaṁyutam |;
ToḍalT, 3: 3;10 2;siddhavidyā tv iyaṁ bhadre vidyārājñī sudurlabhā ||;
ToḍalT, 3: 3;11 1;idaṁ bījatrayaṁ cādyaṁ gaganaṁ bindubhūṣitam |;
ToḍalT, 3: 3;11 2;vāmaśravaṇasaṁyuktaṁ dvaṁdvaṁ cāparakaṁ śṛṇu ||;
ToḍalT, 3: 3;12 1;īśānaṁ vahnisaṁyuktaṁ vāmanetrendusaṁyutam |;
ToḍalT, 3: 3;12 2;dvitīyaṁ parameśāni sambodhanapadaṁ tataḥ ||;
ToḍalT, 3: 3;13 1;punar bījatrayaṁ kūrcaṁ māyādvaṁdvaṁ ca ṭhadvayam |;
ToḍalT, 3: 3;13 2;dvāviṁśatyakṣaraṁ mantraṁ vidyārājñī sudurlabhā ||;
ToḍalT, 3: 3;14 1;vāgbhavādyā mahāvidyā śrīkālī devatā smṛtā |;
ToḍalT, 3: 3;14 2;praṇavādyā mahāvidyā devatā siddhikālikā ||;
ToḍalT, 3: 3;15 1;nijabījadvayaṁ kūrcaṁ bījaikaṁ parameśvari |;
ToḍalT, 3: 3;15 2;tryakṣarī paramā vidyā cāmuṇḍā kālikā smṛtā ||;
ToḍalT, 3: 3;16 1;etasyāḥ sadṛśī vidyā siddhidā nāsti sundari |;
ToḍalT, 3: 3;16 2;yathā ṣaḍakṣarī vidyā tathā vidyā ca tryakṣarī ||;
ToḍalT, 3: 3;17 1;nijabījatrayaṁ bhadre śmaśānakālikā tataḥ |;
ToḍalT, 3: 3;17 2;punar bījatrayaṁ bhadre vahnikāntāṁ samuccaret ||;
ToḍalT, 3: 3;18 1;caturdaśākṣarī vidyā triṣu lokeṣu pūjitā |;
ToḍalT, 3: 3;18 2;dakṣiṇākālikā siddhakālikā guhyakālikā ||;
ToḍalT, 3: 3;19 1;śrīkālikā bhadrakālī cāmuṇḍākālikā parā |;
ToḍalT, 3: 3;19 2;śmaśānakālikā devi mahākālīti cāṣṭadhā ||;
ToḍalT, 3: 3;20 1;nijabījaṁ maheśāni sambodhanapadaṁ tataḥ |;
ToḍalT, 3: 3;20 2;punaśca kālikābījaṁ tato vahnivadhūṁ nyaset ||;
ToḍalT, 3: 3;21 1;iti cāṣṭavidhaṁ mantraṁ sarvatantreṣu gopitam |;
ToḍalT, 3: 3;21 2;śrīdevī uvāca |;
ToḍalT, 3: 3;21 3;śrutaṁ mahākālikāyā mantraṁ paramagopanam ||;
ToḍalT, 3: 3;22 1;tārāyā mantrarājaṁ tu śrotumicchāmi sāmpratam |;
ToḍalT, 3: 3;22 2;yasyāḥ prasaṅgamātreṇa bhavābdhau na nimajjati ||;
ToḍalT, 3: 3;23 1;tanmantraṁ vada īśāna yadi sneho.sti māṁ prati |;
ToḍalT, 3: 3;23 2;śrīśiva uvāca |;
ToḍalT, 3: 3;23 3;candrabījaṁ samuccārya ādyaṁ vahnisamāgatam ||;
ToḍalT, 3: 3;24 1;vāmanetrendusaṁyuktaṁ mantrarājamimaṁ priye |;
ToḍalT, 3: 3;24 2;ekākṣarī mahāvidyā triṣu lokeṣu pūjitā ||;
ToḍalT, 3: 3;25 1;īśānabindusaṁyuktaṁ vāmakarṇavibhūṣitam |;
ToḍalT, 3: 3;25 2;ekākṣarī mahāvidyā mantrarājadvitīyakam ||;
ToḍalT, 3: 3;26 1;śiraṁ bindusamārūḍhaṁ vāmanetrendusaṁyutam |;
ToḍalT, 3: 3;26 2;ādyabījaṁ dvitīyaṁ ca astramantraṁ samuccaret ||;
ToḍalT, 3: 3;27 1;praṇavādyā yadā vidyā sogratārā prakīrtitā |;
ToḍalT, 3: 3;27 2;vidyā caikajaṭā proktā mahāmokṣapradāyinī ||;
ToḍalT, 3: 3;28 1;tārāstrarahitā tryarṇā mahānīlasarasvatī |;
ToḍalT, 3: 3;28 2;vāgbhavādyā yadā vidyā vāgīśatvapradāyinī ||;
ToḍalT, 3: 3;29 1;śrībījādyā mahāvidyā sadā lakṣmīpradāyinī |;
ToḍalT, 3: 3;29 2;māyādyā paramā vidyā sadā siddhipradāyinī ||;
ToḍalT, 3: 3;30 1;kūrcabījādikā caiṣā śabdarāśiprakāśinī |;
ToḍalT, 3: 3;30 2;gaganādyā mahāvidyā nirvāṇamokṣadāyinī ||;
ToḍalT, 3: 3;31 1;prāsādādyā mahāvidyā śivasāyujyadāyinī |;
ToḍalT, 3: 3;31 2;prāṇabījādikā caiṣā vāñchāsiddhipradāyinī ||;
ToḍalT, 3: 3;32 1;kālikādyā mahāvidyā muktidā siddhidā sadā |;
ToḍalT, 3: 3;32 2;kālikāyāśca tārāyā ārādhanam ihocyate ||;
ToḍalT, 3: 3;33 1;prātarutthāya mantrajñaḥ sahasrāre guruṁ yajet |;
ToḍalT, 3: 3;33 2;ṣaṭcakraṁ bhedayitvā tu cāṣṭottaraśataṁ japet ||;
ToḍalT, 3: 3;34 1;tataḥ praṇamya vidhivat snānakarma samārabhet |;
ToḍalT, 3: 3;34 2;adyetyādi samuccārya sauramāsaṁ samuccaret ||;
ToḍalT, 3: 3;35 1;devatāprītaye paścāt snāpayecchuddhavāriṇā |;
ToḍalT, 3: 3;35 2;oṁkāraṁ ca samuccārya gaṅge ceti samuccaret ||;
ToḍalT, 3: 3;36 1;yamuneti tataḥ paścād godāvari sarasvati |;
ToḍalT, 3: 3;36 2;narmadeti samuccārya sindhukāverisaṁyutam ||;
ToḍalT, 3: 3;37 1;asmin jale ca saṁnidhiṁ kuru śabdamatho vadet |;
ToḍalT, 3: 3;37 2;ānayedaṅkuśākhyena ravisaṁyuktamaṇḍalāt ||;
ToḍalT, 3: 3;38 1;mudrācatuṣṭayaṁ devi darśayed bahuyatnataḥ |;
ToḍalT, 3: 3;38 2;rudrasaṁkhyaṁ japenmantramācchādya mīnamudrayā ||;
ToḍalT, 3: 3;39 1;sūryāyābhimukhaṁ toyaṁ niḥkṣipya ravisaṁkhyayā |;
ToḍalT, 3: 3;39 2;mūlamantraṁ samuccārya kṣālayeccaraṇadvayam ||;
ToḍalT, 3: 3;40 1;caraṇānniḥsṛte toye trir nimajya japenmanum |;
ToḍalT, 3: 3;40 2;mūlamantraṁ trir japtvā tu mudrayā kumbhasaṁjñayā ||;
ToḍalT, 3: 3;41 1;jalādutthāya deveśi tilakaṁ kulavartmataḥ |;
ToḍalT, 3: 3;41 2;ātmavidyāśivais tattvair ācāmet payasā tataḥ ||;
ToḍalT, 3: 3;42 1;vahnijāyānvitā mantrā vijñeyāḥ praṇavādikāḥ |;
ToḍalT, 3: 3;42 2;gaṅge cetyādinā devi tīrthamāvāhanaṁ caret ||;
ToḍalT, 3: 3;43 1;mūlena darbhayā bhūmau trivāraṁ nikṣipet sudhīḥ |;
ToḍalT, 3: 3;43 2;tajjalena saptavāram ātmābhiṣekamācaret ||;
ToḍalT, 3: 3;44 1;aṅganyāsaṁ tataḥ kṛtvā vāmahaste sureśvari |;
ToḍalT, 3: 3;44 2;gaganaṁ vāyubījaṁ ca varuṇaṁ bhūmibījakam ||;
ToḍalT, 3: 3;45 1;vahnibījaṁ binduyuktaṁ trivāraṁ japamācaret |;
ToḍalT, 3: 3;45 2;anena manunā devi tajjalaṁ cābhimantritam ||;
ToḍalT, 3: 3;46 1;mūlamantraṁ samuccārya saptadhā tattvamudrayā |;
ToḍalT, 3: 3;46 2;abhiṣecanamātreṇa mucyate sarvapātakaiḥ ||;
ToḍalT, 3: 3;47 1;śeṣaṁ jalaṁ maheśāni dakṣahaste samānayet |;
ToḍalT, 3: 3;47 2;iḍayā pūrayettoyaṁ kṣālayed dehamadhyagam ||;
ToḍalT, 3: 3;48 1;tataḥ piṅgalayā devi tattoyaṁ tu virecayet |;
ToḍalT, 3: 3;48 2;kṛṣṇavarṇaṁ tadudakaṁ pāparūpaṁ vicintayet ||;
ToḍalT, 3: 3;49 1;purato vajrapāṣāṇe phaṭkāreṇa vinikṣipet |;
ToḍalT, 3: 3;49 2;hastaṁ prakṣālya cācamya prāṇāyāmapuraḥsaram ||;
ToḍalT, 3: 3;50 1;tarpayet kuladevaṁ ca sūryāyārghyaṁ nivedayet |;
ToḍalT, 3: 3;50 2;devatārghyaṁ tataḥ paścād gāyatrīṁ paramākṣarīm ||;
ToḍalT, 3: 3;51 1;praṇavaṁ ca samuddhṛtya kālikāyai tato vadet |;
ToḍalT, 3: 3;51 2;vidmahe iti saṁlikhya śmaśānaṁ ca samuddharet ||;
ToḍalT, 3: 3;52 1;vāsinīṁ ṅeyutāṁ devi dhīmahīti tato vadet |;
ToḍalT, 3: 3;52 2;tanno ghore maheśāni prajapettu pracodayāt ||;
ToḍalT, 3: 3;53 1;gāyatrīṁ prapaṭhed dhīmān trivāraṁ jalamutkṣipet |;
ToḍalT, 3: 3;53 2;tato japenmahāmantraṁ gāyatrīṁ paramākṣarīm ||;
ToḍalT, 3: 3;54 1;aṅganyāsaṁ tataḥ kṛtvā ācamya parameśvari |;
ToḍalT, 3: 3;54 2;iṣṭadevīṁ maheśāni dhyātvā tu parimaṇḍale ||;
ToḍalT, 3: 3;55 1;oṁ tārāyai vidmahe iti mahogrāyai tato vadet |;
ToḍalT, 3: 3;55 2;dhīmahīti tataḥ paścāttato devi pracodayāt ||;
ToḍalT, 3: 3;56 1;prāṇāyāmaṁ tataḥ kṛtvā cāṣṭottaraśataṁ japet |;
ToḍalT, 3: 3;56 2;sūtrākāreṇa deveśi pūjāvidhirihocyate ||;
ToḍalT, 3: 3;57 1;svastivācanasaṁkalpaṁ ghaṭaṁ saṁsthāpya yatnataḥ |;
ToḍalT, 3: 3;57 2;mantreṇācamanaṁ kāryaṁ sāmānyārghyaṁ tato nyaset ||;
ToḍalT, 3: 3;58 1;tajjalair dvāram abhyukṣya dvārapūjāṁ samācaret |;
ToḍalT, 3: 3;58 2;trividhaṁ vighnam utsārya bhūtāpasaraṇaṁ tataḥ ||;
ToḍalT, 3: 3;59 1;āsanaṁ ca samabhyarcya gurudevaṁ namet sudhīḥ |;
ToḍalT, 3: 3;59 2;karaśuddhiṁ ca tālaṁ ca trayaṁ digbandhanaṁ tataḥ ||;
ToḍalT, 3: 3;60 1;vahninā veṣṭanaṁ kāryaṁ bhūtaśuddhim athācaret |;
ToḍalT, 3: 3;60 2;mātṛkāyāḥ ṣaḍaṅgaṁ ca kuryād āntaramātṛkām ||;
ToḍalT, 3: 3;61 1;mātṛkādhyānam uccārya bāhye tu mātṛkāṁ nyaset |;
ToḍalT, 3: 3;61 2;pīṭhanyāsaṁ tataḥ kṛtvā prāṇāyāmaṁ samācaret ||;
ToḍalT, 3: 3;62 1;ṛṣyādikaṁ karāṅgaṁ ca varṇanyāsaṁ samācaret |;
ToḍalT, 3: 3;62 2;ṣoḍhānyāsaṁ tato devi vyāpakaṁ tadanantaram ||;
ToḍalT, 3: 3;63 1;evaṁ samāhitamanās tattvanyāsaṁ samācaret |;
ToḍalT, 3: 3;63 2;bījanyāsaṁ tato devi vyāpakaṁ vinyaset sudhīḥ ||;
ToḍalT, 3: 3;64 1;mūlena saptadhā dhyānaṁ mānasaiḥ pūjanaṁ caret |;
ToḍalT, 3: 3;64 2;viśeṣārghyaṁ pīṭhapūjāṁ punardhyānaṁ sanetrakam ||;
ToḍalT, 3: 3;65 1;mudrādidarśanaṁ kāryam āvāhanaṣaḍaṅgakam |;
ToḍalT, 3: 3;65 2;dhenvādikaṁ tataḥ prāṇapratiṣṭhāṁ mūlapūjanam ||;
ToḍalT, 3: 3;66 1;ājñāprārthanamaṅgāni kālyādīn paripūjayet |;
ToḍalT, 3: 3;66 2;brāhmyādīnasitāṅgādīn mahākālaṁ prapūjayet ||;
ToḍalT, 3: 3;67 1;khaḍgādīn gurupaṅktiṁ ca punardevīṁ prapūjayet |;
ToḍalT, 3: 3;67 2;balidānaṁ tato homaṁ prāṇāyāmaṁ tato japam ||;
ToḍalT, 3: 3;68 1;japaṁ samarpayeddhīmān prāṇāyāmaṁ tataścaret |;
ToḍalT, 3: 3;68 2;etasmin samaye devi kāraṇādīn samāharet ||;
ToḍalT, 3: 3;69 1;arghyaṁ dattvā maheśāni cātmānaṁ ca samarpayet |;
ToḍalT, 3: 3;69 2;stutiṁ ca kavacaṁ smṛtvā cāṣṭāṅgaṁ praṇamet sudhīḥ ||;
ToḍalT, 3: 3;70 1;śivo.ham iti saṁcintya saṁhāreṇa visarjayet |;
ToḍalT, 3: 3;70 2;aiśānyāṁ maṇḍalaṁ kṛtvā cāṇḍālyucchiṣṭapūrvikām ||;
ToḍalT, 3: 3;71 1;arghyaṁ saṁdhārya śirasi candanaṁ tu lalāṭake |;
ToḍalT, 3: 3;71 2;naivedyaṁ kiṁcit svīkṛtya viharecca nijecchayā ||;
ToḍalT, 3: 3;72 1;saṁkṣepapūjāmathavā kuryānmantrī samāhitaḥ |;
ToḍalT, 3: 3;72 2;ādau ṛṣyādikaṁ nyāsaṁ karaśuddhistataḥ param ||;
ToḍalT, 3: 3;73 1;aṅgulīvyāpakanyāsau hṛdādinyāsa eva ca |;
ToḍalT, 3: 3;73 2;tālatrayaṁ ca digbandhaḥ prāṇāyāmastataḥ param ||;
ToḍalT, 3: 3;74 1;dhyānaṁ mānasayāgaṁ ca arghyasthāpanameva ca |;
ToḍalT, 3: 3;74 2;pīṭhapūjāṁ punardhyānaṁ tataścāvāhanaṁ caret ||;
ToḍalT, 3: 3;75 1;jīvanyāsaṁ tataḥ kṛtvā pūjayet paradevatām |;
ToḍalT, 3: 3;75 2;aṅgapūjāṁ ca kālyādīn brāhmyādīṁścāṣṭabhairavān ||;
ToḍalT, 3: 3;76 1;mahākālaṁ pūjayitvā gurupaṅktiṁ yajettataḥ |;
ToḍalT, 3: 3;76 2;khaḍgādīn pūjayitvā tu punardevīṁ prapūjayet ||;
ToḍalT, 3: 3;77 1;prāṇāyāmaṁ tataḥ kṛtvā pūjayet sādhakāgraṇīḥ |;
ToḍalT, 3: 3;77 2;devyā haste japaphalaṁ samarpaṇamathācaret ||;
ToḍalT, 3: 3;78 1;prāṇāyāmaṁ tataḥ kṛtvā cāṣṭāṅgaṁ praṇamet sudhīḥ |;
ToḍalT, 3: 3;78 2;stutiṁ ca kavacaṁ smṛtvā viśeṣārghyaṁ pradāpayet ||;
ToḍalT, 3: 3;79 1;ātmasamarpaṇaṁ kṛtvā saṁhāreṇa visarjayet |;
ToḍalT, 3: 3;79 2;aiśānyāṁ maṇḍalaṁ kṛtvā cāṇḍālyucchiṣṭapūrvikām |;
ToḍalT, 3: 3;79 3;naivedyaṁ kiṁcit svīkṛtya viharecca nijecchayā ||;
ToḍalT, 4: 4;1 1;devī uvāca |;
ToḍalT, 4: 4;1 2;śrutā pūjā kālikāyāstārāyā vada sāmpratam |;
ToḍalT, 4: 4;1 3;yasyāḥ prasaṅgamātreṇa vācaś cittāyate nṛṇām ||;
ToḍalT, 4: 4;2 1;īśvara uvāca |;
ToḍalT, 4: 4;2 2;śṛṇu cārvaṅgi subhage tārāyāḥ pūjanaṁ mahat |;
ToḍalT, 4: 4;2 3;mantreṇācamanaṁ kṛtvā gurudevaṁ namettataḥ ||;
ToḍalT, 4: 4;3 1;jalaṁ saṁśodhya hastau ca pādau ca kṣālayettataḥ |;
ToḍalT, 4: 4;3 2;mantreṇācamanaṁ kṛtvā tataḥ pīṭhaṁ vicintayet ||;
ToḍalT, 4: 4;4 1;śikhāṁ baddhvā tato devi trividhaṁ vighnanāśanam |;
ToḍalT, 4: 4;4 2;bhūmyāsanaṁ ca saṁśodhya vastre granthiṁ vidhāya ca ||;

ToḍalT, 4: 4;6 1;dvārapālāṁśca saṁpūjya pīṭhapūjāṁ samārabhet |;
ToḍalT, 4: 4;6 2;pīṭhaśaktīśca lakṣmyādyāstataḥ pīṭhamanuṁ japet ||;
ToḍalT, 4: 4;7 1;bhūtaśuddhiṁ pravakṣyāmi viśeṣamiha yadbhavet |;
ToḍalT, 4: 4;7 2;kūrcayuktena haṁsena pūrakeṇa sureśvari ||;
ToḍalT, 4: 4;8 1;kuṇḍalyā saha cātmānaṁ caturviṁśatibījakam |;
ToḍalT, 4: 4;8 2;tatra līnāni deveśi paramātmani sādhakaḥ ||;
ToḍalT, 4: 4;9 1;māyayā saṁdahet pāpaṁ puruṣaṁ kajjalaprabham |;
ToḍalT, 4: 4;9 2;kumbhakena varārohe bhasma kuryād vicakṣaṇaḥ ||;
ToḍalT, 4: 4;10 1;vadhūbījena deveśi bhasmanā saha recayet |;
ToḍalT, 4: 4;10 2;pūrakeṇa tu kūrcena lalāṭe.mṛtasaṁcayam ||;
ToḍalT, 4: 4;11 1;cintayet parameśāni kumbhakenāmṛtāmbudhim |;
ToḍalT, 4: 4;11 2;āṁ hrīṁ kroṁ vahnibījāntaṁ hṛdi caikādaśaṁ japet ||;
ToḍalT, 4: 4;12 1;tatastu cintayed dhīmān oṁkārād raktapaṅkajam |;
ToḍalT, 4: 4;12 2;tasyopari punardhyāyet huṁkāraṁ nīlasaṁnibham ||;
ToḍalT, 4: 4;13 1;tasyopari punar dhyāyed bījabhūṣitakartṛkām |;
ToḍalT, 4: 4;13 2;tasyopari paraṁ binduṁ śivarūpaṁ ca avyayam ||;
ToḍalT, 4: 4;14 1;vālukāyāḥ sahasraikabhāgaṁ binduṁ sudurlabham |;
ToḍalT, 4: 4;14 2;bindumadhye maṇidvīpaṁ śatayojanavistṛtam ||;
ToḍalT, 4: 4;15 1;bindumadhye paraṁ jyotirbudbudākāramaṇḍalam |;
ToḍalT, 4: 4;15 2;yathaiva budbude devi pratibimbaṁ prapaśyati ||;
ToḍalT, 4: 4;16 1;tathā nirīkṣaṇaṁ kāryaṁ prakuryājjñānacakṣuṣā |;
ToḍalT, 4: 4;16 2;maṇidvīpaṁ tu tanmadhye suvarṇavālukāmayam ||;
ToḍalT, 4: 4;17 1;parito bhāvayenmantrī parikhāto manoharam |;
ToḍalT, 4: 4;17 2;madhye kalpadrumaṁ dhyāyedātmānaṁ tāriṇīmayam ||;
ToḍalT, 4: 4;18 1;udyadādityasaṁkāśaṁ jyotirmaṇḍalamuttamam |;
ToḍalT, 4: 4;18 2;caturdvārasamāyuktaṁ hemaprākārabhūṣitam ||;
ToḍalT, 4: 4;19 1;bahucāmaraghaṇṭādidevakanyāsuśobhitam |;
ToḍalT, 4: 4;19 2;mandavāyusamāyuktaṁ gandhadhūpair alaṁkṛtam ||;
ToḍalT, 4: 4;20 1;tanmadhye vedikāṁ dhyāyennānāratnopaśobhitām |;
ToḍalT, 4: 4;20 2;suvarṇasūtraracitaṁ cintayecchattram uttamam ||;
ToḍalT, 4: 4;21 1;tadadhaścintayenmantrī ratnasiṁhāsanaṁ priye |;
ToḍalT, 4: 4;21 2;tatra devīṁ cintayecca yathoktadhyānayogataḥ ||;
ToḍalT, 4: 4;22 1;yogasāre yathoktaistu upacāraiḥ prapūjayet |;
ToḍalT, 4: 4;22 2;prāṇāyāmaṁ tataḥ kṛtvā ṛṣyādinyāsamācaret ||;
ToḍalT, 4: 4;23 1;varṇanyāsaṁ tataḥ kṛtvā karāṅganyāsamācaret |;
ToḍalT, 4: 4;23 2;tālatrayaṁ choṭikābhir daśadigbandhanaṁ caret ||;
ToḍalT, 4: 4;24 1;ṣoḍhānyāsaṁ tataḥ kṛtvā vyāpakaṁ tadanantaram |;
ToḍalT, 4: 4;24 2;viśeṣārghyaṁ ca saṁsthāpya pañcatattvaṁ viśodhayet ||;
ToḍalT, 4: 4;25 1;sudhādevīṁ samānīya pañcīkaraṇamācaret |;
ToḍalT, 4: 4;25 2;kumbhe puṣpaṁ samādāya trikoṇe triḥ prapūjayet ||;
ToḍalT, 4: 4;26 1;vāmadehaṁ tridhā coktvā khecarīṁ daśadhā japet |;
ToḍalT, 4: 4;26 2;tathā cānandagāyatrīm ṛcaṁ ca trir japet sudhīḥ ||;
ToḍalT, 4: 4;27 1;brahmaśāpaṁ śukraśāpaṁ kṛṣṇaśāpaṁ sureśvari |;
ToḍalT, 4: 4;27 2;digjapānnāśayeddhīmān tato mantratrayaṁ japet ||;
ToḍalT, 4: 4;28 1;churikāṁ cāmṛtaṁ caiva prītisaṁrakṣaṇīṁ tathā |;
ToḍalT, 4: 4;28 2;pāvamānaṁ ca trir japtvā śoṣaṇādīn samācaret ||;
ToḍalT, 4: 4;29 1;vāruṇaṁ trir japeddevi cāmṛtaṁ saptadhā japet |;
ToḍalT, 4: 4;29 2;vidyātattve dhenumudrāṁ pradarśya mūlamaṣṭadhā ||;
ToḍalT, 4: 4;30 1;kuṇḍalinīṁ samutthāpya śivo.haṁ bhāvayettataḥ |;
ToḍalT, 4: 4;30 2;māṁsaṁ mīnaṁ śodhayitvā mudrāśodhanamācaret ||;
ToḍalT, 4: 4;31 1;śaktiṁ ca kulapuṣpaṁ ca śodhayet sādhakottamaḥ |;
ToḍalT, 4: 4;31 2;devān pitṝn ṛṣīṁścaiva tarpayediṣṭadevatām ||;
ToḍalT, 4: 4;32 1;śodhitaṁ dravyamādāya viśeṣārghye vinikṣipet |;
ToḍalT, 4: 4;32 2;tato brahmamayaṁ dhyātvā pūjādhyānaṁ samācaret ||;
ToḍalT, 4: 4;33 1;nāsārandhrāt samānīya pīṭhe puṣpaṁ nidhāya ca |;
ToḍalT, 4: 4;33 2;tataścāvāhanaṁ kṛtvā pañcamudrāḥ pradarśayet ||;
ToḍalT, 4: 4;34 1;ṣaḍaṅgena ca sampūjya punarmudrāṁ pradarśayet |;
ToḍalT, 4: 4;34 2;jīvanyāsaṁ tataḥ kṛtvā upacāraiḥ prapūjayet ||;
ToḍalT, 4: 4;35 1;ṣaḍaṅgāni ca sampūjya akṣobhyaṁ pūjayedadhaḥ |;
ToḍalT, 4: 4;35 2;gurupaṅktiṁ pūjayitvā daśamūleṣu pūjayet ||;
ToḍalT, 4: 4;36 1;mahāpūrvāṁś ca kālyādīn yajedvairocanādikān |;
ToḍalT, 4: 4;36 2;punardevīṁ prapūjyātha baliṁ dadyādvicakṣaṇaḥ ||;
ToḍalT, 4: 4;37 1;prāṇāyāmaṁ tataḥ kṛtvā mantradhyānaṁ samācaret |;
ToḍalT, 4: 4;37 2;japaṁ kṛtvā maheśāni devyā haste samarpayet ||;
ToḍalT, 4: 4;38 1;prāṇāyāmaṁ punaḥ kṛtvā tattvasvīkāramācaret |;
ToḍalT, 4: 4;38 2;tasmai dattvā svayaṁ nītvā prajapet sādhakāgraṇīḥ ||;
ToḍalT, 4: 4;39 1;pītvā pītvā japitvā ca muktaḥ koṭijanaiḥ saha |;
ToḍalT, 4: 4;39 2;pratipātre japenmantramaṣṭottaraśataṁ sudhīḥ ||;
ToḍalT, 4: 4;40 1;stutiṁ ca kavacaṁ smṛtvā cāṣṭāṅgaṁ praṇamet sudhīḥ |;
ToḍalT, 4: 4;40 2;viśeṣārghyaṁ pradātavyam ātmānaṁ ca samarpayet ||;
ToḍalT, 4: 4;41 1;rudrarūpī svayaṁ bhūtvā saṁhāreṇa visarjayet |;
ToḍalT, 4: 4;41 2;yonimudrāṁ tato baddhvā kṣamasveti visarjayet ||;
ToḍalT, 4: 4;42 1;aṅganyāsaṁ maheśāni prāṇāyāmaṁ tataḥ param |;
ToḍalT, 4: 4;42 2;aiśānyāṁ maṇḍalaṁ kṛtvā nirmālyena prapūjayet ||;
ToḍalT, 4: 4;43 1;nirmālyavāsinīṁ ṅe.ntāṁ caṇḍeśvaryai namo namaḥ |;
ToḍalT, 4: 4;43 2;nirmālyaṁ dhārayet śīrṣe candanaṁ ca lalāṭake ||;
ToḍalT, 4: 4;44 1;gurusthāne likhed yantraṁ vicared bhairavo yathā |;
ToḍalT, 4: 4;44 2;saṁkṣepapūjanaṁ devi mānasaṁ tattvavarjitam ||;
ToḍalT, 4: 4;45 1;atroktamācaredatra nānyat saṁcārayet sudhīḥ |;
ToḍalT, 4: 4;45 2;anyatsaṁcāraṇāddevi kruddhā bhavati tāriṇī ||;
ToḍalT, 4: 4;46 1;tattvajñānaṁ ca mānaṁ ca śaktimātre hi pārvati |;
ToḍalT, 4: 4;46 2;ityetat kathitaṁ devi kimanyat śrotumicchasi ||;
ToḍalT, 5: 5;1 1;śrīdevī uvāca |;
ToḍalT, 5: 5;1 2;tvatprasādānmahādeva pavitrāhaṁ na cānyathā |;
ToḍalT, 5: 5;1 3;śambhunāthārcanaṁ deva śrotum icchāmi sāmpratam ||;
ToḍalT, 5: 5;2 1;śiva uvāca |;
ToḍalT, 5: 5;2 2;śṛṇu pārvati vakṣyāmi yanmāṁ tvaṁ paripṛcchasi |;
ToḍalT, 5: 5;2 3;nakulīśaṁ samuddhṛtya manusvaravibhūṣitam ||;
ToḍalT, 5: 5;3 1;bindunādakalāyuktaṁ prāsādākhyaṁ mahāmanum |;
ToḍalT, 5: 5;3 2;asya mantrasya māhātmyam ūrdhvāmnāye mayoditam ||;
ToḍalT, 5: 5;4 1;namaskāraṁ samuddhṛtya vāntaṁ netravibhūṣitam |;
ToḍalT, 5: 5;4 2;vāruṇaṁ mukhavṛttaṁ ca vāyuṁ lalāṭasaṁyutam ||;
ToḍalT, 5: 5;5 1;ayaṁ pañcākṣaro mantraḥ pañcāmnāyaphalapradaḥ |;
ToḍalT, 5: 5;5 2;praṇavādi yadā devi tadā mantraṁ ṣaḍakṣaram ||;
ToḍalT, 5: 5;6 1;prāsādākhyaṁ samuddhṛtya ardhanārīśvarāya ca |;
ToḍalT, 5: 5;6 2;punaḥ prāsādamuddhṛtya mantraṁ paramagopanam ||;
ToḍalT, 5: 5;7 1;evaṁ bahuvidhākāraṁ vigrahaṁ me nagātmaje |;
ToḍalT, 5: 5;7 2;kaṇṭhe tu garalaṁ devi na kalau bhāvayet kvacit ||;
ToḍalT, 5: 5;8 1;yadīcchedātmano mṛtyuṁ yadi unmattam icchati |;
ToḍalT, 5: 5;8 2;tadaiva sahasā devi nīlakaṇṭham upāsate ||;
ToḍalT, 5: 5;9 1;duradṛṣṭavaśād devi nīlakaṇṭhastavādikam |;
ToḍalT, 5: 5;9 2;karoti kārayedvāpi mama hatyāṁ karoti saḥ ||;
ToḍalT, 5: 5;10 1;ata eva maheśāni sa pāpiṣṭho na cānyathā |;
ToḍalT, 5: 5;10 2;niṣiddhācaraṇaṁ pāpaṁ karoti yadi pāmaraḥ ||;
ToḍalT, 5: 5;11 1;putradārādhanaṁ tasya nāśameti na saṁśayaḥ |;
ToḍalT, 5: 5;11 2;kaṇṭhe tu garalaṁ devi yadi pūjāparo bhavet ||;
ToḍalT, 5: 5;12 1;ihaloke daridraḥ syānmṛte śūkaratāṁ vrajet |;
ToḍalT, 5: 5;12 2;nīlakaṇṭhasya yanmantraṁ yadi kuryāt puraskriyām ||;
ToḍalT, 5: 5;13 1;pakṣāntare maheśāni tasya mṛtyurna cānyathā |;
ToḍalT, 5: 5;13 2;śṛṇu devi pravakṣyāmi pārthivaṁ śivapūjanam ||;
ToḍalT, 5: 5;14 1;tatrādau parameśāni gurudevaṁ namet sudhīḥ |;
ToḍalT, 5: 5;14 2;oṁ harāya namaskāraṁ mṛttikāmāharet sudhīḥ ||;
ToḍalT, 5: 5;15 1;maheśvarāya namaskāraṁ liṅgaṁ nirmāya yatnataḥ |;
ToḍalT, 5: 5;15 2;śūlapāṇe ihoccārya susaṁpratiṣṭhito bhava ||;
ToḍalT, 5: 5;16 1;anena manunā devi jīvanyāso vidhīyate |;
ToḍalT, 5: 5;16 2;śakāraṁ bindusaṁyuktaṁ dīrghamuktaṁ ṣaḍaṅgakam ||;

ToḍalT, 5: 5;18 1;puṣpaṁ śirasi saṁdhārya mānasaiḥ pūjanaṁ caret |;
ToḍalT, 5: 5;18 2;punardhyātvā maheśāni śive puṣpaṁ nidhāya ca ||;
ToḍalT, 5: 5;19 1;pinākadhṛgiti coccārya ihāgaccha dvayaṁ vadet |;
ToḍalT, 5: 5;19 2;iha tiṣṭha tato dvaṁdvaṁ saṁnidhehi dvayam iha ||;
ToḍalT, 5: 5;20 1;iha sanni tato ruddhasvaśabdaṁ ca tato vadet |;
ToḍalT, 5: 5;20 2;yāvat pūjāṁ samuccārya tataścaivaṁ karomyaham ||;
ToḍalT, 5: 5;21 1;snānīyaṁ ca paśupatiṁ ṅeyuktaṁ ca namaścaret |;
ToḍalT, 5: 5;21 2;vedādyaṁ yojayeddevi brāhmaṇaḥ sādhakottamaḥ ||;
ToḍalT, 5: 5;22 1;etat pādyaṁ maheśāni ṣaḍakṣaramanuṁ tataḥ |;
ToḍalT, 5: 5;22 2;namaskāraṁ samuccārya sarvaṁ dadyād vicakṣaṇaḥ ||;
ToḍalT, 5: 5;23 1;pūjayitvā maheśāni cāṣṭamūrtiṁ prapūjayet |;
ToḍalT, 5: 5;23 2;śarvo bhavastathā rudra ugro bhīmaḥ paśoḥ patiḥ ||;
ToḍalT, 5: 5;24 1;mahādevaṁ ca īśānaṁ ṅeyutaṁ kuru yatnataḥ |;
ToḍalT, 5: 5;24 2;kṣitiṁ jalaṁ tathā cāgniṁ vāyuṁ cākāśameva ca ||;
ToḍalT, 5: 5;25 1;yajamānaṁ tathā somaṁ sūryaṁ ca mūrtinā saha |;
ToḍalT, 5: 5;25 2;sarvatra ṅeyutaṁ kṛtvā pūjayet sādhakottamaḥ ||;
ToḍalT, 5: 5;26 1;praṇavādinamo.ntena vāmāvartena pūjayet |;
ToḍalT, 5: 5;26 2;mūrtayo.ṣṭau śivasyaitāḥ pūrvādikramayogataḥ ||;
ToḍalT, 5: 5;27 1;āgneyyāntāḥ prapūjyātha vidyāṁ liṅgiśivaṁ yajet |;
ToḍalT, 5: 5;27 2;aṣṭottarasahasraṁ vā śataṁ vā prajapettataḥ ||;
ToḍalT, 5: 5;28 1;guhyātiguhyagoptā tvaṁ gṛhāṇāsmatkṛtaṁ japam |;
ToḍalT, 5: 5;28 2;siddhirbhavatu me deva tvatprasādānmaheśvara ||;
ToḍalT, 5: 5;29 1;tatastoyaṁ samādāya japaṁ caiva samarpayet |;
ToḍalT, 5: 5;29 2;mukhavādyaṁ tataḥ kṛtvā cāṣṭāṅgaṁ praṇamet sudhīḥ ||;
ToḍalT, 5: 5;30 1;saṁhāreṇa mahādeva kṣamasveti visarjayet |;
ToḍalT, 5: 5;30 2;evaṁ pūjā prakartavyā śaktimantrān yajed yadi ||;
ToḍalT, 5: 5;31 1;prāsādādīn mahāmantrān yadi dīkṣāparo bhavet |;
ToḍalT, 5: 5;31 2;śaktidīkṣā na kartavyā kadācidapi mohataḥ ||;
ToḍalT, 5: 5;32 1;sa śaiva iti vikhyātaḥ sarvatantreśvaro bhavet |;
ToḍalT, 5: 5;32 2;athātaḥ sampravakṣyāmi sūtraṁ paramagopanam ||;
ToḍalT, 5: 5;33 1;haro maheśvaraścaiva śūlapāṇiḥ pinākadhṛk |;
ToḍalT, 5: 5;33 2;paśupatiḥ śivaścaiva mahādeva iti kramāt ||;
ToḍalT, 5: 5;34 1;aṣṭamūrtis tato devi pūjayet sādhakottamaḥ |;
ToḍalT, 5: 5;34 2;tato japenmaheśāni mukhavādyaṁ tataḥ param ||;
ToḍalT, 5: 5;35 1;etadanyanna kartavyaṁ śaktidīkṣāparo yadi |;
ToḍalT, 5: 5;35 2;niṣiddhācaraṇāddevi pāpabhāg jāyate naraḥ ||;
ToḍalT, 5: 5;36 1;nyūnādhikaṁ mahādevi yadi pūjādikaṁ caret |;
ToḍalT, 5: 5;36 2;sa guruṁ cāpi śiṣyaṁ ca śivahatyāṁ prayacchati ||;
ToḍalT, 5: 5;37 1;nyūnādhikaṁ maheśāni yadi caikākṣaraṁ bhavet |;
ToḍalT, 5: 5;37 2;varṇasaṁkhyā maheśāni brahmahatyā bhaviṣyati ||;
ToḍalT, 5: 5;38 1;ata eva sa pāpiṣṭhaḥ satyaṁ satyaṁ sureśvari |;
ToḍalT, 5: 5;38 2;evaṁ pūjāṁ vidhāyādau tataścānyaṁ prapūjayet ||;
ToḍalT, 5: 5;39 1;ādau śivaṁ pūjayitvā śaktipūjā tataḥ param |;
ToḍalT, 5: 5;39 2;yat kiṁcid upacāraṁ hi tasya kiṁcinnivedayet ||;
ToḍalT, 5: 5;40 1;anyathā mūtravat sarvaṁ gaṅgātoyaṁ bhaved yadi |;
ToḍalT, 5: 5;40 2;ata eva maheśāni ādau liṅgaṁ prapūjayet ||;
ToḍalT, 5: 5;41 1;śivasnānodakaṁ devi mūrdhni saṁdhārayed yadi |;
ToḍalT, 5: 5;41 2;satyaṁ satyaṁ maheśāni śivatulyo na saṁśayaḥ ||;
ToḍalT, 5: 5;42 1;śivarūpī svayaṁ bhūtvā devīpūjāṁ samācaret |;
ToḍalT, 5: 5;42 2;śaivavaiṣṇavadaurgārkagāṇapatyaindradīkṣitaḥ ||;
ToḍalT, 5: 5;43 1;ādau liṅgaṁ pūjayitvā yadi cānyat prapūjayet |;
ToḍalT, 5: 5;43 2;tatphalaṁ koṭiguṇitaṁ satyaṁ satyaṁ na saṁśayaḥ ||;
ToḍalT, 5: 5;44 1;anyadevaṁ pūjayitvā śivaṁ paścād yajed yadi |;
ToḍalT, 5: 5;44 2;tasya pūjāphalaṁ caiva bhujyate yakṣarākṣasaiḥ ||;
ToḍalT, 5: 5;45 1;iti te kathitaṁ kānte tantrāṇāṁ sāramuttamam |;
ToḍalT, 5: 5;45 2;bahu kiṁ kathyate devi bhūyaḥ kiṁ śrotumicchasi ||;
ToḍalT, 6: 6;1 1;śrīdevī uvāca |;
ToḍalT, 6: 6;1 2;śrutaṁ mahākālikāyā mantraṁ paramagopanam |;
ToḍalT, 6: 6;1 3;saṁkṣepaṁ kathitaṁ nātha vāsanāṁ vada māṁ prati ||;
ToḍalT, 6: 6;2 1;śrīśiva uvāca |;
ToḍalT, 6: 6;2 2;śṛṇu devi mahāmantravāsanāṁ sarvasiddhidām |;
ToḍalT, 6: 6;2 3;yasyāḥ śravaṇamātreṇa mantrāḥ siddhā bhavanti hi ||;
ToḍalT, 6: 6;3 1;kakārasyordhvakoṇeṣu prāṇo vāyuḥ pratiṣṭhitaḥ |;
ToḍalT, 6: 6;3 2;apāno vāyukoṇe ca samāno madhyadeśataḥ ||;
ToḍalT, 6: 6;4 1;udāno .ṅkuśakoṇe ca mātrāyāṁ vyāna eva ca |;
ToḍalT, 6: 6;4 2;bījaṁ tu kālikārūpaṁ prakāraṁ śṛṇu pārvati ||;
ToḍalT, 6: 6;5 1;kalābhāge jaṭājūṭaṁ keśaṁ ca parameśvari |;
ToḍalT, 6: 6;5 2;bindumastakabhālaṁ tu nāsā netraṁ ca pārvati ||;
ToḍalT, 6: 6;6 1;śrotrayugmaṁ tathā vaktraṁ skandanād avyavasthitam |;
ToḍalT, 6: 6;6 2;caturbāhuṁ tathā dehaṁ stanadvaṁdvaṁ kaṭidvayam ||;
ToḍalT, 6: 6;7 1;hṛdayaṁ jaṭharaṁ pādaṁ tathā sarvāṅguliḥ śive |;
ToḍalT, 6: 6;7 2;brahmarūpaṁ kakāraṁ ca sarvāṅgaṁ tanusaṁśayaḥ ||;
ToḍalT, 6: 6;8 1;śakāraṁ kāmarūpaṁ ca yonirūpaṁ na cānyathā |;
ToḍalT, 6: 6;8 2;candrasūryāgnirūpaṁ ca rephaṁ paramadurlabham ||;
ToḍalT, 6: 6;9 1;sarvāṅgadyotanaṁ tejo jagadānandarūpakam |;
ToḍalT, 6: 6;9 2;bindunirvāṇadaṁ nādaṁ mahāmokṣapradaṁ sadā ||;
ToḍalT, 6: 6;10 1;sarvavighnaharaṁ devi kakāraṁ toyarūpakam |;
ToḍalT, 6: 6;10 2;sarvapāpaharaṁ rephaṁ tasmād vahnirna cānyathā ||;
ToḍalT, 6: 6;11 1;īkāraṁ parameśāni śaktiṁ cāvyayarūpiṇīm |;
ToḍalT, 6: 6;11 2;mahāmokṣapradā devī tasmānmāyā prakīrtitā ||;
ToḍalT, 6: 6;12 1;kakāraṁ brahmarūpaṁ ca makāraṁ viṣṇurūpakam |;
ToḍalT, 6: 6;12 2;rephaḥ saṁhārarūpatvācchivarūpo na cānyathā ||;
ToḍalT, 6: 6;13 1;brahmaviṣṇuśivaḥ sākṣāt kakāraṁ parameśvari |;
ToḍalT, 6: 6;13 2;anuccāryaṁ tadeva syādvinā māyāyutaṁ śive ||;
ToḍalT, 6: 6;14 1;māyāyuktaṁ yadā devi tadā muktipradaṁ mahat |;
ToḍalT, 6: 6;14 2;ata eva maheśāni māyāśaktirnigadyate ||;
ToḍalT, 6: 6;15 1;kakāraṁ dharmadaṁ devi īkāraścārthadāyakam |;
ToḍalT, 6: 6;15 2;rakāraṁ kāmadaṁ kānte makāraṁ mokṣadāyakam ||;
ToḍalT, 6: 6;16 1;ekatroccāraṇāddevi nirvāṇamokṣadāyinī |;
ToḍalT, 6: 6;16 2;māhātmyaṁ devadeveśi kiṁ vaktuṁ śakyate mayā ||;
ToḍalT, 6: 6;17 1;jihvākoṭisahasreṇa vaktrakoṭiśatena ca |;
ToḍalT, 6: 6;17 2;janmāntarasahasreṇa varṇituṁ naiva śakyate ||;
ToḍalT, 6: 6;18 1;vidhivallakṣajāpena puraścaraṇam ucyate |;
ToḍalT, 6: 6;18 2;etadrūpaṁ mahāmāyāṁ kūrcabījaṁ tu sundari ||;
ToḍalT, 6: 6;19 1;vāgbhavaṁ praṇavaṁ devi etadrūpaṁ na saṁśayaḥ |;
ToḍalT, 6: 6;19 2;agnijāyā mahāvidyā etadrūpaṁ na saṁśayaḥ ||;
ToḍalT, 6: 6;20 1;drutasiddhipradā vidyā vahnijāyā parā manuḥ |;
ToḍalT, 6: 6;20 2;sambodhanapadenaiva sadā saṁnidhikāriṇī ||;
ToḍalT, 6: 6;21 1;atha vakṣye mahāvidyāpuraścaraṇam uttamam |;
ToḍalT, 6: 6;21 2;kathitaṁ mantrarājasya tripuraścaraṇaṁ śṛṇu ||;
ToḍalT, 6: 6;22 1;divā lakṣaṁ japenmantraṁ haviṣyāśī jitendriyaḥ |;
ToḍalT, 6: 6;22 2;divyavīramate devi rātrau lakṣaṁ japet sudhīḥ ||;
ToḍalT, 6: 6;23 1;atha ṣaḍakṣarasyāsya śṛṇu devi puraskriyām |;
ToḍalT, 6: 6;23 2;divyavīramatenaiva viṁśatyekena pārvati ||;
ToḍalT, 6: 6;24 1;tathā ca tryakṣaraṁ mantraṁ prajapet sādhakāgraṇīḥ |;
ToḍalT, 6: 6;24 2;dhyānapūjādikaṁ sarvaṁ samānaṁ vīravandite ||;
ToḍalT, 6: 6;25 1;etasyāḥ sadṛśī vidyā phaladā nāsti yogini |;
ToḍalT, 6: 6;25 2;sarvamantrasya caitanyaṁ śṛṇu pārvati sādaram ||;
ToḍalT, 6: 6;26 1;sahasrāre mahāpadme bindurūpaṁ paraṁ śivam |;
ToḍalT, 6: 6;26 2;kuṇḍalinīṁ samutthāpya haṁsena manunā sudhīḥ ||;
ToḍalT, 6: 6;27 1;nāsāgre yā sthirā dṛṣṭirjāyate parameśvari |;
ToḍalT, 6: 6;27 2;tadaiva mantracaitanyaṁ kuṇḍalīcakragaṁ bhavet ||;
ToḍalT, 6: 6;28 1;sahasrāre mahāpadme kuṇḍalyā sahitaṁ gurum |;
ToḍalT, 6: 6;28 2;bhāvayet sarvamantrāṇāṁ caitanyaṁ jāyate priye ||;
ToḍalT, 6: 6;29 1;tadaiva prajapenmantraṁ siddhidaṁ nātra saṁśayaḥ |;
ToḍalT, 6: 6;29 2;śrīdevī uvāca |;
ToḍalT, 6: 6;29 3;idānīṁ tāriṇīmantravāsanāṁ vada śaṁkara |;
ToḍalT, 6: 6;29 4;kālikā mokṣadā nityā tāriṇī bhavavāridhau ||;
ToḍalT, 6: 6;30 1;śrīśaṁkara uvāca |;
ToḍalT, 6: 6;30 2;kalākeśaṁ maheśāni bindumastakamīritam |;
ToḍalT, 6: 6;30 3;nādaṁ ca vaktraṁ bhālaṁ ca nāsāṁ netraṁ ca pārvati ||;
ToḍalT, 6: 6;31 1;bhujacatuṣṭayaṁ dehaṁ stanadvaṁdvaṁ ca vakṣasam |;
ToḍalT, 6: 6;31 2;makāreṇa tu deveśi pṛṣṭhaṁ caiva kaṭidvayam ||;
ToḍalT, 6: 6;32 1;takāreṇa yonideśaṁ gudaṁ pādadvayaṁ tathā |;
ToḍalT, 6: 6;32 2;sarvāṅgulīr nakhaṁ caiva bhāvayet sādhakottamaḥ ||;
ToḍalT, 6: 6;33 1;candrasūryātmakaṁ rephaṁ vahnibījaṁ na cānyathā |;
ToḍalT, 6: 6;33 2;sarvā nāḍyastathā jyotī romaṁ ca bhūṣaṇādikam ||;
ToḍalT, 6: 6;34 1;śakāraṁ ca mahāmāyā śaktirūpaprakāśinī |;
ToḍalT, 6: 6;34 2;mūrdhādipādaparyantaṁ śaktibījaṁ sudurlabham ||;
ToḍalT, 6: 6;35 1;asya mantrasya māhātmyaṁ kiṁ mayā kathyate.dhunā |;
ToḍalT, 6: 6;35 2;aśvamedhasahasrāṇi vājapeyaśatāni ca ||;
ToḍalT, 6: 6;36 1;kāśyāditīrthaṁ deveśi sārdhakoṭibhuvātmakam |;
ToḍalT, 6: 6;36 2;pūrṇāṁ śasyena deveśi saptadvīpāṁ vasuṁdharām ||;
ToḍalT, 6: 6;37 1;merutulyasuvarṇaṁ tu brāhmaṇe vedapārage |;
ToḍalT, 6: 6;37 2;sadakṣiṇaṁ vrataṁ sarvaṁ caturvedasuvistaram ||;
ToḍalT, 6: 6;38 1;gāṁ caiva bhūmisaṁsthaṁ ca hastyaśvaṁ ca tathaiva ca |;
ToḍalT, 6: 6;38 2;balidānaṁ maheśāni pitṛyajñaṁ tathaiva ca ||;
ToḍalT, 6: 6;39 1;vihitaṁ ca mahāpuṇyaṁ yaduktaṁ śāstravedibhiḥ |;
ToḍalT, 6: 6;39 2;sakṛjjapānmaheśāni kalāṁ nārhanti ṣoḍaśīm ||;
ToḍalT, 6: 6;40 1;ekoccāreṇa deveśi kiṁ punarbrahma kevalam |;
ToḍalT, 6: 6;40 2;sṛṣṭisthitilayādīnāṁ kartāro nātra saṁśayaḥ ||;
ToḍalT, 6: 6;41 1;saguṇaṁ nirguṇaṁ sākṣāt nirākāraṁ ca mūrtimat |;
ToḍalT, 6: 6;41 2;vaikharīyaṁ mahāvidyā varṇāśritā suniścalā ||;
ToḍalT, 6: 6;42 1;yato nirakṣaraṁ vastu atastārā prakīrtitā |;
ToḍalT, 6: 6;42 2;brahmavidyāsvarūpeyaṁ bhogamokṣaphalapradā ||;
ToḍalT, 6: 6;43 1;janmakoṭisahasreṇa varṇituṁ naiva śakyate |;
ToḍalT, 6: 6;43 2;pañcavaktreṇa deveśi kiṁ mayā kathyate.dhunā ||;
ToḍalT, 6: 6;44 1;ekākṣarī mahāvidyā triṣu lokeṣu pūjitā |;
ToḍalT, 6: 6;44 2;ekākṣarīvihīno yo mantraṁ gṛhṇāti pārvati ||;
ToḍalT, 6: 6;45 1;kalpakoṭisahasreṇa tasya siddhirna jāyate |;
ToḍalT, 6: 6;45 2;sakāro viṣṇurūpaśca takāraśca prajāpatiḥ ||;
ToḍalT, 6: 6;46 1;rephaḥ saṁhārarūpatvācchivaḥ sākṣānna saṁśayaḥ |;
ToḍalT, 6: 6;46 2;yā cādyā paramā vidyā sā māyā paramā kalā ||;
ToḍalT, 6: 6;47 1;nirākāraṁ paraṁ jyotirbinduṁ cāvyayasaṁjñakam |;
ToḍalT, 6: 6;47 2;binduśabdena śūnyaṁ syāt tathā ca guṇasūcakam ||;
ToḍalT, 6: 6;48 1;binducakrāmṛtā devi plavantī cārdhamātrayā |;
ToḍalT, 6: 6;48 2;ardhamātrākṛtirnādo vyāpako viśvapālakaḥ ||;
ToḍalT, 6: 6;49 1;yatheyaṁ vaikharī vidyā kūrcavidyā tathaiva ca |;
ToḍalT, 6: 6;49 2;māhātmyaṁ caiva pūjāyāṁ bhedo nāsti sureśvari ||;
ToḍalT, 6: 6;50 1;satāraṁ ca tathā binduṁ māyā pañcākṣarī parā |;
ToḍalT, 6: 6;50 2;vibhakte cākṣare caiva kriyate mūrtikalpanā ||;
ToḍalT, 6: 6;51 1;sārdhapañcākṣarī vidyā tāriṇī mūrtimat svayam |;
ToḍalT, 6: 6;51 2;tadrūpaṁ pakṣirūpaṁ hi vāgbhavaśca haripriyām ||;
ToḍalT, 6: 6;52 1;praṇavaṁ kāmabījaṁ tu gaganaś ca śivaṁ śive |;
ToḍalT, 6: 6;52 2;astrabījaṁ tadeva syād vahnijāyāṁ sureśvari ||;
ToḍalT, 6: 6;53 1;sambodhanapadenaiva sadā saṁnidhikāriṇī |;
ToḍalT, 6: 6;53 2;pañcākṣareṇa deveśi tāriṇī kāmarūpiṇī ||;
ToḍalT, 6: 6;54 1;tathā pañcākṣaraṁ paśya brahmaviṣṇuśivātmakam |;
ToḍalT, 6: 6;54 2;śaktirūpaṁ nirākāraṁ tathā pañcākṣareṇa tu ||;
ToḍalT, 6: 6;55 1;yathā pañcākṣarī vidyā tathā vidyā ṣaḍakṣarī |;
ToḍalT, 6: 6;55 2;tathaiva ṣoḍaśī vidyā tathā vidyā ca vyakṣarī ||;
ToḍalT, 6: 6;56 1;tathaivāṣṭākṣarī vidyā tathā navākṣarī parā |;
ToḍalT, 6: 6;56 2;māhātmyaṁ dhyānapūjāyāṁ bhedo nāsti sureśvari ||;
ToḍalT, 6: 6;57 1;atisnehena deveśi kiṁ mayā na prakāśitam |;
ToḍalT, 6: 6;57 2;prāṇānte.pi paśoragre vaikharīṁ na prakāśayet ||;
ToḍalT, 7: 7;1 1;śrīdevī uvāca |;
ToḍalT, 7: 7;1 2;mahāyogamayī devī khecarī paramā kalā |;
ToḍalT, 7: 7;1 3;yogajñānaṁ vinā siddhirnāsti satyaṁ sureśvara ||;
ToḍalT, 7: 7;2 1;brūhi me devadeveśa kṣudrabrahmāṇḍamadhyataḥ |;
ToḍalT, 7: 7;2 2;kimādhāre sthitā nātha saptadvīpā vasuṁdharā ||;
ToḍalT, 7: 7;3 1;samudrasaptakaṁ nātha kimākāraṁ pratiṣṭhati |;
ToḍalT, 7: 7;3 2;mūlādhāre mahīcakre saṁsthitā mānavādayaḥ ||;
ToḍalT, 7: 7;4 1;kṣudrarūpā janāḥ sarve kimākāreṇa saṁsthitāḥ |;
ToḍalT, 7: 7;4 2;svakīyāṅgulimānena mārutaṁ kathaya prabho ||;
ToḍalT, 7: 7;5 1;śrīśiva uvāca |;
ToḍalT, 7: 7;5 2;mūlādhāre sthitā devi saptadvīpā vasuṁdharā |;
ToḍalT, 7: 7;5 3;valayākārarūpeṇa samudrāḥ sapta saṁsthitāḥ ||;
ToḍalT, 7: 7;6 1;jambudvīpaṁ madhyadeśe tadbāhye lavaṇāmbudhiḥ |;
ToḍalT, 7: 7;6 2;śākadvīpaṁ maheśāni tadbāhye dadhisāgaraḥ ||;
ToḍalT, 7: 7;7 1;tadbāhye śālmalīdvīpaṁ sāgaro dugdhatadbahiḥ |;
ToḍalT, 7: 7;7 2;tadbāhye pāṭalādvīpaṁ tadbāhye tu jalāntakaḥ ||;
ToḍalT, 7: 7;8 1;pṛthivyāṁ vartate devi yadrūpā mānavādayaḥ |;
ToḍalT, 7: 7;8 2;tena rūpeṇa deveśi mūlādhāre tu jantavaḥ ||;
ToḍalT, 7: 7;9 1;ṣaṇṇavatyaṅgulaṁ devi mārutaṁ parikīrtitam |;
ToḍalT, 7: 7;9 2;mārtaṇḍasthitimānaṁ tu adhikaṁ parikīrtitam ||;
ToḍalT, 7: 7;10 1;śrīdevī uvāca |;
ToḍalT, 7: 7;10 2;kiyad bhuvaṁ tu brahmāṇḍaṁ vada bhūtalavāsinaḥ |;
ToḍalT, 7: 7;10 3;aṅgulyekena kiṁ mānaṁ kathayasva dayānidhe ||;
ToḍalT, 7: 7;11 1;śrīśiva uvāca |;
ToḍalT, 7: 7;11 2;aṅgulyekena deveśi sahasrābdaṁ prajāyate |;
ToḍalT, 7: 7;11 3;ṣaṇṇavatisahasrābdaṁ bhaved bhūtalavāsinaḥ ||;
ToḍalT, 7: 7;12 1;pādāṅguṣṭhādigulphāntaṁ priye randhrasahasrakam |;
ToḍalT, 7: 7;12 2;randhraṁ candrasahasrābdaṁ gulphādijānusaṁdhiṣu ||;
ToḍalT, 7: 7;13 1;jānvādigudaparyantaṁ mānaṁ viṁśasahasrakam |;
ToḍalT, 7: 7;13 2;mūlādhārādiliṅgāntaṁ caturvarṣasahasrakam ||;
ToḍalT, 7: 7;14 1;liṅgādinābhiparyantaṁ bhavedṛṣisahasrakam |;
ToḍalT, 7: 7;14 2;nābhyādihṛdayāntaṁ ca grahasaṁkhyasahasrakam ||;
ToḍalT, 7: 7;15 1;hṛdādikaṇṭhaparyantamṛṣisaṁkhyasahasrakam |;
ToḍalT, 7: 7;15 2;viśuddhādikamājñāntaṁ mānaṁ rudrasahasrakam ||;
ToḍalT, 7: 7;16 1;ājñācakrācchivāntaṁ vai diksahasraṁ sureśvari |;
ToḍalT, 7: 7;16 2;sūryasaṁkhyāsahasraṁ tu samīraścādhikaḥ smṛtaḥ ||;
ToḍalT, 7: 7;17 1;śarīrasahakāreṇa hāso vṛddhiśca jāyate |;
ToḍalT, 7: 7;17 2;ṣaḍguṇo ratikāle ca triguṇo bhojanādbahiḥ ||;
ToḍalT, 7: 7;18 1;dhamane cāṣṭadhā proktaḥ samīro vṛddhitāṁ gataḥ |;
ToḍalT, 7: 7;18 2;sadguror upadeśena mantramārgeṇa pārvati ||;
ToḍalT, 7: 7;19 1;yadi caikāṅgulaṁ hrasvaṁ sahasrābdaṁ sa jīvati |;
ToḍalT, 7: 7;19 2;evaṁ krameṇa deveśi samatā yadi vā bhavet ||;
ToḍalT, 7: 7;20 1;jitvā mṛtyuṁ maheśāni śambhuvad viharet kṣitau |;
ToḍalT, 7: 7;20 2;ata eva maheśāni yonimudrā mayoditā ||;
ToḍalT, 7: 7;21 1;prāṇāyāmena deveśi tathaiva yonimudrayā |;
ToḍalT, 7: 7;21 2;tathaivābhyāsayogena yadi vāyuḥ samo bhavet ||;
ToḍalT, 7: 7;22 1;jitvā mṛtyuṁ maheśāni khecaro jāyate.cirāt |;
ToḍalT, 7: 7;22 2;pramāṇaṁ kathitaṁ sarvaṁ manuṣyasya priyaṁvade ||;
ToḍalT, 7: 7;23 1;śvāsocchvāsavikāsena kuṇḍalī gaganaṁ caret |;
ToḍalT, 7: 7;23 2;śrīdevī uvāca |;
ToḍalT, 7: 7;23 3;idānīṁ pṛthivīmānaṁ vada me parameśvara ||;
ToḍalT, 7: 7;24 1;saptasvargasthito yo yo yā yā śaktiḥ sthitā sadā |;
ToḍalT, 7: 7;24 2;tatsarvaṁ śrotumicchāmi yadi sneho.sti māṁ prati ||;
ToḍalT, 7: 7;25 1;śrīśiva uvāca |;
ToḍalT, 7: 7;25 2;mūlādhāre mahīcakre saṁsthitā mānavādayaḥ |;
ToḍalT, 7: 7;25 3;teṣāṁ mānena deveśi cārdhaṁ caiva dvisaptatiḥ ||;
ToḍalT, 7: 7;26 1;dviguṇaḥ parameśāni tadbāhye lavaṇāmbudhiḥ |;
ToḍalT, 7: 7;26 2;evaṁ krameṇa deveśi dviguṇaṁ parikīrtitam ||;
ToḍalT, 7: 7;27 1;ḍākinīsahito brahmā mūlādhāre tu sundari |;
ToḍalT, 7: 7;27 2;rākiṇīsahito viṣṇuḥ svādhiṣṭhāne vyavasthitaḥ ||;
ToḍalT, 7: 7;28 1;lākinīsahito rudro maṇipūre sureśvari |;
ToḍalT, 7: 7;28 2;anāhate mahāpadme kākinīsahito haraḥ ||;
ToḍalT, 7: 7;29 1;viśuddhākhye vasennityā sākinī ca sadāśivaḥ |;
ToḍalT, 7: 7;29 2;hākinī paraśivo devaś cājñācakre sureśvari ||;
ToḍalT, 7: 7;30 1;sahasrāre mahāpadme viśvarūpaḥ paraḥ śivaḥ |;
ToḍalT, 7: 7;30 2;mahākuṇḍalinī tatra sthitā nityā sureśvari ||;
ToḍalT, 7: 7;31 1;śrīdevī uvāca |;
ToḍalT, 7: 7;31 2;kutra mūle mahāpīṭhe vartate parameśvara |;
ToḍalT, 7: 7;31 3;mūlādhārādadhobhāge pātālaṁ kīdṛśaṁ prabho ||;
ToḍalT, 7: 7;32 1;śrīśiva uvāca |;
ToḍalT, 7: 7;32 2;mūlādhāre kāmarūpaṁ hṛdi jālaṁdharaṁ priye |;
ToḍalT, 7: 7;32 3;pūrṇagirim adhobhāge uḍḍīyānaṁ tadūrdhvake ||;
ToḍalT, 7: 7;33 1;vārāṇasī bhruvormadhye jvalantī locanatraye |;
ToḍalT, 7: 7;33 2;māyāvatī mukhavṛtte kaṇṭhe cāṣṭapurī tathā ||;
ToḍalT, 7: 7;34 1;nābhimūle maheśāni ayodhyāpurī saṁsthitā |;
ToḍalT, 7: 7;34 2;kāñcīpīṭhaṁ kaṭīdeśe śrīhṛṭṭaṁ pṛṣṭhadeśake ||;
ToḍalT, 7: 7;35 1;mūlādhārāt śataṁ caiva atalaṁ parikīrtitam |;
ToḍalT, 7: 7;35 2;sutalaṁ ca varṣaśataṁ talātalaśataṁ priye ||;
ToḍalT, 7: 7;36 1;ṛṣibāṇenduvarṣāntaṁ saṁsthitaṁ ca mahātalam |;
ToḍalT, 7: 7;36 2;śatadvayāntaṁ pātālaṁ dviśataṁ vai rasātalam ||;
ToḍalT, 7: 7;37 1;mūlādhārācca deveśi dve.ṅgulī cāntike sthite |;
ToḍalT, 7: 7;37 2;tayormadhye ca pātālāstiṣṭhanti parameśvari ||;
ToḍalT, 7: 7;38 1;iti te kathitaṁ kānte yogasāraṁ samāsataḥ |;
ToḍalT, 7: 7;38 2;na vaktavyaṁ paśor agre prāṇānte.pi kadācana ||;
ToḍalT, 8: 8;1 1;śrīdevī uvāca |;
ToḍalT, 8: 8;1 2;sārdhatrikoṭināḍīnām ālayaṁ ca kalevaram |;
ToḍalT, 8: 8;1 3;krameṇa śrotum icchāmi tad vadasva mayi prabho ||;
ToḍalT, 8: 8;2 1;śrīśiva uvāca |;
ToḍalT, 8: 8;2 2;lomni kūpe sapādārdhakoṭayaścaiva sundari |;
ToḍalT, 8: 8;2 3;hastāsye ca tadā pāde.gnilakṣanāḍayaḥ sthitāḥ ||;
ToḍalT, 8: 8;3 1;udare ca tathā pāyau pañcalakṣāḥ prakīrtitāḥ |;
ToḍalT, 8: 8;3 2;hṛdādisarvagātreṣu navalakṣāḥ prakīrtitāḥ ||;
ToḍalT, 8: 8;4 1;atha pārśve tathā carme tathaiva sarvasaṁdhiṣu |;
ToḍalT, 8: 8;4 2;rudrānnyūnaṁ sthitaṁ lakṣaṁ śarīre nāḍayaḥ priye ||;
ToḍalT, 8: 8;5 1;iḍā ca piṅgalā caiva suṣumnā citriṇī tathā |;
ToḍalT, 8: 8;5 2;brahmanāḍī ca tanmadhye pañcanāḍyaḥ prakīrtitāḥ ||;
ToḍalT, 8: 8;6 1;kuhūś ca śaṅkhinī caiva gāndhārī hastijihvikā |;
ToḍalT, 8: 8;6 2;nardinī ca tathā nidrā rudrasaṁkhyā vyavasthitā ||;
ToḍalT, 8: 8;7 1;etā nāḍyaḥ pareśāni suṣumnāyāḥ prajāyate |;
ToḍalT, 8: 8;7 2;śrīdevī uvāca |;
ToḍalT, 8: 8;7 3;vedākṣivasurandhrāstu bāṇasaṁkhyajalāntakāḥ |;
ToḍalT, 8: 8;7 4;kimādhāre padmamadhye saṁsthitāḥ parameśvara ||;
ToḍalT, 8: 8;8 1;śrīśiva uvāca |;
ToḍalT, 8: 8;8 2;yogapadmasya māhātmyaṁ mayā vaktuṁ na śakyate |;
ToḍalT, 8: 8;8 3;mūlādhāre padmamadhye laṁbījaṁ cātiśobhanam ||;
ToḍalT, 8: 8;9 1;laṁbījasya bindumadhye pṛthvīcakraṁ manoharam |;
ToḍalT, 8: 8;9 2;valayākārarūpeṇa samudrāḥ saptakāḥ sthitāḥ ||;
ToḍalT, 8: 8;10 1;śrīdevī uvāca |;
ToḍalT, 8: 8;10 2;bindumānaṁ mahādeva kathayasva mayi prabho |;
ToḍalT, 8: 8;10 3;krameṇa yogapadmasya pramāṇaṁ vada śaṁkara ||;
ToḍalT, 8: 8;11 1;śrīśiva uvāca |;
ToḍalT, 8: 8;11 2;paramāṇutribhāgaikabhāgaṁ binduṁ suvistaram |;
ToḍalT, 8: 8;11 3;tanmadhye sāgarāḥ sarve saptadvīpā vasuṁdharā ||;
ToḍalT, 8: 8;12 1;avyayaṁ paramaṁ sūkṣmaṁ bindurūpaṁ paraṁ śivam |;
ToḍalT, 8: 8;12 2;pramāṇaṁ cāsya devasya kiṁ vaktuṁ śakyate mayā ||;
ToḍalT, 8: 8;13 1;brahmalokaṁ pareśāni nādopari vicintayet |;
ToḍalT, 8: 8;13 2;ḍākinīsahito brahmā tathaiva nivaset sadā ||;
ToḍalT, 8: 8;14 1;lakāraṁ pārthivaṁ bījaṁ śaktirūpaṁ sureśvari |;
ToḍalT, 8: 8;14 2;pṛthvīcakrasya madhye tu svayambhūliṅgam adbhutam ||;
ToḍalT, 8: 8;15 1;sārdhatrivalayākārakuṇḍalyā veṣṭitaṁ sadā |;
ToḍalT, 8: 8;15 2;liṅgacchidraṁ svavaktreṇa kuṇḍalyācchādya saṁsthitā ||;
ToḍalT, 8: 8;16 1;tenaiva vartate vāyuriḍāpiṅgalayoḥ sadā |;
ToḍalT, 8: 8;16 2;sahasrāradarśanāya sadā jāgratsvarūpiṇī ||;
ToḍalT, 8: 8;17 1;yadaiva brahmamārgeṇa sahasrāre samutthitā |;
ToḍalT, 8: 8;17 2;tadaiva parameśāni śvāsocchvāsavikāśanam ||;
ToḍalT, 8: 8;18 1;kesarasya tu madhye ca catuḥpattre sureśvari |;
ToḍalT, 8: 8;18 2;anantarūpiṇī durgā śambhuś cānantarūpadhṛk ||;
ToḍalT, 8: 8;19 1;nānāsukhavilāsena sadā kāmena vartate |;
ToḍalT, 8: 8;19 2;śrīdevī uvāca |;
ToḍalT, 8: 8;19 3;liṅgacchidraṁ samākṛṣya saṁsthitā kuṇḍalī katham ||;
ToḍalT, 8: 8;20 1;kathayasva sadānanda sarvajñastvaṁ sureśvara |;
ToḍalT, 8: 8;20 2;śrīśiva uvāca |;
ToḍalT, 8: 8;20 3;liṅgamadhye mahattejo vahnirūpaṁ ca sundari ||;
ToḍalT, 8: 8;21 1;yat kiṁcid vāyuyogena brahmāṇḍo dahyate yataḥ |;
ToḍalT, 8: 8;21 2;ataḥ sā kuṇḍalī devī mukhenācchādya saṁsthitā ||;
ToḍalT, 8: 8;22 1;tenaiva pārthive liṅge binduśaktiṁ niyojayet |;
ToḍalT, 8: 8;22 2;binduśaktiṁ samutthāpya liṅgapūjā prakīrtitā ||;
ToḍalT, 9: 9;1 1;śrīdevī uvāca |;
ToḍalT, 9: 9;1 2;tripurāyā mahāmantraṁ nityātantre śrutaṁ mayā |;
ToḍalT, 9: 9;1 3;idānīṁ śrotum icchāmi navārṇasya ca vāsanām ||;
ToḍalT, 9: 9;2 1;śrīśiva uvāca |;
ToḍalT, 9: 9;2 2;bhūmiś candraḥ śivo māyā śaktiḥ kṛśānusādanau |;
ToḍalT, 9: 9;2 3;ardhacandraśca binduśca navārṇo merurucyate ||;
ToḍalT, 9: 9;3 1;bhūmibījajapādeva bhūpatir jāyate .cirāt |;
ToḍalT, 9: 9;3 2;candrabījajapādeva mahāsaundaryamāpnuyāt ||;
ToḍalT, 9: 9;4 1;śivabījajapād eva śivavadviharet kṣitau |;
ToḍalT, 9: 9;4 2;ekatroccāraṇāt satyaṁ caturvargaphalapradam ||;
ToḍalT, 9: 9;5 1;śrīdevī uvāca |;
ToḍalT, 9: 9;5 2;yattvayā kathitaṁ nātha yogajñānādikaṁ layam |;
ToḍalT, 9: 9;5 3;yāvat kāmādi saṁdīpyo bhāvayogo na labhyate ||;
ToḍalT, 9: 9;6 1;ūrdhvaretā mahāyogī tadadhaḥ śaktiyogataḥ |;
ToḍalT, 9: 9;6 2;brūhi me jagatāṁnātha kathaṁ dīrghāyuṣaṁ bhavet ||;
ToḍalT, 9: 9;7 1;śrīśiva uvāca |;
ToḍalT, 9: 9;7 2;śṛṇu devi pravakṣyāmi yena dīrghāyuṣaṁ bhavet |;
ToḍalT, 9: 9;7 3;śrutvā gopaya yatnena na prakāśyaṁ kadācana ||;
ToḍalT, 9: 9;8 1;pūjayet kālikāṁ devīṁ tāriṇīṁ vātha sundarīm |;
ToḍalT, 9: 9;8 2;ṣoḍaśenopacāreṇa pañcatattvena pārvati ||;
ToḍalT, 9: 9;9 1;dinatrayaṁ pūjayitvā ṣaṭcakraṁ cintayedatha |;
ToḍalT, 9: 9;9 2;tatastu parameśāni mālāmantraṁ samabhyaset ||;
ToḍalT, 9: 9;10 1;ṣoḍaśī vā mahāpūrvā pattre cābhyāsamācaret |;
ToḍalT, 9: 9;10 2;catuṣpattre cāṣṭavāraṁ ṣaṭpattre dvādaśaṁ japet ||;
ToḍalT, 9: 9;11 1;daśapattre viṁśatiṁ ca dvādaśe vedanetrakam |;
ToḍalT, 9: 9;11 2;ṣoḍaśe daśasaṁkhyaṁ tu caturvāraṁ śruvo.ṣṭakam ||;
ToḍalT, 9: 9;12 1;kumbhakena japenmantraṁ mālāṣaṭke sureśvari |;
ToḍalT, 9: 9;12 2;evaṁ krameṇa deveśi sthiramāyuryadā bhavet ||;
ToḍalT, 9: 9;13 1;prajapedakṣamālāyāṁ yena mṛtyuṁjayo bhavet |;
ToḍalT, 9: 9;13 2;śrīdevī uvāca |;
ToḍalT, 9: 9;13 3;mūlacakrācchiro.ntā ca suṣumnā parikīrtitā |;
ToḍalT, 9: 9;13 4;tadgarbhasthā ca yā śaktiḥ sā devī kuṇḍarūpikā ||;
ToḍalT, 9: 9;14 1;sadā kuṇḍalinī devī pañcāśadvarṇabhūṣitā |;
ToḍalT, 9: 9;14 2;mālārūpā kathaṁ deva iti me saṁśayo hṛdi ||;
ToḍalT, 9: 9;15 1;śrīśiva uvāca |;
ToḍalT, 9: 9;15 2;sahasrāre mahāpadme bījakośe śivālaye |;
ToḍalT, 9: 9;15 3;haṁsena vāyuyogena pūrakeṇa samānayet ||;
ToḍalT, 9: 9;16 1;sahasrāraṁ tu samprāpya śivaṁ dṛṣṭvā tu kāminī |;
ToḍalT, 9: 9;16 2;mālākāreṇa talliṅgaṁ saṁveṣṭya kuṇḍalī sadā ||;
ToḍalT, 9: 9;17 1;akārādilakārāntā kṣakāraṁ vaktrasaṁyutam |;
ToḍalT, 9: 9;17 2;caramārṇaṁ sarandhraṁ ca nijapucchena kāminī ||;
ToḍalT, 9: 9;18 1;bhedayitvā svapucchena nāgapāśaṁ tadūrdhvake |;
ToḍalT, 9: 9;18 2;etatkāraṇaṁ saṁvyāpya saṁsthitā kuṇḍalī yadā ||;
ToḍalT, 9: 9;19 1;tadaiva prajapenmantram amaratvaṁ sa vindati |;
ToḍalT, 9: 9;19 2;recanāt kāminī devī praviśantī svaketanam ||;
ToḍalT, 9: 9;20 1;na tatra prajapenmantraṁ japānmṛtyumavāpnuyāt |;
ToḍalT, 9: 9;20 2;recake chinnamālāyāṁ satyaṁ hi suravandite ||;
ToḍalT, 9: 9;21 1;chinne sūtre bhavenmṛtyuḥ puraiva kathitaṁ mayā |;
ToḍalT, 9: 9;21 2;iti te kathitaṁ kānte yato mṛtyuṁjayo bhavet ||;
ToḍalT, 9: 9;22 1;athavā nijanāsāgre dṛṣṭimāropya yatnataḥ |;
ToḍalT, 9: 9;22 2;vāyuṁ saṁdhārya yatnena ekoccāreṇa coccaret ||;
ToḍalT, 9: 9;23 1;mālāmantraṁ ṣoḍaśīṁ vā tathā cāṣṭādaśākṣarīm |;
ToḍalT, 9: 9;23 2;sahasraṁ prajapenmantraṁ pratyahaṁ yadi pārvati ||;
ToḍalT, 9: 9;24 1;jitvā mṛtyuṁ jarāṁ rogaṁ dīrghakālaṁ sa jīvati |;
ToḍalT, 9: 9;24 2;etadanyaṁ mahāyogaṁ bhogārthī nahi labhyate ||;
ToḍalT, 9: 9;25 1;athavā parameśāni ḍāmaroktavidhānataḥ |;
ToḍalT, 9: 9;25 2;yajet kātyāyanīṁ devīṁ bhūtapūrvāṁ prayatnataḥ ||;
ToḍalT, 9: 9;26 1;tadā pañcasahasrābdaṁ niścitaṁ tu sa jīvati |;
ToḍalT, 9: 9;26 2;iti te kathitaṁ sarvaṁ deharakṣaṇakāraṇam ||;
ToḍalT, 9: 9;27 1;na bhogī bhogamāpnoti yogī yogo na labhyate |;
ToḍalT, 9: 9;27 2;etattattvena deveśi bhogo yogāyate dhruvam ||;
ToḍalT, 9: 9;28 1;śrīdevī uvāca |;
ToḍalT, 9: 9;28 2;yanmālāyāṁ japenaiva kiṁ phalaṁ labhate naraḥ |;
ToḍalT, 9: 9;28 3;pṛthak pṛthaṅ mahādeva pattramālāphalaṁ vada ||;
ToḍalT, 9: 9;29 1;śrīśiva uvāca |;
ToḍalT, 9: 9;29 2;bhūmikāmī japen mantraṁ mūlādhāre catuṣṭaye |;
ToḍalT, 9: 9;29 3;svādhiṣṭhāne japādeva mahendro jāyate.cirāt ||;
ToḍalT, 9: 9;30 1;maṇipūre japādeva bhavet svargasya bhājanam |;
ToḍalT, 9: 9;30 2;anāhate mahāpadme japād brahmapuraṁ vrajet ||;
ToḍalT, 9: 9;31 1;viśuddhākhye japādeva viṣṇuloke vased dhruvam |;
ToḍalT, 9: 9;31 2;ājñācakre ca japtavye śvetadvīpe vaset sadā ||;
ToḍalT, 9: 9;32 1;yanmālā parameśāni bāhyamālā prakīrtitā |;
ToḍalT, 9: 9;32 2;antarmālā mahāmālā pañcāśadvarṇarūpiṇī ||;
ToḍalT, 9: 9;33 1;māhātmyaṁ tasya deveśi kiṁ vaktuṁ śakyate mayā |;
ToḍalT, 9: 9;33 2;sahasrāre sthirībhūya yadi cāṣṭaśataṁ japet ||;
ToḍalT, 9: 9;34 1;tatphalāt koṭibhāgaikaṁ bhāgaṁ cānyena vidyate |;
ToḍalT, 9: 9;34 2;pṛthivyāmavyayo deho bhavatyeva na saṁśayaḥ ||;
ToḍalT, 9: 9;35 1;yanmālāyāṁ japenmantramabhyāsārthaṁ hi pārvati |;
ToḍalT, 9: 9;35 2;iti te kathitaṁ devi cirajīvī yathā bhavet ||;
ToḍalT, 9: 9;36 1;idānīṁ parameśāni bhūtakātyāyanīṁ śṛṇu |;
ToḍalT, 9: 9;36 2;vedādyaṁ śabdabījaṁ ca mahāmāyāṁ tataḥ param ||;
ToḍalT, 9: 9;37 1;astrayugmaṁ vahnijāyā manuḥ saptākṣaraḥ paraḥ |;
ToḍalT, 9: 9;37 2;śrīśivo.sya ṛṣiḥ prokto virāṭ chanda udāhṛtam ||;
ToḍalT, 9: 9;38 1;bhūtakātyāyanī devī dharmārthakāmadā sadā |;
ToḍalT, 9: 9;38 2;praṇavena ṣaḍaṅgaṁ ca prāṇāyāmaṁ ca sundari ||;
ToḍalT, 9: 9;39 1;dhyānamasyāḥ pravakṣyāmi śṛṇu sundari sādaram |;
ToḍalT, 9: 9;39 2;gauravarṇāṁ muktakeśīṁ sarvābharaṇabhūṣitām ||;
ToḍalT, 9: 9;40 1;paṭṭavastraparīdhānāṁ sadā ghūrṇitalocanām |;
ToḍalT, 9: 9;40 2;vāmapāṇau raktapūrṇakharparaṁ dakṣiṇe kare ||;
ToḍalT, 9: 9;41 1;madyapūrṇasvarṇapātrāṁ grīvāyāṁ hārabhūṣitām |;
ToḍalT, 9: 9;41 2;śaraccandrasamābhāsāṁ pādāṅgulivirājitām ||;
ToḍalT, 9: 9;42 1;evaṁ tāṁ varadāṁ nityāṁ bhāvayet siddhihetave |;
ToḍalT, 9: 9;42 2;sāmānyārghyaṁ tato devi svavāme vinyasettataḥ ||;
ToḍalT, 9: 9;43 1;jīvanyāsādikaṁ kṛtvā pūjayet parameśvarīm |;
ToḍalT, 9: 9;43 2;ṣoḍaśenopacāreṇa pañcatattvena sundari ||;
ToḍalT, 9: 9;44 1;yajettāṁ bahuyatnena gṛhamadhye dinatrayam |;
ToḍalT, 9: 9;44 2;tato japenmahāmantraṁ gajāntakasahasrakam ||;
ToḍalT, 9: 9;45 1;tataśca pūjayed devīṁ śūnyāgāre dinatrayam |;
ToḍalT, 9: 9;45 2;pratyahaṁ prajapenmantraṁ gajāntakasahasrakam ||;
ToḍalT, 9: 9;46 1;eva kṛte maheśāni yadi siddhirna jāyate |;
ToḍalT, 9: 9;46 2;tataśca prajapenmantraṁ pitṛbhūmau dinatrayam ||;
ToḍalT, 9: 9;47 1;tataḥ siddhirbhaved devi satyaṁ satyaṁ hi supriye |;
ToḍalT, 9: 9;47 2;tadvākyaṁ prārthanāvākyaṁ ḍāmarākhye mayoditam ||;
ToḍalT, 10: 10;1 1;śrīdevī uvāca |;
ToḍalT, 10: 10;1 2;kākīcañcuṁ mahāmudrāṁ kathayasva dayānidhe |;
ToḍalT, 10: 10;1 3;yena rūpeṇa deveśa dehāsanaparo bhavet ||;
ToḍalT, 10: 10;2 1;śrīśiva uvāca |;
ToḍalT, 10: 10;2 2;anākulena deveśi jihvāṁ paramayatnataḥ |;
ToḍalT, 10: 10;2 3;tālumūle nyaset paścāt tato vāyuṁ pibet śanaiḥ ||;
ToḍalT, 10: 10;3 1;dantairdantān samāpīḍya kākīcañcuṁ samabhyaset |;
ToḍalT, 10: 10;3 2;bahuyonyuktavidhinā sarvakarmāṇi sādhayet ||;
ToḍalT, 10: 10;4 1;athātaḥ sampravakṣyāmi svalpayoniṁ śṛṇu priye |;
ToḍalT, 10: 10;4 2;gudachidre dakṣagulphaṁ saṁdhau liṅgaṁ vinikṣipet ||;
ToḍalT, 10: 10;5 1;nābhirandhre.thavā gulphaṁ dhārayed vāmahastake |;
ToḍalT, 10: 10;5 2;bahuyonyuktavidhinā cānyat sarvaṁ samāpayet ||;
ToḍalT, 10: 10;6 1;mudrā caitanyatantre ca māhātmyaṁ kathitaṁ mayā |;
ToḍalT, 10: 10;6 2;yathā hemagirirdevi yathā vegavatī nadī ||;
ToḍalT, 10: 10;7 1;candrādikaṁ yathā devi cirajīvī tathā bhavet |;
ToḍalT, 10: 10;7 2;śrīdevī uvāca |;
ToḍalT, 10: 10;7 3;daśāvatāraṁ deveśa brūhi me jagatāṁ guro ||;
ToḍalT, 10: 10;8 1;idānīṁ śrotumicchāmi kathayasva suvistarāt |;
ToḍalT, 10: 10;8 2;kā vā devī kathaṁbhūtā vada me parameśvara ||;
ToḍalT, 10: 10;9 1;śrīśiva uvāca |;
ToḍalT, 10: 10;9 2;tārā devī nīlarūpā vagalā kūrmamūrtikā |;
ToḍalT, 10: 10;9 3;dhūmāvatī varāhaṁ syāt chinnamastā nṛsiṁhikā ||;
ToḍalT, 10: 10;10 1;bhuvaneśvarī vāmanaḥ syānmātaṁgī rāmamūrtikā |;
ToḍalT, 10: 10;10 2;tripurā jāmadagnyaḥ syād balabhadrastu bhairavī ||;
ToḍalT, 10: 10;11 1;mahālakṣmīr bhavet buddho durgā syāt kalkirūpiṇī |;
ToḍalT, 10: 10;11 2;svayaṁ bhagavatī kālī kṛṣṇamūrtiḥ samudbhavā ||;
ToḍalT, 10: 10;12 1;iti te kathitaṁ devyavatāraṁ daśamameva hi |;
ToḍalT, 10: 10;12 2;etāsāṁ pūjanād devi mahādevasamo bhavet |;
ToḍalT, 10: 10;12 3;āsāṁ dhyānādikaṁ sarvaṁ kathitaṁ me purā tava ||;
