text_2021,text_2026,sent_2021,sent_2026,tok_2021,tok_2026,tok_delta
Abhidharmakośa,Abhidharmakośa,195,147,1331,1091,-240
Abhidharmakośabhāṣya,Abhidharmakośabhāṣya,8,8,107,118,11
Abhidhānacintāmaṇi,Abhidhānacintāmaṇi,932,677,4326,4471,145
Abhinavacintāmaṇi,Abhinavacintāmaṇi,159,332,2603,2604,1
Acintyastava,Acintyastava,60,119,894,910,16
Agastīyaratnaparīkṣā,Agastīyaratnaparīkṣā,42,86,604,608,4
Agnipurāṇa,Agnipurāṇa,665,1232,8333,8363,30
Aitareyabrāhmaṇa,Aitareyabrāhmaṇa,2619,4200,45706,55243,9537
Aitareyopaniṣad,Aitareyopaniṣad,33,141,843,848,5
Amarakośa,Amarakośa,1049,1888,11967,11968,1
Amaraughaśāsana,Amaraughaśāsana,80,81,1020,1020,0
Amaruśataka,Amaruśataka,106,212,3219,3221,2
Amṛtabindūpaniṣat,Amṛtabindūpaniṣat,8,15,97,97,0
Arthaśāstra,Arthaśāstra,1921,2071,19415,20415,1000
Atharvaprāyaścittāni,Atharvaprāyaścittāni,82,984,517,7848,7331
Atharvaveda Śaunaka),Atharvaveda (Śaunaka),3300,9105,52925,71249,18324
Atharvavedapariśiṣṭa,Atharvavedapariśiṣṭa,30,245,24,1695,1671
Avadānaśataka,Avadānaśataka,253,1496,19812,19890,78
Ayurvedarasāyana,Ayurvedarasāyana,542,561,4103,4113,10
Aṣṭasāhasrikā,Aṣṭasāhasrikā,274,2362,43156,43457,301
Aṣṭādhyāyī,Aṣṭādhyāyī,3983,3982,15460,15455,-5
Aṣṭāvakragīta,Aṣṭāvakragīta,303,617,4552,4572,20
Aṣṭāṅgahṛdayasaṃhitā,Aṣṭāṅgahṛdayasaṃhitā,7443,14944,107441,107515,74
Aṣṭāṅganighaṇṭu,Aṣṭāṅganighaṇṭu,408,814,4484,4477,-7
Aṣṭāṅgasaṃgraha,Aṣṭāṅgasaṃgraha,66,246,2184,2187,3
Baudhāyanadharmasūtra,Baudhāyanadharmasūtra,184,2151,1680,14751,13071
Baudhāyanagṛhyasūtra,Baudhāyanagṛhyasūtra,277,1498,2648,14999,12351
Baudhāyanaśrautasūtra,Baudhāyanaśrautasūtra,169,4523,938,39205,38267
Bhadrabāhucarita,Bhadrabāhucarita,16,32,210,210,0
Bhairavastava,Bhairavastava,11,21,204,204,0
Bhallaṭaśataka,Bhallaṭaśataka,103,206,2809,2810,1
Bhramarāṣṭaka,Bhramarāṣṭaka,8,16,216,216,0
Bhāgavatapurāṇa,Bhāgavatapurāṇa,5183,10597,77591,77801,210
Bhāradvājagṛhyasūtra,Bhāradvājagṛhyasūtra,28,1188,504,11643,11139
Bhāratamañjarī,Bhāratamañjarī,7843,12546,85562,85655,93
Bhāvaprakāśa,Bhāvaprakāśa,912,1839,13054,13064,10
Bodhicaryāvatāra,Bodhicaryāvatāra,913,1824,13720,13770,50
Brahmabindūpaniṣat,Brahmabindūpaniṣat,22,44,320,322,2
Buddhacarita,Buddhacarita,1046,2069,19017,19065,48
Bījanighaṇṭu,Bījanighaṇṭu,87,118,775,774,-1
Bṛhadāraṇyakopaniṣad,Bṛhadāraṇyakopaniṣad,442,2561,18821,19014,193
Bṛhatkathāślokasaṃgraha,Bṛhatkathāślokasaṃgraha,4539,9061,62090,62202,112
Carakasaṃhitā,Carakasaṃhitā,4917,8578,94636,94852,216
Carakatattvapradīpikā,Carakatattvapradīpikā,7,7,121,121,0
Caurapañcaśikā,Caurapañcaśikā,50,100,1182,1183,1
Chāndogyopaniṣad,Chāndogyopaniṣad,621,2270,15570,15905,335
Commentary on Amaraughaśāsana,Commentary on Amaraughaśāsana,45,60,672,673,1
Commentary on the Kādambarīsvīkaraṇasūtramañjarī,Commentary on the Kādambarīsvīkaraṇasūtramañjarī,124,124,1899,1902,3
Daśakumāracarita,Daśakumāracarita,1897,2129,35076,35188,112
Devīkālottarāgama,Devīkālottarāgama,84,169,1257,1263,6
Devīmāhātmya,Devīmāhātmya,79,30,24,192,168
Dhanurveda,Dhanurveda,227,454,3139,3140,1
Dhanvantarinighaṇṭu,Dhanvantarinighaṇṭu,513,1062,6938,6939,1
Divyāvadāna,Divyāvadāna,5655,5802,67394,67449,55
Garbhopaniṣat,Garbhopaniṣat,12,35,558,559,1
Garuḍapurāṇa,Garuḍapurāṇa,5125,10775,75643,75739,96
Gautamadharmasūtra,Gautamadharmasūtra,997,933,5613,5696,83
Gaṇakārikā,Gaṇakārikā,8,12,95,95,0
Gheraṇḍasaṃhitā,Gheraṇḍasaṃhitā,367,788,5372,5381,9
Gobhilagṛhyasūtra,Gobhilagṛhyasūtra,16,1015,1317,7399,6082
Gokarṇapurāṇasāraḥ,Gokarṇapurāṇasāraḥ,1024,2198,14681,14697,16
Gopathabrāhmaṇa NEW,Gopathabrāhmaṇa,1045,4425,7468,30459,22991
Gorakṣaśataka,Gorakṣaśataka,100,201,1470,1469,-1
Gītagovinda,Gītagovinda,428,692,6020,6020,0
Gūḍhārthadīpikā,Gūḍhārthadīpikā,466,615,4822,4822,0
Gṛhastharatnākara,Gṛhastharatnākara,119,204,1538,1542,4
Haribhaktivilāsa,Haribhaktivilāsa,1712,4223,28837,28884,47
Harṣacarita,Harṣacarita,276,1343,41,33503,33462
Haṃsadūta,Haṃsadūta,142,284,2618,3906,1288
Haṃsasaṃdeśa,Haṃsasaṃdeśa,60,120,620,1631,1011
Haṭhayogapradīpikā,Haṭhayogapradīpikā,394,797,5656,5659,3
Hiraṇyakeśigṛhyasūtra,Hiraṇyakeśigṛhyasūtra,70,1204,1154,10383,9229
Hitopadeśa,Hitopadeśa,718,3432,24958,25040,82
Indu ad AHS),Indu (ad AHS),3,3,18,18,0
Jaiminigṛhyasūtra,Jaiminigṛhyasūtra,71,766,6778,7109,331
Jaiminīyabrāhmaṇa,Jaiminīyabrāhmaṇa,364,7472,2531,53735,51204
Janmamaraṇavicāra,Janmamaraṇavicāra,193,343,3252,3259,7
Kaiyadevanighaṇṭu,Kaiyadevanighaṇṭu,149,297,1826,1826,0
Kathāsaritsāgara,Kathāsaritsāgara,4618,14962,66531,111298,44767
Kauśikasūtra,Kauśikasūtra,827,3394,5213,22833,17620
Kauśikasūtradārilabhāṣya,Kauśikasūtradārilabhāṣya,20,95,440,522,82
Kauṣītakyupaniṣad,Kauṣītakyupaniṣad,21,149,747,864,117
Kaṭhopaniṣad,Kaṭhopaniṣad,120,257,2120,2129,9
Khādiragṛhyasūtra,Khādiragṛhyasūtra,314,488,1999,3358,1359
Kirātārjunīya,Kirātārjunīya,1040,2079,18408,18439,31
Kokilasaṃdeśa,Kokilasaṃdeśa,162,324,4640,4640,0
Kumārasaṃbhava,Kumārasaṃbhava,613,1225,10237,10261,24
Kādambarīsvīkaraṇasūtramañjarī,Kādambarīsvīkaraṇasūtramañjarī,33,33,265,266,1
Kālikāpurāṇa,Kālikāpurāṇa,292,593,4090,4093,3
Kāmasūtra,Kāmasūtra,1007,2356,18839,18909,70
Kātyāyanasmṛti,Kātyāyanasmṛti,976,1966,14266,14317,51
Kātyāyanaśrautasūtra,Kātyāyanaśrautasūtra,32,2233,106,12528,12422
Kāvyādarśa,Kāvyādarśa,477,650,4445,4462,17
Kāvyālaṃkāra,Kāvyālaṃkāra,397,801,5584,5593,9
Kāvyālaṃkāravṛtti,Kāvyālaṃkāravṛtti,17,17,71,71,0
Kāśikāvṛtti,Kāśikāvṛtti,60,518,2859,2875,16
Kāṭhakagṛhyasūtra,Kāṭhakagṛhyasūtra,9,864,177,7324,7147
Kūrmapurāṇa,Kūrmapurāṇa,5918,12213,81766,81928,162
Kṛṣiparāśara,Kṛṣiparāśara,244,530,3860,3863,3
Kṛṣṇāmṛtamahārṇava,Kṛṣṇāmṛtamahārṇava,229,487,3300,3304,4
Lalitavistara,Lalitavistara,948,1860,25216,25309,93
Laṅkāvatārasūtra,Laṅkāvatārasūtra,218,1071,13228,13599,371
Liṅgapurāṇa,Liṅgapurāṇa,9329,18462,127403,127599,196
Madanapālanighaṇṭu,Madanapālanighaṇṭu,461,977,6181,6186,5
Mahābhārata,Mahābhārata,73725,168167,1145830,1147887,2057
Mahācīnatantra,Mahācīnatantra,81,84,546,546,0
Maitrāyaṇīsaṃhitā,Maitrāyaṇīsaṃhitā,410,12008,5664,65375,59711
Manusmṛti,Manusmṛti,2681,5229,37609,37660,51
Matsyapurāṇa,Matsyapurāṇa,8489,17925,122615,122842,227
Maṇimāhātmya,Maṇimāhātmya,58,127,913,913,0
Meghadūta,Meghadūta,122,244,3387,3393,6
Mugdhāvabodhinī,Mugdhāvabodhinī,2024,2340,30124,30166,42
Mukundamālā,Mukundamālā,34,68,908,909,1
Muṇḍakopaniṣad,Muṇḍakopaniṣad,66,143,1300,1285,-15
Mānavagṛhyasūtra,Mānavagṛhyasūtra,6,949,81,7957,7876
Mātṛkābhedatantra,Mātṛkābhedatantra,558,1181,7840,7842,2
Mūlamadhyamakārikāḥ,Mūlamadhyamakārikāḥ,203,878,2849,6547,3698
Mṛgendratantra,Mṛgendratantra,239,459,3308,3328,20
Mṛgendraṭīkā,Mṛgendraṭīkā,1578,1711,22078,22416,338
Narasiṃhapurāṇa,Narasiṃhapurāṇa,67,73,502,503,1
Narmamālā,Narmamālā,406,816,5578,5583,5
Nibandhasaṃgraha,Nibandhasaṃgraha,614,1386,7335,7356,21
Nighaṇṭuśeṣa,Nighaṇṭuśeṣa,207,411,2003,2003,0
Nirukta,Nirukta,141,799,807,3713,2906
Nyāyabhāṣya,Nyāyabhāṣya,154,87,952,958,6
Nyāyabindu,Nyāyabindu,69,36,159,237,78
Nyāyasūtra,Nyāyasūtra,535,535,3334,3396,62
Nādabindūpaniṣat,Nādabindūpaniṣat,21,40,272,274,2
Nāradasmṛti,Nāradasmṛti,929,1861,13275,13336,61
Nāḍīparīkṣā,Nāḍīparīkṣā,96,195,1553,1554,1
Nāṭyaśāstra,Nāṭyaśāstra,750,1137,7842,7849,7
Nāṭyaśāstravivṛti,Nāṭyaśāstravivṛti,282,302,2585,2603,18
Padārthacandrikā,Padārthacandrikā,8,8,28,28,0
Paramānandīyanāmamālā,Paramānandīyanāmamālā,18,36,211,211,0
Paraśurāmakalpasūtra,Paraśurāmakalpasūtra,98,93,1722,1722,0
Parāśaradharmasaṃhitā,Parāśaradharmasaṃhitā,582,1147,8176,8183,7
Parāśarasmṛtiṭīkā,Parāśarasmṛtiṭīkā,874,1369,7550,7596,46
Pañcaviṃśabrāhmaṇa,Pañcaviṃśabrāhmaṇa,313,2629,28696,29329,633
Pañcārthabhāṣya,Pañcārthabhāṣya,2992,3360,23170,23412,242
Prasannapadā,Prasannapadā,91,35,409,303,-106
Pāraskaragṛhyasūtra,Pāraskaragṛhyasūtra,96,803,661,8131,7470
Pāśupatasūtra,Pāśupatasūtra,155,152,493,499,6
Rasahṛdayatantra,Rasahṛdayatantra,517,1035,8113,8120,7
Rasakāmadhenu,Rasakāmadhenu,459,1107,7874,7875,1
Rasamañjarī,Rasamañjarī,866,1740,12578,12579,1
Rasaprakāśasudhākara,Rasaprakāśasudhākara,1058,2121,15604,15610,6
Rasaratnasamuccaya,Rasaratnasamuccaya,1902,3840,28084,28096,12
Rasaratnasamuccayabodhinī,Rasaratnasamuccayabodhinī,556,587,6426,6430,4
Rasaratnasamuccayadīpikā,Rasaratnasamuccayadīpikā,8,8,82,82,0
Rasaratnasamuccayaṭīkā,Rasaratnasamuccayaṭīkā,1113,1211,12166,12180,14
Rasaratnākara,Rasaratnākara,3702,7455,52756,52761,5
Rasasaṃketakalikā,Rasasaṃketakalikā,300,610,4543,4546,3
Rasataraṅgiṇī,Rasataraṅgiṇī,186,374,2683,2684,1
Rasendracintāmaṇi,Rasendracintāmaṇi,846,1706,13305,13310,5
Rasendracūḍāmaṇi,Rasendracūḍāmaṇi,1210,2469,17903,17920,17
Rasendrasārasaṃgraha,Rasendrasārasaṃgraha,386,817,5676,5676,0
Rasikapriyā,Rasikapriyā,18,35,346,346,0
Rasikasaṃjīvanī,Rasikasaṃjīvanī,15,17,166,166,0
Rasādhyāya,Rasādhyāya,481,971,6640,6641,1
Rasādhyāyaṭīkā,Rasādhyāyaṭīkā,676,686,7764,7780,16
Rasārṇava,Rasārṇava,2318,4706,31928,31936,8
Rasārṇavakalpa,Rasārṇavakalpa,355,708,4796,4798,2
Ratnadīpikā,Ratnadīpikā,126,214,1467,1468,1
Ratnaṭīkā,Ratnaṭīkā,565,514,5392,5445,53
Rājamārtaṇḍa,Rājamārtaṇḍa,105,75,761,765,4
Rājanighaṇṭu,Rājanighaṇṭu,3678,6851,49954,49969,15
Rāmāyaṇa,Rāmāyaṇa,18753,38004,261058,261568,510
Sarvadarśanasaṃgraha,Sarvadarśanasaṃgraha,52,116,1048,1052,4
Sarvāṅgasundarā,Sarvāṅgasundarā,901,938,9063,9102,39
Saundarānanda,Saundarānanda,1063,2128,18982,19008,26
Saṃvitsiddhi,Saṃvitsiddhi,207,443,3398,3403,5
Saṅghabhedavastu,Saṅghabhedavastu,210,218,7630,7642,12
Skandapurāṇa,Skandapurāṇa,1063,2408,16431,16479,48
Skandapurāṇa Revākhaṇḍa),Skandapurāṇa (Revākhaṇḍa),8008,16478,114012,113333,-679
Smaradīpikā,Smaradīpikā,229,124,913,1031,118
Spandakārikā,Spandakārikā,53,104,746,757,11
Spandakārikānirṇaya,Spandakārikānirṇaya,494,611,10213,10650,437
Sphuṭārthāvyākhyā,Sphuṭārthāvyākhyā,31,31,358,379,21
Suśrutasaṃhitā,Suśrutasaṃhitā,8299,15906,146441,146721,280
Sātvatatantra,Sātvatatantra,701,1416,10044,10061,17
Sāṃkhyakārikā,Sāṃkhyakārikā,73,146,1067,1073,6
Sāṃkhyakārikābhāṣya,Sāṃkhyakārikābhāṣya,122,1289,9955,9994,39
Sāṃkhyatattvakaumudī,Sāṃkhyatattvakaumudī,20,634,5848,5937,89
Sūryasiddhānta,Sūryasiddhānta,139,278,2138,2142,4
Sūryaśataka,Sūryaśataka,17,34,593,597,4
Sūryaśatakaṭīkā,Sūryaśatakaṭīkā,361,362,2322,2328,6
Taittirīyasaṃhitā,Taittirīyasaṃhitā,60,8916,1941,47989,46048
Taittirīyopaniṣad,Taittirīyopaniṣad,14,510,407,2462,2055
Tantrasāra,Tantrasāra,759,732,14139,14215,76
Tantrākhyāyikā,Tantrākhyāyikā,1032,1102,8301,8311,10
Tantrāloka,Tantrāloka,3049,5444,41254,41311,57
Tarkasaṃgraha,Tarkasaṃgraha,77,323,1962,1978,16
Tattvavaiśāradī,Tattvavaiśāradī,17,17,203,203,0
Toḍalatantra,Toḍalatantra,396,849,5452,5463,11
Trikāṇḍaśeṣa,Trikāṇḍaśeṣa,81,161,904,904,0
Uḍḍāmareśvaratantra,Uḍḍāmareśvaratantra,409,1148,10910,10923,13
Vaikhānasadharmasūtra,Vaikhānasadharmasūtra,41,428,4896,5213,317
Vaikhānasagṛhyasūtra,Vaikhānasagṛhyasūtra,62,506,7752,8163,411
Vaiśeṣikasūtra,Vaiśeṣikasūtra,384,385,2120,2133,13
Vaiśeṣikasūtravṛtti,Vaiśeṣikasūtravṛtti,731,742,8649,8680,31
Varāhapurāṇa,Varāhapurāṇa,39,91,621,622,1
Vetālapañcaviṃśatikā,Vetālapañcaviṃśatikā,73,102,975,814,-161
Viṃśatikākārikā,Viṃśatikākārikā,22,45,342,343,1
Viṃśatikāvṛtti,Viṃśatikāvṛtti,182,184,1854,1860,6
Viṣṇupurāṇa,Viṣṇupurāṇa,6254,11980,87516,87622,106
Viṣṇusmṛti,Viṣṇusmṛti,2853,3328,19168,19296,128
Vārāhagṛhyasūtra,Vārāhagṛhyasūtra,369,649,4602,4840,238
Vātūlanāthasūtras,Vātūlanāthasūtras,13,13,84,84,0
Vātūlanāthasūtravṛtti,Vātūlanāthasūtravṛtti,106,106,2058,2062,4
Vṛddhayamasmṛti,Vṛddhayamasmṛti,70,68,440,442,2
Yogaratnākara,Yogaratnākara,406,848,6478,6481,3
Yogasūtra,Yogasūtra,194,186,1137,1144,7
Yogasūtrabhāṣya,Yogasūtrabhāṣya,794,1029,9976,10012,36
Yājñavalkyasmṛti,Yājñavalkyasmṛti,1011,2020,14205,14280,75
Ānandakanda,Ānandakanda,5978,12074,83767,83818,51
Āpastambagṛhyasūtra,Āpastambagṛhyasūtra,404,365,3120,3132,12
Āpastambaśrautasūtra,Āpastambaśrautasūtra,91,4142,861,33857,32996
Āryāsaptaśatī,Āryāsaptaśatī,732,1464,11797,11811,14
Āyurvedadīpikā,Āyurvedadīpikā,2844,2934,38721,38924,203
Āśvalāyanagṛhyasūtra,Āśvalāyanagṛhyasūtra,101,799,1088,7046,5958
Śatakatraya,Śatakatraya,324,648,8688,8702,14
Śatapathabrāhmaṇa,Śatapathabrāhmaṇa,157,15402,3718,144139,140421
Śikṣāsamuccaya,Śikṣāsamuccaya,126,107,791,792,1
"Śira\""upaniṣad",Śira'upaniṣad,45,104,1577,1585,8
Śivapurāṇa,Śivapurāṇa,42,85,827,827,0
Śivasūtra,Śivasūtra,74,74,297,299,2
Śivasūtravārtika,Śivasūtravārtika,743,756,5341,5345,4
Śukasaptati,Śukasaptati,222,1212,9668,9678,10
Śvetāśvataropaniṣad,Śvetāśvataropaniṣad,113,223,2100,2147,47
Śyainikaśāstra,Śyainikaśāstra,375,745,5271,5276,5
Śāktavijñāna,Śāktavijñāna,30,60,427,427,0
Śārṅgadharasaṃhitā,Śārṅgadharasaṃhitā,407,812,5617,5617,0
Śārṅgadharasaṃhitādīpikā,Śārṅgadharasaṃhitādīpikā,1333,1821,14761,14766,5
Śāṅkhāyanagṛhyasūtra,Śāṅkhāyanagṛhyasūtra,102,1055,750,8282,7532
Śāṅkhāyanāraṇyaka,Śāṅkhāyanāraṇyaka,1556,1577,12700,12747,47
Ṛgveda,Ṛgveda,10552,21253,170845,169972,-873
Ṛgvedakhilāni,Ṛgvedakhilāni,82,941,1315,7505,6190
Ṛgvedavedāṅgajyotiṣa,Ṛgvedavedāṅgajyotiṣa,36,24,185,185,0
Ṛtusaṃhāra,Ṛtusaṃhāra,158,316,3130,3133,3
Ṭikanikayātrā,Ṭikanikayātrā,108,191,1614,1615,1
,Aitareya-Āraṇyaka,,937,,10283,
,Atharvaveda (Paippalāda),,4099,,31212,
,Bhāradvājaśrautasūtra,,3013,,22148,
,Commentary on the Kāvyālaṃkāravṛtti,,58,,398,
,Drāhyāyaṇaśrautasūtra,,1511,,10724,
,Harivaṃśa,,12731,,85975,
,Hiraṇyakeśiśrautasūtra,,78,,831,
,Jaiminīya-Upaniṣad-Brāhmaṇa,,2939,,22367,
,Jaiminīyaśrautasūtra,,531,,4088,
,Kauśikasūtrakeśavapaddhati,,38,,313,
,Kauṣītakagṛhyasūtra,,88,,641,
,Kauṣītakibrāhmaṇa,,2570,,15331,
,Kaṭhāraṇyaka,,934,,5961,
,Kāṭhakasaṃhitā,,8136,,38894,
,Mānavaśrautasūtra,,155,,1221,
,Mīmāṃsāsūtrabhāṣya,,1759,,16044,
,Saddharmapuṇḍarīkasūtra,,2366,,31908,
,Sāmavidhānabrāhmaṇa,,521,,5185,
,Taittirīyabrāhmaṇa,,3588,,15064,
,Taittirīyāraṇyaka,,1270,,6957,
,Vaikhānasaśrautasūtra,,2525,,26794,
,Vaitānasūtra,,1264,,9422,
,Vasiṣṭhadharmasūtra,,1430,,10009,
,Vājasaneyisaṃhitā (Mādhyandina),,2516,,15687,
,Vārāhaśrautasūtra,,3265,,25108,
,Āpastambadharmasūtra,,1392,,9297,
,Āśvālāyanaśrautasūtra,,679,,6246,
,Śāṅkhāyanaśrautasūtra,,3307,,20886,
,Ṛgvidhāna,,98,,772,
,Ṣaḍviṃśabrāhmaṇa,,1059,,7540,
Cakra ?) on Suśr,,12,,165,,
Comm. on the Kāvyālaṃkāravṛtti,,51,,393,,
Ekākṣarakoṣa,,27,,0,,
Hārāṇacandara on Suśr,,12,,162,,
Khādiragṛhyasūtrarudraskandavyākhyā,,15,,172,,
Nāḍīvijñāna,,7,,0,,
